OBJECTID,zipcode,Rank,Neighborho,IRS_Ratio,HH_Size,Per_White,Per_Colleg,Rent,Index_Scor,IRS_Rati_1,IRS_Rati_2,HH_Incom_2,HH_Size_20,HH_Size_21,Percent_Wh,Percent__1,College_Pe,College__1,Gross_Rent,Gross_Re_1,MedInc4,HHChangAdj,Population,Populati_1,Populati_2,Evaluated
1,90001,37,Florence,-47.007,-2.759,-0.086,1.561,24.858,0.389560915,24.339,12.898,34050,4.35,4.23,0.78,0.69,2.41,3.97,781,975,33279.05739,2.31659989935,54481,56314,3.4,Yes
2,90002,57,Watts/Green Meadows,-44.965,1.683,0.346,1.309,25.733,0.359524514,27.413,15.087,30214,4.16,4.23,0.47,0.81,3,4.31,770,968,31443.73944,-3.91091982665,44584,50098,12.4,Yes
3,90003,33,Florence/Broadway-Manchester,-41.524,3,-0.182,2.798,35.303,0.402007903,31.808,18.6,30016,4,4.12,0.68,0.49,3.3,6.09,786,1064,30720.61042,-2.29360813593,58187,66913,15,Yes
4,90004,15,East Hollywood/Larchmont/Windsor Square,-32.379,-6.873,3.06,11.296,29.716,0.483,2.338,1.581,38493,2.91,2.71,14.3,17.36,22.3,33.59,825,1070,37931.27907,1.48089108454,67850,63547,-6.3,Yes
5,90005,20,Koreatown/Mid-Wilshire,-41.123,-8.214,0.934,7.12,24.864,0.46,4.074,2.399,31214,2.8,2.57,7.56,8.49,19.03,26.15,752,939,30242.19046,3.21342311922,43014,38638,-10.2,Yes
6,90006,18,Pico Union/Harvard Heights,-59.321,-5.74,0.556,5.77,29.007,0.466,19.18,7.802,31403,3.31,3.12,2.83,3.38,9.03,14.8,729,940,28310.63861,10.9229658596,62765,61419,-2.1,Yes
7,90007,32,University Park/Adams-Normandie/Exposition Park,-53.86,5.863,1.152,5.755,39.818,0.402986298,12.396,5.719,22646,3.07,3.25,16.1,17.25,15.76,21.51,742,1038,24256.44188,-6.63923376712,45021,43779,-2.8,Yes
8,90008,102,Baldwin Hills/Crenshaw/Leimert Park,-11.265,3.947,0.023,2.135,20.49,0.251250463,1.7,1.508,36180,2.28,2.37,2.01,2.03,24.92,27.05,857,1032,41891.99144,-13.6350439396,30840,33012,7,Yes
9,90010,22,Koreatown,14.734,-12.376,-24.633,9.41,101.817,0.437,0.392,0.449,47308,2.02,1.77,40.19,15.56,38.49,47.9,811,1637,44106.74591,7.25796932862,1943,3792,95.2,Yes
10,90011,41,Historic South Central/Central Alameda/South Park,-59.591,-1.72,-0.426,0.455,30.377,0.38698668,37.713,15.239,29889,4.65,4.57,0.89,0.46,2.78,3.24,762,993,32789.63927,-8.84620671217,101214,102926,1.7,Yes
11,90012,7,Chinatown/Arts District,-48.23,-4.741,3.89,14.298,43.928,0.548,2.572,1.331,29492,2.32,2.21,12.54,16.43,12.92,27.22,775,1116,27704.36504,6.45253900394,30577,30029,-1.8,Yes
12,90013,2,Downtown/Arts District,-37.339,-1.55,5.306,19.56,74.469,0.68,1.625,1.019,21120,1.29,1.27,20.81,26.12,14.37,33.93,393,686,12173.58835,73.49034149,9727,10575,8.7,Yes
13,90014,1,Downtown,-58.747,7.317,26.815,29.511,108.064,0.814,1.978,0.816,17134,1.23,1.32,15.34,42.15,8.71,38.22,296,615,11868.38941,44.3666820164,3518,6659,89.3,Yes
14,90015,4,Downtown/Pico Union,-72.601,-16.892,5.964,13.476,46.151,0.649,5.086,1.393,28953,2.96,2.46,5.6,11.56,10.92,24.4,593,866,25478.61241,13.6364866897,15134,18226,20.4,Yes
15,90016,30,West Adams/Mid-City/Baldwin Hills,-45.588,-3.158,1.752,6.073,25.786,0.41,4.033,2.195,38050,2.85,2.76,3.11,4.86,12.75,18.82,863,1086,39976.93683,-4.8201212569,46968,47786,1.7,Yes
16,90017,3,Westlake/Downtown,-55.714,-18.627,8.944,18.207,59.384,0.661,3.744,1.658,21009,3.06,2.49,3.49,12.44,3.98,22.19,532,848,20411.21019,2.92873281121,20689,23719,14.6,Yes
17,90018,35,Jefferson Park/Adams-Normandie/Exposition Park,-44.713,1.316,1.766,4.009,24.933,0.394230138,7.223,3.993,32104,3.04,3.08,2.6,4.37,10.19,14.2,774,967,32715.40169,-1.8688497112,47127,48852,3.7,Yes
18,90019,21,Mid-Wilshire/Mid-City/Arlington Heights,-40.641,-3.226,5.563,9.109,28.594,0.441,2.312,1.372,43244,2.79,2.7,8.72,14.28,21.25,30.36,883,1135,43306.62977,-0.144619358127,67510,67606,0.1,Yes
19,90020,16,Koreatown/Windsor Square/Hancock Park,-36.953,-3.213,1.557,7.97,30.439,0.472,3.283,2.07,37121,2.49,2.41,9.77,11.33,29.47,37.44,858,1119,33280.43216,11.5400179347,42383,39102,-7.7,Yes
20,90021,80,Downtown,-47.336,-13.529,2.552,2.806,-1.732,0.318654143,2.025,1.067,12748,1.7,1.47,15.54,18.09,14.44,17.25,415,408,17944.87281,-28.960209777,3003,2913,-3,Yes
21,90023,26,Boyle Heights,-48.878,-5.239,1.002,2.859,15.228,0.428,14.941,7.638,37082,4.39,4.16,1.36,2.36,3.64,6.5,833,960,36959.31668,0.331941526577,47468,45886,-3.3,Yes
22,90024,106,Westwood,6.639,9.137,-5.184,5.384,14.487,0.22227881,0.121,0.129,59125,1.97,2.15,61.29,56.1,66.22,71.61,1626,1862,65401.93321,-9.59747350257,44141,50117,13.5,Yes
23,90025,48,Sawtelle/West LA/Century City,-16.215,7.368,-5.114,9.811,22.166,0.376216783,0.247,0.207,71278,1.9,2.04,58.93,53.82,55.51,65.32,1317,1609,65722.25462,8.45337003747,41170,45284,10,Yes
24,90026,5,Silver Lake/Echo Park/Westlake,-47.505,-9.459,9.165,13.883,36.727,0.587,2.548,1.338,46435,2.96,2.68,14.1,23.26,20.95,34.83,800,1094,39388.53527,17.889633828,73671,67986,-7.7,Yes
25,90027,13,Los Feliz,-27.077,-5.093,6.953,12.491,37.044,0.52,0.981,0.715,50316,2.16,2.05,51.85,58.8,35.85,48.34,889,1219,43745.1814,15.0206683107,48715,46025,-5.5,Yes
26,90028,6,Hollywood,-44.776,-10.945,8.745,14.681,37.838,0.57,3.566,1.969,31742,2.01,1.79,41.39,50.14,26,40.68,825,1137,30097.83961,5.46271895692,30562,29994,-1.9,Yes
27,90029,10,East Hollywood/Silver Lake,-48.302,-8,3.821,11.634,25.779,0.537,6.703,3.466,35253,3,2.76,18.11,21.93,14.48,26.12,777,977,30304.05511,16.3309658461,41697,40161,-3.7,Yes
28,90031,17,Frog Town/Lincoln Heights/Montecito Heights,-52.742,-4.607,0.939,6.792,27.1,0.469,7.076,3.344,34656,3.69,3.52,3.82,4.76,7.28,14.07,784,996,34781.681,-0.361342512456,38409,39333,2.4,Yes
29,90032,25,El Sereno/Montecito Heights,-41.53,-1.099,1.718,3.979,30.188,0.429,3.274,1.914,45208,3.64,3.6,5.09,6.81,10.18,14.15,837,1090,45979.18265,-1.67724305991,46942,47309,0.8,Yes
30,90033,45,Boyle Heights,-49.444,-2.618,0.095,3.39,23.914,0.379584599,14.945,7.556,27190,3.82,3.72,2.07,2.17,4.56,7.95,733,908,30834.71633,-11.8201714295,49418,48567,-1.7,Yes
31,90034,23,Palms/Mid-City/Beverlywood,-30.01,0.893,3.273,10.81,26.055,0.434,0.785,0.55,56743,2.24,2.26,35.07,38.34,40.62,51.43,1112,1402,51184.06187,10.8606818742,58199,58968,1.3,Yes
32,90035,56,Mid-City/Carthay/Pico-Robertson/Beverlywood,-13.585,9.005,-0.934,11.72,25.258,0.36013532,0.338,0.292,75327,2.11,2.3,68.65,67.72,48.01,59.73,1340,1679,68757.74678,9.55420083939,27792,31399,13,Yes
33,90036,46,Fairfax/Mid-Wilshire/Hancock Park,-16.742,3.704,-5.84,7.325,26.786,0.379542941,0.305,0.254,71049,1.89,1.96,67.31,61.47,58.39,65.72,1434,1818,65639.76842,8.2407840707,32885,36425,10.8,Yes
34,90037,59,Vermont Square/Exposition Park/Vermont-Slauson/South Park/Historic South Central,-50.042,0,0.374,1.994,29.899,0.357265355,28.642,14.309,26638,3.77,3.77,1.38,1.75,3.96,5.95,738,959,27873.46175,-4.4323943724,56691,61536,8.5,Yes
35,90038,8,Hollywood,-54.005,-7.17,6.787,12.725,29.701,0.545,5.474,2.518,33850,2.65,2.46,22.04,28.83,16.18,28.9,799,1036,32040.38962,5.647903791,32557,28798,-11.5,Yes
36,90039,11,Silver Lake/Atwater Village/Frog Town/Echo Park,-35.495,-9.843,8.103,11.597,31.8,0.528,0.704,0.454,67170,2.54,2.29,29.74,37.84,32.6,44.19,1009,1330,62710.13355,7.1118752226,29306,27843,-5,Yes
37,90041,51,Eagle Rock,-30.104,-0.355,0.339,11.944,27.504,0.374849079,0.628,0.439,64545,2.82,2.81,30.06,30.4,31.07,43.01,940,1199,66592.48403,-3.07464732668,27864,28439,2.1,Yes
38,90042,14,Highland Park/Montecito Heights,-43.971,-6.422,2.485,8.266,35.832,0.496,2.154,1.207,51427,3.27,3.06,12.44,14.92,17.03,25.29,861,1169,49579.70528,3.72590903792,64660,61034,-5.6,Yes
39,90043,64,Hyde Park,-23.007,-5.694,1.061,1.109,23.799,0.347465267,1.995,1.536,38738,2.81,2.65,2.59,3.65,19.79,20.9,830,1028,46837.03913,-17.2919537196,44761,43118,-3.7,Yes
40,90044,43,Vermont Vista/Vermont Knowles/Vermont Slauson,-37.141,-4.225,0.031,3.477,28.3,0.380638725,14.671,9.222,28344,3.55,3.4,1.11,1.14,4.81,8.29,769,986,30370.04407,-6.67119239383,87366,88412,1.2,Yes
41,90045,53,Westchester,-17.085,1.261,-0.975,11.399,42.277,0.37338851,0.236,0.196,78082,2.38,2.41,52.17,51.2,41.33,52.73,1188,1690,77765.23982,0.407328750909,39315,41453,5.4,Yes
42,90046,29,Hollywood/Hollywood Hills West/Bevelry Grove,-17.73,1.163,-5.839,10.629,32.02,0.414,0.472,0.388,56337,1.72,1.74,80.87,75.03,48.41,59.04,1063,1403,51413.64846,9.57596219578,49831,51329,3,Yes
43,90047,67,Manchester Square/Chesterfield Square,-31.418,-2.99,0.068,4.629,21.456,0.342877305,3.833,2.629,40528,3.01,2.92,1.11,1.18,10.97,15.6,883,1072,48312.16734,-16.1122296278,47105,46999,-0.2,Yes
44,90048,27,Beverly Grove,-15.422,4.598,-3.125,15.226,25.423,0.424,0.243,0.206,72913,1.74,1.82,80.69,77.56,50.93,66.15,1351,1695,64868.52245,12.4012036134,21724,22409,3.2,Yes
45,90049,78,Brentwood,5.687,5.025,-4.254,7.784,18.611,0.321934404,0.076,0.08,116732,1.99,2.09,84.38,80.13,70.03,77.81,1578,1872,115950.85134,0.673689456328,33520,35262,5.2,Yes
46,90056,104,Westchester,7.841,0,-4.293,5.013,24.232,0.247346037,0.252,0.272,76688,2.36,2.36,16.31,12.02,49.8,54.82,1177,1462,99248.77061,-22.7315365937,8108,8380,3.4,Yes
47,90057,31,Westlake,-38.126,-3.448,-0.778,4.082,25.599,0.409782845,11.254,6.964,26940,2.9,2.8,5.52,4.74,12.72,16.8,694,872,27132.46072,-0.709337505308,43986,45747,4,Yes
48,90059,47,Watts/Green Meadows,-44.213,6.931,0.247,1.752,30.783,0.377354799,18.051,10.07,33678,4.04,4.32,0.71,0.96,5.03,6.78,687,899,30452.53027,10.5917954975,38123,42470,11.4,Yes
49,90061,66,Broadway-Manchester/Vermont Vista/Green Meadows/Harbor Gateway,-33.233,-2.584,0.269,1.585,40.922,0.344652908,11.754,7.848,34566,3.87,3.77,0.8,1.07,5.89,7.47,791,1114,36361.29173,-4.93737060644,24503,28641,16.9,Yes
50,90062,58,Exposition Park/Vermont Square,-52.422,4.532,-0.947,-0.313,23.216,0.357305682,11.971,5.696,32067,3.31,3.46,2.05,1.1,6.97,6.66,822,1013,36982.68777,-13.2918618586,29279,32675,11.6,Yes
51,90063,34,Boyle Heights,-50.67,-5.634,0.02,1.939,26.079,0.398718955,11.082,5.467,39206,4.26,4.02,1.01,1.03,3.6,5.54,804,1014,41482.30998,-5.48742338866,55666,54353,-2.4,Yes
52,90064,42,Sawtelle/West LA/Cheviot Hills/Rancho Park,-3.672,8.072,-3.512,12.381,36.737,0.385750485,0.177,0.171,86573,2.23,2.41,64.05,60.54,50.55,62.94,1236,1690,82380.34271,5.08939044446,24489,25788,5.3,Yes
53,90065,19,Glassell Park/Cypress Park/Mt Washington,-35.66,-6.97,3.471,6.413,29.055,0.462,1.266,0.815,52794,3.3,3.07,15.7,19.17,21.09,27.5,865,1116,52613.82267,0.342452459936,47524,46254,-2.7,Yes
54,90066,36,Mar Vista/Del Rey/Playa Vista,-21.672,1.695,0.647,12.384,33.726,0.392235428,0.39,0.306,68346,2.36,2.4,45.58,46.23,37.84,50.22,1072,1434,61987.00453,10.2585945525,55194,58337,5.7,Yes
55,90067,107,Century City,7.871,1.258,-4.565,13.367,-9.361,0.21846303,0.041,0.044,89500,1.59,1.61,86.16,81.6,46.37,59.74,2207,2000,102874.0391,-13.0004024504,2524,2364,-6.3,Yes
56,90068,60,Hollywood Hills,1.967,2.299,-4.039,9.933,28.314,0.35704049,0.238,0.243,73373,1.74,1.78,76.06,72.02,54.94,64.87,1125,1443,72711.5853,0.909641424088,21713,21943,1.1,Yes
57,90069,55,Hollywood Hills West,-4.871,5.333,-9.734,9.839,27.17,0.363640167,0.207,0.197,78607,1.5,1.58,82.68,72.95,52.79,62.63,1235,1570,70408.84555,11.6436427639,20395,20426,0.2,Yes
58,90077,111,Bel Air,21.945,2.429,-1.88,3.738,-3.531,0.140502073,0.054,0.066,172443,2.47,2.53,83.84,81.96,70.81,74.55,2073,2000,194567.07379,-11.370923846,10465,8328,-20.4,Yes
59,90094,95,Playa Vista/Playa del Rey,-17.259,0,0,0,0,0.2643746,0.118,0.098,96010,0,2.02,0,44.52,0,80.47,0,2000,0,0,0,6062,0,Yes
60,90210,110,Beverly Crest,47.208,4.858,-2.47,3.883,11.305,0.173520052,0.073,0.108,138750,2.47,2.59,84.82,82.35,55.46,59.35,1797,2000,154760.60844,-10.3454028783,21396,21478,0.4,Yes
61,90230,44,Del Rey/Playa Vista,-17.091,0,-1.107,9.39,31.168,0.380003573,0.373,0.31,73786,2.46,2.46,39.36,38.25,38.9,48.29,1167,1531,70491.33175,4.67386296756,31945,33090,3.6,Yes
62,90247,70,Harbor Gateway,-24.572,-1.365,-3.363,7.704,14.718,0.339079969,2.072,1.563,42968,2.93,2.89,9.38,6.01,14.67,22.37,962,1104,48255.80177,-10.957857037,47741,47374,-0.8,Yes
63,90248,85,Harbor Gateway,-15.192,-4.348,-4.092,3.297,20.945,0.306987784,0.783,0.664,51956,2.99,2.86,13.34,9.25,20.11,23.41,938,1134,59286.95625,-12.3652093373,9944,9936,-0.1,Yes
64,90272,90,Pacific Palisades,-8.97,3.265,-3.414,6.524,-13.971,0.282932316,0.061,0.055,157938,2.45,2.53,88.54,85.12,70.27,76.79,2325,2000,168927.61329,-6.50551622436,22538,23497,4.3,Yes
65,90290,0,Mostly not LA (Topanga),3.043,16.735,-7.305,-2.799,19.965,0,0.209,0.215,106750,2.45,2.86,89.9,82.6,60.98,58.18,1635,1961,121888.48297,-12.4199453477,0,0,0,No
66,90291,9,Venice,-34.441,-3.03,6.583,14.551,47.363,0.539,0.423,0.278,81025,1.98,1.92,60.52,67.1,46.83,61.38,1166,1718,62921.84813,28.7708521094,31018,27803,-10.4,Yes
67,90292,84,Del Rey/Venice,-12.967,7.273,-6.384,7.982,0.885,0.307552413,0.131,0.114,103319,1.65,1.77,80.03,73.65,60.26,68.24,1982,2000,99279.01555,4.06932364067,18057,21507,19.1,Yes
68,90293,101,Playa Del Rey,-2.589,1.099,-13.593,1.166,29.695,0.253025,0.13,0.127,84588,1.82,1.84,73.51,59.91,59.68,60.85,1362,1767,91319.09725,-7.37096341587,11252,11997,6.6,Yes
69,90402,83,Pacific Palisades (also Santa Monica),-10.77,-5.628,-5.187,3.935,37.658,0.311337191,0.073,0.065,131607,2.31,2.18,88.35,83.16,70.47,74.4,1343,1849,162983.10781,-19.2511409505,11492,11503,0.1,Yes
70,90501,38,Harbor Gateway,-19.009,0.342,-9.303,9.51,27.134,0.389403327,0.728,0.59,59878,2.92,2.93,33.11,23.81,20.45,29.96,954,1213,57901.18809,3.41411286229,40697,43407,6.7,Yes
71,90502,74,Harbor Gateway,-15.758,-2.397,-9.205,10.494,12.752,0.326947165,0.638,0.538,62533,2.92,2.85,26.95,17.74,22.31,32.8,1207,1361,66815.19677,-6.40901617747,17038,17135,0.6,Yes
72,90710,81,Harbor City,-2.553,1.014,-6.533,5.84,19.87,0.318021238,0.78,0.76,54630,2.96,2.99,26.22,19.68,19.52,25.36,883,1058,58151.39623,-6.05556608834,24640,27550,11.8,Yes
73,90731,71,San Pedro,-9.47,2.281,-5.171,3.953,19.46,0.333621156,0.97,0.878,49786,2.63,2.69,36.71,31.53,17.48,21.43,942,1125,49367.9907,0.846721314911,58622,62348,6.4,Yes
74,90732,99,San Pedro,10.368,-3.347,-9.098,0.738,26.916,0.254646011,0.151,0.167,84537,2.39,2.31,66.01,56.91,35.79,36.53,1331,1689,87454.61878,-3.33615173298,21264,19810,-6.8,Yes
75,90744,73,Wilmington,-21.383,8.158,-2.342,0.439,28.139,0.327920144,3.142,2.47,41578,3.8,4.11,6.89,4.54,6.08,6.52,796,1020,41599.16543,-0.0508794582324,53308,58061,8.9,Yes
76,91040,79,Shadow Hills/Sunland,-0.453,2.672,-6.68,5.285,21.161,0.32112171,0.39,0.388,70830,2.62,2.69,68.42,61.74,22.99,28.28,975,1181,71342.31438,-0.718107317449,18748,20017,6.8,Yes
77,91042,76,Tujunga,-13.842,4.833,-2.809,2.36,25.838,0.323330061,0.756,0.651,57640,2.69,2.82,60.41,57.61,22.3,24.66,911,1147,58952.88714,-2.2270107601,26738,28126,5.2,Yes
78,91303,40,Canoga Park,-24.875,-3.859,-3.752,8.016,24.147,0.387606963,2.115,1.589,46187,3.11,2.99,24.96,21.21,15.98,24,994,1234,50548.91813,-8.62910284011,23508,27827,18.4,Yes
79,91304,96,West Hills/Canoga Park,1.571,6.485,-11.734,3.649,19.598,0.260517098,0.631,0.641,58361,2.93,3.12,46.38,34.65,25.21,28.85,1001,1197,66060.44804,-11.6551556467,49226,53517,8.7,Yes
80,91306,98,Winnetka,-9.703,6.27,-12.163,0.507,19.365,0.257260568,0.989,0.893,60959,3.19,3.39,37.61,25.45,22.58,23.09,965,1152,67451.71528,-9.62572301245,43846,48707,11.1,Yes
81,91307,91,West Hills,-1.012,2.431,-7.898,5.923,7.125,0.281285559,0.179,0.177,98655,2.88,2.95,70.64,62.74,38.73,44.65,1867,2000,101831.96344,-3.11980966749,23622,25597,8.4,Yes
82,91311,103,Chatsworth,16.232,5.747,-14.403,6.31,15.808,0.248665727,0.262,0.304,80279,2.61,2.76,65.51,51.11,34.46,40.77,1224,1417,85606.9279,-6.22371113028,35317,37769,6.9,Yes
83,91316,82,Encino,8.501,4.63,-5.543,10.251,22.069,0.312115725,0.305,0.331,62016,2.16,2.26,76.84,71.3,41.24,51.49,1192,1455,67543.82487,-8.184056619,27595,28190,2.2,Yes
84,91324,89,Northridge,-0.96,3.46,-9.11,3.882,33.719,0.294926345,0.572,0.566,58993,2.89,2.99,45.51,36.4,31.92,35.8,1046,1399,68684.88397,-14.1106505679,25731,29178,13.4,Yes
85,91325,105,Northridge/Lake Balboa,3.545,4.545,-11.07,1.396,24.082,0.246629736,0.497,0.515,57883,2.64,2.76,51.81,40.74,36.38,37.78,1052,1305,67164.38835,-13.8189129359,32300,32823,1.6,Yes
86,91326,87,Porter Ranch/Chatsworth,14.536,2.778,-11.255,4.308,54.741,0.301880468,0.136,0.156,98831,2.88,2.96,60.21,48.96,49.85,54.16,1155,1787,113157.3187,-12.6605321375,28049,36024,28.4,Yes
87,91331,39,Pacoima/Arleta,-41.951,1.101,-2.58,2.293,42.606,0.389150288,5.713,3.316,51345,4.54,4.59,6.88,4.3,6.02,8.31,906,1292,53925.35325,-4.78504654024,97300,102367,5.2,Yes
88,91335,86,Reseda/Tarzana,-18.602,8.852,-9.137,3.136,25.836,0.30520815,1.649,1.342,51398,3.05,3.32,39.12,29.98,19.63,22.77,962,1211,56079.61784,-8.34816288042,68002,77952,14.6,Yes
89,91342,68,Lake View Terrace,-21.963,1.892,-8.114,4.292,28.539,0.341840752,1.307,1.02,60899,3.7,3.77,22.15,14.03,12.79,17.09,1021,1313,67011.78888,-9.12196045228,81970,91701,11.9,Yes
90,91343,69,North Hills/Northridge,-13.501,5.797,-6.942,4.583,33.659,0.340536908,1.229,1.063,55238,3.45,3.65,27.52,20.58,19.1,23.69,872,1165,57446.13922,-3.84384268461,57001,61976,8.7,Yes
91,91344,94,Granada Hills,2.058,4.73,-9.658,2.406,22.665,0.265810788,0.329,0.336,77247,2.96,3.1,55.94,46.28,32.92,35.33,1254,1538,89287.18719,-13.4847872006,48863,53165,8.8,Yes
92,91345,92,Mission Hills,-9.908,2.402,-7.262,3.995,8.942,0.272582157,0.975,0.878,60148,3.33,3.41,27.24,19.98,16.01,20,1213,1321,72317.02631,-16.827332277,17102,18196,6.4,Yes
93,91352,50,Shadow Hills/Sun Valley,-23.168,-4.359,-2.883,3.788,28.733,0.375729519,2.503,1.923,49088,3.9,3.73,21.31,18.43,10.44,14.23,902,1161,56808.24594,-13.5900093591,46624,46874,0.5,Yes
94,91356,97,Tarzana,16.684,7.787,-5.558,3.719,13.858,0.257395231,0.308,0.359,69148,2.44,2.63,72.88,67.33,42.07,45.79,1094,1246,70690.6734,-2.1822870342,27407,29847,8.9,Yes
95,91364,108,Woodland Hills,13.332,3.252,-9.578,0.723,12.526,0.216495186,0.16,0.182,93919,2.46,2.54,80.12,70.54,51.54,52.26,1609,1810,109175.98478,-13.9746710879,25985,26975,3.8,Yes
96,91367,100,Woodland Hills,23.684,4.783,-11.086,7.211,19.038,0.254493646,0.182,0.226,77152,2.3,2.41,77.84,66.75,45.29,52.5,1475,1756,84350.38812,-8.53391226814,36106,42029,16.4,Yes
97,91401,54,Valley Glen/Van Nuys/Sherman Oaks,-20.33,-1.449,1.305,5.463,27.971,0.366995549,1.248,0.994,48994,2.76,2.72,40.76,42.07,25.71,31.17,920,1177,48670.98231,0.663676126244,40372,40503,0.3,Yes
98,91402,75,Panorama City,-28.188,2.66,-3.01,2.128,26.253,0.324217164,4.51,3.239,39009,3.76,3.86,11.62,8.61,14.2,16.32,843,1064,44674.52592,-12.6817818507,66241,70781,6.9,Yes
99,91403,72,Encino/Sherman Oaks,6.351,5.556,-2.233,8.252,21.984,0.328417845,0.214,0.227,75334,1.98,2.09,77,74.76,50.89,59.15,1281,1563,73682.17292,2.24182731662,22079,24353,10.3,Yes
100,91405,62,Van Nuys,-26.01,4.531,2.723,4.063,24.876,0.352985865,3.634,2.688,38162,3.09,3.23,23.65,26.37,15.81,19.87,859,1073,40771.55389,-6.40042784987,51344,53406,4,Yes
101,91406,63,Van Nuys/Lake Balboa,-20.195,4.124,-3.317,3.986,21.051,0.350838641,1.485,1.185,50381,2.91,3.03,32.78,29.46,19.01,23,933,1130,51111.19906,-1.42864787645,50041,53528,7,Yes
102,91411,49,Van Nuys/Sherman Oaks,-17.436,-2.622,2.227,10.164,26.392,0.375914831,1.386,1.145,43758,2.67,2.6,33.74,35.97,20.77,30.94,917,1159,47107.86882,-7.11106000741,23641,24146,2.1,Yes
103,91423,77,Sherman Oaks,11.167,8.122,-5.982,10.726,21.557,0.32303091,0.246,0.273,75671,1.97,2.13,76.49,70.51,46.06,56.79,1221,1484,72398.13774,4.52064426264,29370,32130,9.4,Yes
104,91436,93,Encino,7.08,-1.569,-2.914,7.104,15.457,0.267151132,0.07,0.074,128060,2.55,2.51,87.23,84.32,56.77,63.87,1732,2000,141122.89004,-9.25639351369,13109,14563,11.1,Yes
105,91504,88,Shadow Hills/Sun Valley,-11.579,0.749,-1.086,6.304,24.653,0.300411189,0.405,0.358,71296,2.67,2.69,55.02,53.93,30.53,36.83,1071,1335,76730.03801,-7.08202178825,25872,25544,-1.3,Yes
106,91601,12,North Hollywood/Valley Village/Toluca Lake,-36.369,-6.024,5.214,13.077,37.175,0.525,1.905,1.212,47202,2.49,2.34,34.03,39.25,22.77,35.84,916,1256,43540.34067,8.40980863644,36616,38781,5.9,Yes
107,91602,52,Toluca Lake/North Hollywood/Studio City,-27.25,6.593,-3.989,8.067,28.026,0.373418472,0.405,0.295,63544,1.82,1.94,69.59,65.6,45.83,53.89,1123,1438,65973.83753,-3.68303197293,16978,18315,7.9,Yes
108,91604,65,Studio City,9.47,7.407,-7.723,10.534,32.574,0.346344528,0.181,0.198,90528,1.89,2.03,81.42,73.69,50.51,61.05,1263,1675,82897.25623,9.20506192488,26137,29072,11.2,Yes
109,91605,24,Sun Valley/Valley Glen/North Hollywood,-25.238,-4.065,4.123,5.677,31.483,0.433,3.503,2.619,43707,3.69,3.54,18.78,22.9,12.68,18.36,829,1090,44223.60136,-1.16815759937,57129,56060,-1.9,Yes
110,91606,28,North Hollywood/Valley Glen,-28.378,-2.288,3.532,6.882,27.66,0.422,2.833,2.029,42195,3.06,2.99,29.54,33.07,14.76,21.65,881,1125,43725.93462,-3.50120502467,45348,45467,0.3,Yes
111,91607,61,Valley Village/Valley Glen,-8.984,3.318,-3.076,9.229,27.167,0.356460377,0.567,0.516,52274,2.11,2.18,64.72,61.64,35.56,44.78,1005,1278,55767.54505,-6.26447703027,27439,29591,7.8,Yes
112,90058,0,"Mostly not LA  (Vernon, some Central Alameda)
(Vernon (some Central Alameda)",0,0,0,0,0,0,0,0,0,0,0,0,0,0,0,0,0,0,0,3624,2748,-24.2,No
113,90071,0,Downtown (very small residential population),0,0,0,0,0,0,0,0,0,0,0,0,0,0,0,0,0,0,0,6,0,-100,No
114,90073,0,Mostly not LA (VA),0,0,0,0,0,0,0,0,0,0,0,0,0,0,0,0,0,0,0,0,801,0,No
115,90089,0,USC,0,0,0,0,0,0,0,0,0,0,0,0,0,0,0,0,0,0,0,0,3326,0,No
116,90095,0,UCLA,0,0,0,0,0,0,0,0,0,0,0,0,0,0,0,0,0,0,0,0,0,0,No
117,90211,0,Mostly not LA (Beverly Hills),0,0,0,0,0,0,0,0,0,0,0,0,0,0,0,0,0,0,0,8313,8080,-2.8,No
118,90212,0,Mostly not LA (Beverly Hills),0,0,0,0,0,0,0,0,0,0,0,0,0,0,0,0,0,0,0,11347,12415,9.4,No
119,90232,0,Mostly not LA (Culver City w/ some Palms),0,0,0,0,0,0,0,0,0,0,0,0,0,0,0,0,0,0,0,15175,15353,1.2,No
120,90245,0,Mostly not LA (El Segundo),0,0,0,0,0,0,0,0,0,0,0,0,0,0,0,0,0,0,0,16033,16839,5,No
121,90262,0,Mostly not LA (Lynwood),0,0,0,0,0,0,0,0,0,0,0,0,0,0,0,0,0,0,0,69830,70650,1.2,No
122,90265,0,Mostly not LA (Malibu),0,0,0,0,0,0,0,0,0,0,0,0,0,0,0,0,0,0,0,19614,17660,-10,No
123,90275,0,Mostly not LA (Rancho Palos Verdes),0,0,0,0,0,0,0,0,0,0,0,0,0,0,0,0,0,0,0,41261,42420,2.8,No
124,90280,0,Mostly not LA (South Gate),0,0,0,0,0,0,0,0,0,0,0,0,0,0,0,0,0,0,0,96260,95515,-0.8,No
125,90301,0,Mostly not LA (Inglewood),0,0,0,0,0,0,0,0,0,0,0,0,0,0,0,0,0,0,0,37507,36714,-2.1,No
126,90302,0,Mostly not LA (Inglewood),0,0,0,0,0,0,0,0,0,0,0,0,0,0,0,0,0,0,0,30770,30219,-1.8,No
127,90304,0,Mostly not LA (Lennox),0,0,0,0,0,0,0,0,0,0,0,0,0,0,0,0,0,0,0,28679,26936,-6.1,No
128,90305,0,Mostly not LA (Inglewood),0,0,0,0,0,0,0,0,0,0,0,0,0,0,0,0,0,0,0,13763,15501,12.6,No
129,90403,0,Mostly not LA (Santa Monica),0,0,0,0,0,0,0,0,0,0,0,0,0,0,0,0,0,0,0,23556,25116,6.6,No
130,90404,0,Mostly not LA (Santa Monica),0,0,0,0,0,0,0,0,0,0,0,0,0,0,0,0,0,0,0,19956,21641,8.4,No
131,90405,0,Mostly not LA (Santa Monica),0,0,0,0,0,0,0,0,0,0,0,0,0,0,0,0,0,0,0,26089,28535,9.4,No
132,90504,0,Mostly not LA (Torrance),0,0,0,0,0,0,0,0,0,0,0,0,0,0,0,0,0,0,0,31664,32777,3.5,No
133,90717,0,Mostly not LA (Lomita),0,0,0,0,0,0,0,0,0,0,0,0,0,0,0,0,0,0,0,21060,21612,2.6,No
134,90745,0,Mostly not LA (Carson),0,0,0,0,0,0,0,0,0,0,0,0,0,0,0,0,0,0,0,55473,57727,4.1,No
135,90802,0,Mostly not LA (Long Beach),0,0,0,0,0,0,0,0,0,0,0,0,0,0,0,0,0,0,0,38419,38816,1,No
136,90810,0,Mostly not LA (Carson),0,0,0,0,0,0,0,0,0,0,0,0,0,0,0,0,0,0,0,35637,36736,3.1,No
137,90813,0,Mostly not LA (Long Beach),0,0,0,0,0,0,0,0,0,0,0,0,0,0,0,0,0,0,0,63129,60017,-4.9,No
138,91030,0,Mostly not LA (South Pasadena),0,0,0,0,0,0,0,0,0,0,0,0,0,0,0,0,0,0,0,23975,25914,8.1,No
139,91105,0,Mostly not LA (Pasadena),0,0,0,0,0,0,0,0,0,0,0,0,0,0,0,0,0,0,0,10245,11373,11,No
140,91201,0,Mostly not LA (Burbank),0,0,0,0,0,0,0,0,0,0,0,0,0,0,0,0,0,0,0,23978,22985,-4.1,No
141,91202,0,Mostly not LA (Glendale),0,0,0,0,0,0,0,0,0,0,0,0,0,0,0,0,0,0,0,21971,23007,4.7,No
142,91204,0,Mostly not LA (Glendale),0,0,0,0,0,0,0,0,0,0,0,0,0,0,0,0,0,0,0,16997,16292,-4.1,No
143,91205,0,"Mostly not LA (Glendale, with some Glassell Park)",0,0,0,0,0,0,0,0,0,0,0,0,0,0,0,0,0,0,0,41381,38138,-7.8,No
144,91206,0,Mostly not LA (Glendale),0,0,0,0,0,0,0,0,0,0,0,0,0,0,0,0,0,0,0,31284,33706,7.7,No
145,91214,0,Mostly not LA (LA Crescenta),0,0,0,0,0,0,0,0,0,0,0,0,0,0,0,0,0,0,0,29101,31078,6.8,No
146,91302,0,Mostly not LA (Calabasas),0,0,0,0,0,0,0,0,0,0,0,0,0,0,0,0,0,0,0,23644,25165,6.4,No
147,91321,0,Mostly not LA (Santa Clarita),0,0,0,0,0,0,0,0,0,0,0,0,0,0,0,0,0,0,0,30727,34576,12.5,No
148,91330,0,Cal State Northridge,0,0,0,0,0,0,0,0,0,0,0,0,0,0,0,0,0,0,0,0,2708,0,No
149,91340,0,"Mostly not LA (San Fernando, with some Pacoima)",0,0,0,0,0,0,0,0,0,0,0,0,0,0,0,0,0,0,0,33373,35455,6.2,No
150,91505,0,Mostly not LA (Burbank),0,0,0,0,0,0,0,0,0,0,0,0,0,0,0,0,0,0,0,29235,31133,6.5,No
151,91506,0,Mostly not LA (Burbank),0,0,0,0,0,0,0,0,0,0,0,0,0,0,0,0,0,0,0,18530,18428,-0.6,No
152,91522,0,Mostly not LA (Burbank),0,0,0,0,0,0,0,0,0,0,0,0,0,0,0,0,0,0,0,0,0,0,No
153,91608,0,Mostly not LA (Universal City),0,0,0,0,0,0,0,0,0,0,0,0,0,0,0,0,0,0,0,0,0,0,No
154,91801,0,Mostly not LA (Alhambra),0,0,0,0,0,0,0,0,0,0,0,0,0,0,0,0,0,0,0,54381,53792,-1.1,No
155,91803,0,Mostly not LA (Alhambra),0,0,0,0,0,0,0,0,0,0,0,0,0,0,0,0,0,0,0,30629,30586,-0.1,No
