 ZCTA5,Median Income 2000,Inflation Adjusted 2000,Median Income 2014,percent change,gentrified,autocustomization,autopartssupplies,barbers,barreclasses,bars,beergardens,bespoke,bikes,blowoutservices,bodyshops,bootcamps,breakfast_brunch,breweries,cafes,cannabis_clinics,cannabisdispensaries,carshares,cocktailbars,coffee,coffeeroasteries,cyclingclasses,divebars,dog_parks,doulas,empanadas,foodbanks,galleries,hairstylists,healthmarkets,homelessshelters,intlgrocery,juicebars,kombucha,mexican,movietheaters,musicvenues,organic_stores,paintandsip,pawn,pets,pubs,skate_parks,tattoo,thrift_stores
94102,22351.00,30725.88,24127.00,-0.21,N,0,0,9,2,19,0,3,0,4,8,0,20,0,22,1,0,1,19,64,0,0,5,0,0,0,0,50,22,1,1,0,3,0,19,0,20,0,0,0,0,4,0,3,0
94103,31131.00,42795.72,41612.00,-0.03,N,0,6,7,2,21,0,2,1,0,30,4,23,3,21,18,0,0,12,66,0,0,11,1,0,3,0,69,18,0,1,0,12,0,33,0,19,0,1,5,0,0,3,9,0
94104,14609.00,20082.96,80341.00,3.00,Y,0,0,10,0,3,0,0,0,3,0,0,4,0,3,0,0,0,1,20,0,0,1,0,1,0,0,7,9,0,0,0,6,0,3,0,0,0,0,0,0,0,0,0,0
94105,88976.00,122315.13,170656.00,0.40,N,0,0,1,1,7,0,0,1,0,0,0,11,2,7,6,0,0,7,45,2,2,2,0,1,0,0,18,5,0,0,0,9,0,16,0,5,1,0,0,1,2,0,1,0
94107,61362.00,84354.22,120610.00,0.43,N,0,1,3,1,18,0,1,6,0,22,7,14,11,10,2,0,0,6,33,0,3,1,1,1,0,1,30,7,4,0,0,2,1,14,0,7,0,1,0,0,1,0,1,1
94108,31542.00,43360.72,36875.00,-0.15,N,0,0,16,0,5,0,6,0,8,0,1,8,0,9,1,0,1,9,37,0,0,4,0,0,0,0,43,54,3,0,2,4,0,4,0,0,0,0,2,0,3,0,1,0
94109,43444.00,59722.38,63173.00,0.06,N,0,0,9,0,21,1,1,0,3,19,7,16,1,22,4,0,0,12,37,0,0,8,1,3,0,0,39,23,5,1,0,7,0,8,0,7,0,0,0,0,6,0,3,0
94110,53795.00,73951.88,84488.00,0.14,N,0,4,18,1,36,0,1,1,0,15,3,23,2,16,7,0,0,13,52,0,0,24,1,7,2,0,59,14,3,0,0,9,0,76,1,10,1,0,5,0,8,0,23,3
94111,56569.00,77765.29,103472.00,0.33,N,0,0,10,1,11,0,3,2,0,0,4,5,0,11,2,0,0,0,46,0,0,0,0,0,0,0,7,7,2,0,0,4,0,15,0,2,0,0,0,0,5,0,0,0
94112,57629.00,79222.47,71505.00,-0.10,N,1,2,15,0,4,1,0,0,0,6,0,3,0,1,8,0,0,0,15,0,0,6,2,4,0,0,2,6,0,0,0,0,0,15,0,0,0,0,0,0,1,1,6,0
94114,75727.00,104101.76,122970.00,0.18,N,0,0,17,0,3,0,0,0,1,2,3,14,1,2,6,0,0,4,27,0,1,3,2,2,0,0,6,11,6,0,0,5,0,10,0,2,0,0,0,0,3,0,8,0
94115,54879.00,75442.05,85330.00,0.13,N,0,2,6,0,6,0,0,0,4,3,0,0,1,9,0,0,0,0,24,0,0,1,0,1,1,0,11,9,1,0,1,1,0,3,0,2,0,0,0,0,1,0,0,0
94116,66627.00,91592.00,84828.00,-0.07,N,0,1,6,0,4,0,0,0,0,1,0,4,0,0,0,0,0,0,8,0,0,0,0,4,0,0,3,3,0,0,0,0,0,1,0,0,0,0,0,0,4,0,0,0
94117,63983.00,87957.30,103333.00,0.17,N,0,0,10,0,7,0,0,0,0,2,4,11,3,8,8,0,0,4,27,1,0,6,2,6,0,0,7,13,8,0,0,0,0,11,0,6,0,0,0,0,6,1,9,0
94118,61609.00,84693.77,82993.00,-0.02,N,0,0,2,0,8,0,0,0,2,2,0,7,0,7,2,0,0,0,29,0,0,4,0,0,0,0,17,8,0,0,2,0,0,4,0,4,0,0,0,0,6,0,3,0
94121,61776.00,84923.34,70220.00,-0.17,N,0,0,7,0,1,0,0,0,0,0,2,6,2,5,1,0,0,0,18,1,0,2,1,4,0,0,6,4,2,0,0,0,0,5,0,0,0,0,0,0,4,0,0,0
94122,60733.00,83489.53,86070.00,0.03,N,0,1,9,1,3,0,0,0,0,0,3,7,2,6,0,1,0,0,33,0,0,3,2,5,0,0,7,4,3,0,1,6,0,10,0,1,0,0,0,0,4,0,6,1
94123,84710.00,116450.67,121200.00,0.04,N,0,0,9,6,7,0,0,0,4,2,3,11,0,4,1,0,0,8,15,2,1,3,0,1,0,0,8,28,0,0,0,5,0,10,0,0,1,0,1,0,4,0,0,0
94124,37146.00,51064.53,49594.00,-0.03,N,1,8,6,0,2,0,0,1,0,25,0,4,4,4,1,0,0,0,13,0,0,0,0,0,0,0,15,0,1,0,0,1,0,17,0,2,0,0,0,0,0,1,1,2
94127,95313.00,131026.59,131108.00,0.00,N,0,0,5,2,0,0,0,0,1,0,0,4,0,0,0,1,0,0,9,0,0,3,0,1,0,0,0,6,0,0,0,0,0,5,0,1,0,0,2,0,3,0,2,0
94129,73571.00,101137.91,144886.00,0.43,N,0,0,0,0,0,0,0,0,0,0,0,4,0,3,0,0,0,0,5,0,0,0,0,1,0,0,6,0,0,0,0,0,0,1,0,0,0,0,0,0,0,0,0,0
94130,80959.00,111294.18,38077.00,-0.66,N,0,0,0,0,1,0,0,0,0,0,0,0,0,0,0,0,0,0,0,0,0,0,0,0,0,0,0,0,0,0,0,0,0,2,0,0,0,0,0,0,0,0,0,0
94131,76044.00,104537.54,100114.00,-0.04,N,0,0,0,0,0,0,0,0,0,1,0,4,0,0,0,0,0,0,10,0,0,1,3,2,0,0,4,4,0,0,0,1,0,1,0,0,0,0,0,0,0,0,0,0
94132,55000.00,75608.39,66607.00,-0.12,N,0,0,0,0,0,0,0,0,0,1,4,0,0,3,1,0,0,0,16,0,0,0,2,1,0,0,1,1,3,0,0,0,0,6,0,0,0,0,1,0,1,0,0,1
94133,40990.00,56348.87,53150.00,-0.06,N,0,0,6,0,18,0,0,1,0,0,0,15,0,14,0,0,0,10,33,0,1,8,0,0,0,0,25,4,5,0,2,3,0,8,1,5,0,0,0,0,7,0,5,0
94134,54342.00,74703.84,60230.00,-0.19,N,0,4,2,0,2,0,0,0,0,0,0,0,1,2,0,0,0,0,8,0,0,1,0,0,0,0,1,0,2,0,0,0,0,6,0,0,0,0,0,0,0,0,0,0
94577,50888.00,69955.63,64660.00,-0.08,N,2,0,19,23,0,0,0,4,0,12,3,11,3,2,0,0,0,1,16,0,0,4,1,0,0,0,18,1,0,1,25,0,0,0,0,0,1,2,2,0,0,0,1,2
94601,33152.00,45573.99,39601.00,-0.13,N,2,0,10,7,0,4,0,1,0,17,0,5,1,3,3,0,0,0,8,1,0,3,0,1,0,7,6,0,3,0,82,2,0,1,0,0,0,8,2,0,0,1,0,0
94602,55321.00,76049.67,68813.00,-0.10,N,0,0,0,6,0,0,0,0,1,1,0,5,0,2,1,0,0,1,7,0,0,1,2,3,0,2,4,2,0,0,6,0,0,0,0,0,0,3,0,0,0,3,0,5
94603,34755.00,47777.63,40962.00,-0.14,N,0,0,3,5,0,0,0,0,0,5,0,0,0,0,0,0,0,0,1,0,0,0,0,0,0,0,1,0,0,0,10,0,0,0,0,0,0,1,0,0,0,0,0,1
94605,47288.00,65006.72,57610.00,-0.11,N,0,1,3,10,0,1,0,0,0,4,0,2,0,2,1,0,0,0,0,0,0,0,0,0,0,0,3,0,0,0,5,2,0,0,0,0,0,2,1,0,0,0,0,3
94606,32273.00,44365.63,37288.00,-0.16,N,0,0,9,4,0,1,0,1,0,26,0,0,0,2,3,0,0,0,20,0,0,3,0,1,0,5,3,0,0,0,18,2,0,0,0,0,0,2,2,0,0,1,0,3
94607,21124.00,29039.12,34192.00,0.18,Y,1,0,9,5,0,13,0,1,0,6,0,12,4,10,4,0,0,0,33,2,0,1,2,1,0,11,11,3,6,0,18,0,0,0,0,3,0,1,2,3,2,0,4,2
94608,33556.00,46129.37,55959.00,0.21,N,0,0,6,8,0,3,0,3,0,9,2,10,1,0,2,0,0,0,21,3,0,1,0,2,1,11,6,2,3,0,19,0,0,0,0,0,1,0,2,0,1,0,0,15
94609,34398.00,47286.86,56378.00,0.19,N,0,0,0,12,0,3,1,3,0,8,2,6,0,3,3,0,0,4,18,0,0,2,1,4,0,8,7,2,2,0,5,2,0,1,0,3,0,3,1,1,0,3,1,15
94610,49066.00,67450.93,73850.00,0.09,N,0,0,0,7,2,5,0,3,2,0,0,5,0,3,2,0,0,2,14,0,0,3,0,4,0,4,10,2,3,0,2,0,0,0,0,0,0,3,1,0,0,6,2,14
94611,68853.00,94652.08,107577.00,0.14,N,0,0,3,5,2,3,0,3,0,2,5,5,0,4,1,0,0,1,22,0,0,2,0,6,0,6,21,0,3,0,8,0,0,0,0,1,0,2,0,0,0,7,2,12
94612,20034.00,27540.70,30879.00,0.12,Y,0,0,3,14,0,13,4,3,0,7,4,8,2,15,9,1,0,9,34,2,1,5,0,3,0,30,8,0,5,0,21,13,0,2,0,2,0,4,1,3,1,4,2,17
94618,77952.00,107160.46,123575.00,0.15,N,0,0,0,6,1,3,0,1,0,0,2,2,0,2,0,0,1,0,12,0,0,2,0,3,0,3,12,0,0,0,2,1,0,0,1,1,1,0,0,1,0,5,2,4
94619,54174.00,74472.89,78676.00,0.06,N,0,0,1,5,0,0,0,0,0,0,0,5,0,0,0,0,0,0,2,0,0,0,0,2,0,2,11,0,1,0,3,0,0,0,0,0,0,1,1,0,0,0,0,2
94621,29181.00,40115.06,30528.00,-0.24,N,0,0,5,4,0,4,0,0,0,7,0,0,1,3,3,0,0,0,8,0,0,0,0,0,0,0,0,1,3,0,18,2,1,0,0,2,0,0,0,0,0,0,1,0
78610,60528.00,83207.72,74550.00,-0.10,N,0,0,7,0,1,0,2,0,0,1,0,4,0,0,0,2,0,4,0,1,0,0,0,0,0,2,4,0,0,0,0,5,2,0,0,0,0,0,0,0,0,0,1,0
78613,69542.00,95599.25,83146.00,-0.13,N,0,1,7,0,13,2,7,0,0,0,5,5,2,6,1,5,0,9,0,1,1,1,1,0,0,2,20,14,1,4,0,25,0,0,1,3,4,0,0,3,0,0,1,1
78617,40392.00,55526.80,45040.00,-0.19,N,0,0,2,0,1,0,0,0,0,0,0,1,0,3,1,1,0,0,0,1,0,0,0,0,0,0,0,0,0,0,0,6,2,0,0,0,0,0,0,0,0,0,0,1
78641,57294.00,78761.95,73535.00,-0.07,N,0,0,3,0,1,0,0,0,0,0,1,3,0,0,0,0,0,2,0,1,0,2,0,0,0,3,7,0,0,0,0,5,0,0,0,1,0,0,0,0,0,0,0,0
78652,69831.00,95996.54,70868.00,-0.26,N,0,0,0,1,0,0,0,0,0,0,0,0,0,0,0,0,0,0,0,0,0,0,0,0,0,0,0,0,0,0,0,1,0,0,0,0,0,0,0,0,0,0,1,0
78653,50260.00,69092.32,62415.00,-0.10,N,0,0,4,0,0,0,0,0,0,0,0,0,0,1,0,0,0,2,0,0,0,0,0,0,0,0,1,1,0,1,0,9,0,0,0,0,0,0,1,0,0,0,0,0
78660,65978.00,90699.83,75138.00,-0.17,N,0,0,9,4,11,0,5,0,0,0,0,7,0,5,1,0,0,7,0,3,0,3,0,0,0,0,13,17,0,4,0,15,1,0,0,1,0,0,2,2,0,0,0,0
78664,59829.00,82246.81,61673.00,-0.25,N,0,0,6,7,10,0,6,0,0,1,0,7,2,6,2,1,0,7,0,1,2,0,0,0,0,0,11,15,0,2,0,24,0,0,1,4,3,2,3,3,0,0,2,1
78681,74889.00,102949.76,96086.00,-0.07,N,0,0,4,0,3,1,3,0,0,0,0,5,1,4,0,1,0,5,0,0,1,0,0,0,1,0,9,11,2,1,0,14,0,0,0,0,0,0,1,1,0,0,0,0
78701,35757.00,49155.08,87306.00,0.78,Y,0,0,2,0,6,0,84,0,2,3,0,2,3,17,0,12,0,24,0,0,15,0,0,0,11,0,7,15,2,7,0,26,41,0,1,2,3,1,6,0,6,2,0,8
78702,23348.00,32096.45,37690.00,0.17,Y,0,0,3,6,5,0,17,0,0,3,0,10,2,9,3,5,0,18,0,0,9,1,0,0,31,0,2,14,2,5,0,37,7,0,0,5,2,0,12,2,6,0,6,0
78703,54591.00,75046.14,81903.00,0.09,N,0,0,0,0,5,4,4,0,2,0,3,1,0,3,1,0,0,9,2,0,2,2,0,0,9,0,12,15,0,3,0,9,2,1,0,1,10,0,1,0,2,0,1,1
78704,35733.00,49122.08,52306.00,0.06,N,2,1,13,17,10,2,17,2,2,8,0,8,5,13,3,0,0,32,0,3,6,1,3,0,16,1,15,21,2,6,0,59,13,0,2,5,6,0,18,5,8,3,15,4
78705,14740.00,20263.05,12786.00,-0.37,N,0,0,0,0,4,0,6,0,0,4,0,0,1,6,0,8,1,18,0,0,0,0,0,0,0,2,3,8,0,5,0,14,6,0,0,1,2,0,6,1,3,0,2,0
78717,87290.00,119997.39,99541.00,-0.17,N,0,0,3,0,4,0,3,0,0,3,0,1,1,3,0,2,0,5,0,0,0,0,0,0,1,1,7,0,0,0,0,5,0,0,0,0,0,0,1,0,0,0,1,0
78719,36480.00,50148.98,38875.00,-0.22,N,0,0,2,0,0,0,2,0,0,0,0,1,1,1,0,0,0,3,0,0,0,0,0,0,0,0,0,0,0,0,0,2,0,0,0,0,0,0,0,0,0,0,0,0
78721,26646.00,36630.20,36698.00,0.00,N,0,0,1,0,1,0,0,0,0,1,0,0,0,0,1,0,0,0,0,1,0,0,0,0,4,0,1,2,0,0,0,2,0,0,0,0,0,0,0,0,0,0,0,0
78722,35794.00,49205.94,54526.00,0.11,Y,0,0,0,0,3,0,1,0,0,0,0,2,0,0,0,0,0,3,0,0,1,0,0,0,1,0,1,1,0,1,0,6,0,0,0,0,0,0,1,0,0,1,0,0
78723,34242.00,47072.41,42615.00,-0.09,N,0,0,4,1,6,1,1,0,0,0,0,1,0,1,0,3,0,5,0,2,0,0,0,0,3,0,2,1,0,0,0,18,0,0,0,2,0,0,3,2,0,0,0,0
78724,36641.00,50370.31,36776.00,-0.27,N,0,0,4,0,0,0,1,0,0,0,0,2,0,0,0,0,0,1,0,0,0,0,0,0,0,0,0,0,0,0,0,5,0,0,0,0,0,0,0,0,0,0,1,0
78725,47076.00,64715.28,65048.00,0.01,N,0,0,0,0,0,0,0,0,0,0,0,0,0,0,0,0,0,0,0,0,0,0,0,0,0,0,0,0,0,0,0,0,0,0,0,0,0,0,0,0,0,0,0,0
78726,89891.00,123572.98,68777.00,-0.44,N,0,0,1,2,3,1,0,0,0,0,1,2,0,0,0,0,0,2,0,0,1,0,0,0,0,0,0,1,0,1,0,5,0,0,0,0,0,0,0,0,0,0,0,0
78727,62648.00,86122.08,69699.00,-0.19,N,0,0,1,1,1,0,2,0,0,0,0,0,1,0,0,0,0,6,0,1,0,0,0,0,0,1,3,0,0,0,0,6,0,0,0,1,0,0,0,0,0,0,1,0
78728,51078.00,70216.83,49521.00,-0.29,N,1,1,4,6,1,0,3,0,0,0,0,7,0,1,0,0,0,0,0,0,0,1,0,0,0,0,6,1,0,0,0,3,2,0,0,0,0,0,0,1,0,0,0,0
78729,59497.00,81790.41,60567.00,-0.26,N,0,0,4,0,2,0,1,0,0,1,0,7,0,0,0,1,0,3,0,0,1,0,0,0,1,2,4,2,0,1,0,2,0,0,0,0,1,0,0,0,0,0,2,0
78730,128524.00,176681.69,108421.00,-0.39,N,0,0,0,0,0,0,0,0,0,0,0,1,0,0,0,0,0,1,0,0,0,0,0,0,1,0,2,0,0,0,0,1,0,0,0,0,0,0,0,0,0,0,1,0
78731,62404.00,85786.65,79315.00,-0.08,N,0,0,0,0,3,0,0,0,0,0,0,0,2,3,0,0,0,5,0,0,1,0,0,0,4,0,5,2,0,1,0,5,0,0,0,0,4,0,0,1,0,0,0,0
78732,103951.00,142901.23,128397.00,-0.10,N,0,0,0,0,0,1,0,0,0,0,0,0,0,0,1,1,0,2,0,0,0,0,0,0,0,1,2,1,0,0,0,3,1,0,0,0,0,0,0,0,0,0,0,1
78733,102239.00,140547.75,127250.00,-0.09,N,0,0,0,0,0,0,1,0,0,0,0,1,1,0,0,0,0,0,0,0,0,0,0,0,1,0,3,0,0,0,0,0,0,0,0,0,0,0,0,0,0,0,0,0
78734,74052.00,101799.14,92904.00,-0.09,N,0,0,2,3,1,1,3,0,0,0,0,5,3,0,1,0,0,0,0,0,0,0,0,0,2,0,9,6,1,0,0,6,2,0,0,0,2,0,0,2,0,0,0,2
78735,75204.00,103382.79,81152.00,-0.22,N,0,0,4,3,2,0,0,0,0,1,0,2,1,1,1,0,0,2,0,0,2,0,0,0,0,1,9,0,0,1,1,2,0,0,1,0,0,0,0,0,0,0,2,1
78736,62294.00,85635.44,86439.00,0.01,N,0,0,0,1,0,0,1,0,0,0,0,0,1,0,2,0,0,1,0,0,0,0,0,0,0,1,2,0,1,0,0,1,0,0,0,2,0,0,0,0,0,0,0,0
78737,87029.00,119638.59,122886.00,0.03,N,0,0,0,2,0,0,0,0,0,1,0,0,0,2,1,0,0,2,0,0,0,0,0,0,0,0,3,0,0,0,0,1,2,0,0,0,0,0,0,0,0,0,0,0
78738,102295.00,140624.73,127683.00,-0.09,N,0,0,1,0,5,1,1,0,0,1,3,2,0,4,0,0,0,5,1,0,0,1,0,0,3,1,6,10,0,2,0,5,0,0,0,0,1,0,0,0,0,0,0,2
78739,102707.00,141191.11,130199.00,-0.08,N,0,0,0,0,0,0,0,0,0,0,0,0,0,0,0,0,0,1,0,0,0,0,0,0,0,0,0,0,0,0,0,1,1,0,0,0,0,0,0,0,0,0,0,0
78741,25369.00,34874.71,31192.00,-0.11,N,0,0,3,1,3,0,4,0,0,0,0,0,0,0,0,1,0,5,0,2,0,0,0,0,2,0,1,0,0,0,0,29,5,0,0,2,0,0,1,2,0,0,1,0
78742,28281.00,38877.83,35700.00,-0.08,N,0,0,0,3,0,0,1,0,0,0,0,3,0,0,0,0,0,0,0,0,0,0,0,0,0,0,0,0,0,0,0,0,0,0,0,0,0,0,0,0,0,0,0,0
78744,38256.00,52590.45,41331.00,-0.21,N,2,0,5,6,1,0,0,0,0,0,0,8,0,1,1,0,0,0,0,1,0,1,0,1,1,0,2,2,1,0,0,19,0,0,0,1,0,0,2,0,0,0,1,0
78745,43458.00,59741.63,52949.00,-0.11,N,2,0,13,13,14,0,3,0,1,1,0,13,1,0,5,0,0,11,0,0,0,0,0,0,1,1,11,19,0,3,0,40,2,0,0,6,1,0,4,6,0,0,3,0
78746,100571.00,138254.75,128556.00,-0.07,N,0,0,0,0,5,3,0,0,0,0,0,0,0,5,1,3,0,11,0,0,0,0,0,0,3,0,8,13,3,5,0,8,2,0,0,0,6,0,0,1,0,0,1,0
78747,60861.00,83665.50,62243.00,-0.26,N,0,0,1,1,0,0,0,0,0,0,0,2,0,0,0,0,0,1,0,0,0,0,0,0,0,0,0,6,0,0,0,1,0,0,0,0,0,0,0,0,0,0,0,0
78748,57710.00,79333.82,68835.00,-0.13,N,4,0,4,0,5,1,7,0,0,0,1,3,3,0,0,0,0,6,0,3,2,0,0,0,0,0,10,6,0,1,0,13,3,0,1,1,0,0,3,1,0,0,1,0
78749,68244.00,93814.89,84954.00,-0.09,N,0,0,1,1,0,1,0,0,0,0,0,0,1,4,1,0,0,6,0,0,0,0,0,0,2,0,5,9,3,1,0,6,0,0,0,0,3,0,0,0,0,0,0,0
78750,78428.00,107814.82,73659.00,-0.32,N,0,0,4,3,5,0,0,0,0,0,0,5,0,5,0,1,0,4,0,0,1,1,0,0,0,2,6,18,1,2,0,12,0,0,2,2,1,0,3,3,0,0,2,0
78751,29779.00,40937.13,41279.00,0.01,N,0,0,3,2,3,0,4,0,0,4,0,0,3,4,0,0,0,5,0,0,1,0,2,0,5,0,9,1,0,2,0,9,0,0,0,1,2,0,4,0,4,1,9,1
78752,30207.00,41525.50,37396.00,-0.10,N,0,0,4,2,4,0,2,0,0,2,0,5,1,0,1,2,0,4,0,0,0,0,0,0,1,0,6,1,0,1,0,15,1,0,0,3,0,0,0,1,0,0,0,0
78753,38206.00,52521.71,39228.00,-0.25,N,4,0,13,15,3,0,3,0,0,0,0,21,0,0,0,0,0,3,0,3,1,0,0,0,0,0,4,4,2,6,0,37,0,0,0,4,0,0,1,1,2,0,0,0
78754,51810.00,71223.10,53040.00,-0.26,N,0,0,1,0,0,0,0,0,0,0,0,1,0,0,0,0,0,1,0,0,0,0,0,0,0,0,1,2,0,0,0,3,0,0,0,0,0,0,0,0,0,0,0,0
78756,36978.00,50833.58,63750.00,0.25,Y,0,0,2,1,3,1,0,0,0,0,0,0,0,5,0,3,0,7,0,0,1,0,0,0,3,0,6,7,2,1,0,10,0,0,0,0,3,0,6,6,0,2,4,2
78757,45090.00,61985.13,60856.00,-0.02,N,0,0,4,2,15,0,6,0,0,2,4,3,1,6,0,0,0,7,0,2,2,0,1,0,5,0,10,25,0,4,0,17,0,0,1,2,0,0,7,2,0,0,5,0
78758,42398.00,58284.45,44476.00,-0.24,N,0,0,19,20,5,1,8,0,2,1,3,20,2,3,5,0,0,9,0,2,2,0,1,0,2,0,9,10,2,3,0,19,1,0,1,1,4,0,2,1,0,1,2,2
78759,61284.00,84246.99,70095.00,-0.17,N,0,0,3,3,2,0,2,0,0,3,0,2,1,6,2,4,0,5,0,0,0,0,0,0,2,0,6,10,3,4,0,14,0,0,0,3,0,0,2,1,0,0,0,0
97034,84192.00,115738.57,104020.00,-0.10,N,0,1,0,0,0,2,1,0,0,0,0,0,0,0,2,8,0,0,0,1,0,0,2,0,0,0,0,0,0,3,0,0,1,0,0,2,0,0,0,0,0,0,3,0
97035,62089.00,85353.62,73330.00,-0.14,N,0,2,4,0,0,0,0,3,2,0,0,0,0,0,0,12,0,1,0,0,0,0,0,0,0,0,0,0,0,5,0,0,0,0,0,2,0,0,0,0,0,0,0,3
97080,56742.00,78003.11,63032.00,-0.19,N,0,0,1,0,0,0,4,0,0,0,0,0,0,0,0,1,0,0,0,0,0,0,0,0,0,0,0,0,0,1,0,0,0,0,0,0,0,0,0,0,0,0,0,0
97201,42569.00,58519.52,44393.00,-0.24,N,0,0,3,0,0,4,0,1,7,0,6,1,0,0,1,27,0,0,1,0,0,0,2,0,2,0,0,2,0,14,0,5,0,2,0,4,0,0,0,0,5,1,0,0
97202,39879.00,54821.58,55606.00,0.01,N,0,3,12,0,0,9,4,2,13,3,6,8,0,0,2,32,0,0,8,0,2,0,11,0,3,0,0,5,3,18,0,4,0,1,0,13,0,0,2,0,11,0,10,3
97203,35266.00,48480.10,42912.00,-0.11,N,0,0,7,0,0,2,1,0,5,0,3,3,0,0,0,12,0,0,3,0,0,0,5,1,0,0,0,0,1,8,0,0,0,0,1,8,0,0,1,0,1,0,2,0
97204,10465.00,14386.21,13576.00,-0.06,N,0,0,11,0,0,1,0,2,2,0,5,0,3,0,6,36,0,0,5,0,0,0,12,0,2,0,0,3,0,11,0,5,0,0,1,4,0,0,0,0,4,5,0,1
97205,18158.00,24961.77,29782.00,0.19,Y,0,0,15,0,2,1,0,0,4,0,2,0,0,0,5,31,1,0,3,0,0,0,2,0,0,0,0,3,0,8,1,3,0,0,0,3,0,0,0,0,0,1,3,0
97206,38040.00,52293.51,52414.00,0.00,N,0,0,12,1,0,5,3,0,10,0,6,5,3,0,0,21,0,0,5,3,3,0,2,0,2,0,0,2,0,24,0,3,0,0,2,4,1,0,5,0,0,0,5,1
97209,22185.00,30497.68,42936.00,0.41,Y,0,3,19,0,0,7,1,4,11,5,9,2,2,0,8,38,0,3,7,0,2,0,37,0,2,0,0,2,0,16,1,6,0,0,0,13,0,2,1,0,0,3,8,6
97210,42759.00,58780.71,71949.00,0.22,N,0,0,5,0,0,2,2,0,0,0,1,3,0,0,2,24,0,0,0,1,0,1,9,0,0,0,0,1,0,8,0,0,0,1,0,1,0,0,2,0,0,0,4,3
97211,40582.00,55787.99,62938.00,0.13,N,0,1,12,1,0,2,5,0,9,0,5,5,0,0,2,24,0,0,2,0,1,1,8,0,0,0,0,3,0,17,0,6,0,0,0,5,0,0,1,0,7,1,5,2
97212,53679.00,73792.41,84100.00,0.14,N,0,0,5,0,0,3,0,6,5,0,0,4,0,0,0,10,0,0,3,0,0,0,2,0,0,0,0,0,0,1,0,3,0,1,0,3,0,0,2,0,2,1,4,1
97213,44395.00,61029.72,58176.00,-0.05,N,0,0,5,0,0,4,5,0,8,1,2,4,2,0,0,19,1,0,2,1,0,0,4,0,0,0,0,0,0,4,0,0,0,0,1,8,0,0,5,0,0,1,8,1
97214,35013.00,48132.30,52440.00,0.09,N,1,0,26,0,0,17,8,0,25,4,6,8,3,1,8,46,0,0,10,0,1,0,20,0,4,1,0,6,0,27,1,7,0,0,0,9,0,0,7,0,13,3,22,7
97215,48262.00,66345.68,68016.00,0.03,N,0,0,4,1,0,1,2,0,5,0,4,0,0,0,0,12,0,0,7,0,0,0,2,0,0,0,0,2,0,5,0,0,0,0,0,6,0,0,0,0,0,2,5,1
97216,38066.00,52329.25,44919.00,-0.14,N,0,0,1,0,0,1,9,0,3,0,3,2,0,0,0,4,0,0,2,0,0,0,0,0,0,0,0,0,0,8,0,0,0,0,0,2,0,0,0,0,0,0,1,0
97217,38442.00,52846.14,53704.00,0.02,N,0,0,16,0,0,3,2,1,13,0,4,5,3,0,4,19,0,0,3,1,0,0,3,0,2,0,0,0,1,22,0,4,0,0,1,9,0,0,0,0,6,0,5,4
97218,37011.00,50878.95,48448.00,-0.05,N,0,0,6,0,0,2,3,0,5,0,2,1,0,0,0,10,2,0,0,1,0,0,2,0,0,0,0,0,0,8,0,0,0,0,0,4,0,0,0,0,0,0,0,1
97219,58461.00,80366.22,77598.00,-0.03,N,0,0,3,0,0,2,3,0,4,0,4,7,4,0,0,12,0,0,1,1,1,1,0,1,0,0,0,0,0,8,0,0,0,0,0,5,0,0,0,0,2,0,1,0
97220,39649.00,54505.40,46908.00,-0.14,N,0,0,9,0,0,2,4,0,4,0,1,5,4,0,0,9,0,0,3,0,0,0,0,0,0,0,1,2,0,13,0,0,0,0,3,1,1,0,2,0,0,0,1,0
97221,65229.00,89670.18,92174.00,0.03,N,0,0,0,0,0,0,1,0,0,0,1,2,1,0,0,3,0,0,0,0,0,0,1,0,0,0,0,0,0,2,0,0,0,0,0,0,0,0,1,0,0,0,0,0
97222,40899.00,56223.77,49558.00,-0.12,N,0,0,0,0,0,1,2,0,5,0,3,1,0,0,0,15,0,0,0,0,0,0,1,1,1,0,0,0,0,10,0,0,0,0,0,3,0,0,4,1,1,0,1,1
97223,52527.00,72208.76,65109.00,-0.10,N,0,0,4,0,0,2,5,0,0,3,2,2,0,0,0,24,0,0,0,3,0,0,2,3,2,0,1,2,0,14,0,1,0,1,2,8,0,1,5,0,0,0,2,0
97225,53020.00,72886.49,72010.00,-0.01,N,0,0,2,0,0,0,2,2,3,0,1,0,1,0,0,8,0,1,0,0,0,0,1,0,0,0,0,0,0,5,0,0,0,0,0,4,0,0,1,0,0,0,2,0
97227,27432.00,37710.72,44342.00,0.18,Y,0,1,8,1,0,4,1,0,6,3,6,1,0,0,1,7,1,0,2,0,0,0,3,0,0,0,0,0,0,8,0,6,1,0,0,5,0,0,0,0,3,0,3,2
97229,70082.00,96341.59,98303.00,0.02,N,0,1,0,0,0,0,3,1,2,0,0,0,0,0,0,8,0,1,2,1,0,0,1,0,2,0,0,1,0,8,0,0,0,0,0,1,0,0,0,0,1,0,4,3
97230,41262.00,56722.79,46237.00,-0.18,N,0,0,3,0,0,0,3,0,0,0,0,5,0,0,0,7,0,0,1,0,0,0,0,0,0,0,0,0,0,7,0,0,0,0,0,2,0,0,3,0,0,0,0,0
97231,65164.00,89580.82,85481.00,-0.05,N,0,0,0,0,0,0,0,0,0,0,0,0,0,0,0,1,0,0,0,0,0,0,0,0,0,0,0,0,0,0,0,0,0,0,0,0,0,0,0,0,0,0,0,0
97232,35755.00,49152.33,45671.00,-0.07,N,0,2,9,0,0,1,6,3,10,1,5,7,1,0,5,34,0,1,6,0,2,0,5,0,2,0,0,1,0,11,0,2,0,0,0,3,0,0,7,0,7,2,7,5
97233,35291.00,48514.47,39150.00,-0.19,N,0,0,4,0,0,0,3,0,0,0,2,1,1,0,0,6,0,0,0,0,0,0,0,0,2,0,0,0,0,23,0,0,0,0,3,1,0,0,0,0,0,0,0,0
97236,43515.00,59819.98,40907.00,-0.32,N,0,0,5,0,0,0,2,0,0,0,1,5,0,0,0,4,0,0,1,0,0,0,0,0,0,0,1,0,0,8,0,2,0,0,3,3,0,0,0,0,0,0,1,0
97266,37234.00,51185.51,36772.00,-0.28,N,0,0,5,0,0,2,14,0,2,0,1,5,2,0,0,11,0,0,3,0,0,0,0,0,0,0,3,3,0,25,0,0,0,0,1,2,0,0,4,0,2,0,1,0
11201,56293.00,77385.88,98775.00,0.28,N,0,0,0,14,5,17,2,0,3,1,2,0,13,0,15,7,48,0,2,1,2,3,1,0,24,15,3,2,1,0,12,19,0,2,0,2,0,10,0,5,0,0,3,4
11203,37341.00,51332.60,46630.00,-0.09,N,0,0,3,6,0,3,0,0,0,0,7,0,0,0,0,0,0,0,0,0,0,0,0,0,0,1,1,3,0,0,2,2,0,0,0,1,0,0,0,0,0,1,0,0
11204,31798.00,43712.65,45593.00,0.04,N,0,0,0,8,0,0,0,0,0,2,3,0,0,0,5,0,8,0,0,0,0,0,0,0,0,1,0,2,0,0,0,6,1,0,0,0,0,0,0,0,0,4,0,1
11205,28070.00,38587.77,47050.00,0.22,N,0,0,0,5,0,9,0,2,5,0,3,0,8,0,8,2,16,1,0,0,1,0,2,0,5,2,2,0,0,0,0,11,1,0,0,0,0,0,0,6,0,2,0,0
11206,18661.00,25653.24,30686.00,0.20,Y,0,0,2,15,0,15,1,0,5,0,0,1,5,0,7,3,27,0,0,0,2,0,0,2,8,6,4,2,0,0,9,16,8,0,0,0,0,2,0,3,0,4,0,7
11207,24163.00,33216.83,33816.00,0.02,N,0,0,5,7,0,2,0,0,0,0,3,0,8,0,3,0,7,0,0,0,0,0,0,0,1,2,3,0,0,0,0,3,0,0,0,1,0,0,0,0,0,1,0,0
11208,27078.00,37224.07,34527.00,-0.07,N,0,0,2,5,0,2,0,0,0,0,3,0,2,0,0,0,6,0,0,0,0,0,0,0,0,2,1,1,0,0,0,5,0,0,0,2,0,0,0,0,0,0,0,0
11209,44518.00,61198.81,59934.00,-0.02,N,0,0,3,12,0,8,0,0,2,1,2,0,14,0,9,3,26,0,0,0,2,1,0,0,1,10,2,3,0,0,7,10,0,0,0,2,0,0,0,8,0,3,0,0
11210,42967.00,59066.65,56052.00,-0.05,N,0,0,1,7,0,1,0,0,1,1,2,0,0,0,3,0,8,0,0,0,0,0,0,0,0,2,3,3,0,0,4,4,0,0,0,2,0,0,0,0,0,1,0,0
11211,23567.00,32397.51,50943.00,0.57,Y,0,0,2,15,1,59,0,1,8,0,4,0,24,2,15,12,47,0,1,0,8,3,0,0,19,13,6,4,0,0,14,37,15,0,0,0,1,5,0,8,0,15,0,7
11212,20839.00,28647.33,28146.00,-0.02,N,0,0,0,2,0,1,0,0,1,0,2,0,3,0,3,0,3,0,0,0,0,0,0,0,0,3,3,0,0,0,0,0,0,0,0,2,0,0,0,0,0,1,0,1
11213,26366.00,36245.29,34804.00,-0.04,N,0,0,1,4,0,0,0,0,1,1,1,0,0,0,2,2,6,0,0,0,0,0,0,0,0,2,3,1,0,0,1,0,0,0,0,1,0,0,0,0,0,2,0,0
11214,33765.00,46416.68,45838.00,-0.01,N,0,1,2,13,0,2,0,0,0,1,3,0,0,0,3,0,16,0,0,0,0,0,0,0,1,6,3,2,0,0,3,6,0,0,0,0,0,0,0,0,0,2,2,0
11215,53313.00,73289.28,99040.00,0.35,N,0,0,3,17,0,21,1,1,7,0,11,3,16,1,13,8,32,1,0,0,5,2,0,1,15,11,10,2,0,0,12,30,9,0,1,0,0,8,0,11,0,5,2,5
11216,25135.00,34553.03,45566.00,0.32,N,0,0,1,9,0,8,0,0,2,1,1,0,8,0,7,5,23,0,0,0,1,0,0,0,3,3,8,3,1,0,9,5,3,1,0,0,0,1,0,1,0,4,1,0
11217,49567.00,68139.66,85199.00,0.25,N,0,0,0,13,1,17,0,0,4,0,0,0,10,0,4,5,15,0,1,0,1,0,0,0,3,11,9,1,0,0,4,11,0,1,0,1,0,7,0,9,2,2,1,5
11218,36432.00,50083.00,54441.00,0.09,N,0,0,3,7,0,4,0,0,1,0,9,3,9,0,6,3,15,0,0,0,1,1,0,0,0,4,2,2,0,0,2,21,0,0,0,0,0,0,0,2,0,0,0,0
11219,26648.00,36632.95,35083.00,-0.04,N,0,0,2,4,0,3,0,1,0,1,8,0,0,0,4,0,8,0,0,0,0,0,0,0,0,0,0,1,0,0,0,8,0,0,0,0,0,0,0,0,0,0,0,0
11220,30152.00,41449.89,38052.00,-0.08,N,0,1,6,10,0,3,0,0,0,0,2,1,2,0,6,0,29,0,0,0,2,1,0,0,2,2,2,2,0,1,0,34,0,0,0,0,0,0,0,2,0,3,0,4
11221,22305.00,30662.64,39785.00,0.30,Y,0,0,0,2,0,13,0,0,4,0,0,0,0,0,6,3,16,0,1,0,2,0,0,0,5,2,7,0,0,0,2,4,4,1,0,0,0,0,0,0,0,4,0,6
11222,33578.00,46159.61,66610.00,0.44,N,1,0,3,7,0,18,0,0,5,0,4,3,11,1,8,7,20,0,0,1,3,1,0,0,10,7,3,4,1,0,9,9,8,0,0,0,0,5,0,5,0,6,0,3
11223,32104.00,44133.30,40873.00,-0.07,N,0,0,1,9,0,0,0,0,0,0,8,0,0,0,11,0,13,0,0,0,1,0,0,0,0,8,0,1,0,0,4,10,0,0,2,0,0,0,0,2,0,3,0,3
11224,21281.00,29254.95,27011.00,-0.08,N,3,0,2,2,0,2,0,0,0,0,8,0,0,1,1,2,5,0,0,0,0,0,0,0,1,4,1,0,0,0,0,6,0,0,0,0,0,0,0,2,0,0,0,0
11225,30192.00,41504.88,43543.00,0.05,N,0,0,0,7,0,5,0,0,2,2,0,1,4,0,11,4,17,0,0,0,0,0,0,1,1,1,9,1,0,0,3,3,0,0,0,0,0,0,0,0,0,2,0,0
11226,29498.00,40550.84,42182.00,0.04,N,0,0,2,5,0,2,0,1,0,1,0,0,0,0,2,0,16,0,0,0,0,0,1,0,2,5,5,3,0,0,9,14,1,0,0,0,0,0,0,1,0,6,0,2
11228,44932.00,61767.93,62821.00,0.02,N,0,1,1,4,0,1,0,0,0,1,1,0,3,0,0,0,8,0,0,0,0,1,0,0,0,0,2,0,0,0,0,4,1,0,0,0,0,0,0,0,0,1,0,0
11229,37812.00,51980.08,51985.00,0.00,N,0,0,0,7,0,3,0,0,2,0,0,0,4,0,3,0,16,0,0,0,0,1,0,0,1,7,1,2,0,0,3,5,0,0,0,0,0,1,0,2,1,1,0,0
11230,32327.00,44439.86,41820.00,-0.06,N,0,0,2,5,0,2,0,0,0,0,8,0,0,0,4,0,9,0,0,0,1,0,0,0,2,1,0,0,0,0,0,0,0,1,0,0,0,0,0,0,0,2,0,1
11231,45154.00,62073.11,83383.00,0.34,N,0,0,0,7,0,8,0,0,3,0,4,1,0,2,5,5,18,1,0,2,4,1,1,0,11,5,1,0,0,0,1,11,2,0,1,0,0,5,0,4,0,2,0,0
11232,28395.00,39034.55,44583.00,0.14,N,0,0,5,5,0,2,0,0,1,0,7,0,0,0,2,1,11,0,0,1,0,0,0,0,3,2,0,0,0,0,0,14,2,1,0,1,0,0,0,0,0,2,0,1
11233,22754.00,31279.88,34432.00,0.10,Y,0,0,0,7,0,1,0,0,1,0,2,0,6,0,5,1,6,0,0,0,0,0,0,0,0,0,5,2,0,0,3,1,0,1,0,0,0,1,0,0,0,2,0,0
11234,51446.00,70722.71,67713.00,-0.04,N,0,0,4,9,0,3,0,0,0,0,2,0,3,0,2,1,7,0,0,0,0,0,0,0,0,4,5,0,0,0,2,2,0,0,0,1,0,0,0,1,0,0,0,0
11235,31013.00,42633.51,42257.00,-0.01,N,0,1,2,7,0,6,0,0,2,0,1,0,0,0,12,0,15,0,0,0,2,0,0,0,0,8,6,3,0,1,2,3,0,0,0,0,0,2,0,0,0,3,1,0
11236,42370.00,58245.95,60135.00,0.03,N,0,0,3,7,0,0,0,0,0,1,7,0,0,0,0,0,5,0,0,0,0,0,0,0,0,4,4,0,0,0,1,3,0,0,0,0,0,0,0,0,1,0,0,0
11237,23104.00,31761.02,42496.00,0.34,Y,0,0,3,8,0,21,0,0,3,0,0,0,7,1,10,13,24,1,0,0,3,1,0,0,8,1,1,0,0,0,3,49,4,1,0,0,0,0,1,2,1,10,1,10
11238,39917.00,54873.82,69491.00,0.27,N,0.00,0.00,1.00,7.00,0.00,33.00,0.00,0.00,2.00,2.00,2.00,0.00,16.00,2.00,9.00,7.00,29.00,0.00,0.00,0.00,2.00,0.00,2.00,0.00,8.00,10.00,7.00,3.00,0.00,0.00,6.00,19.00,5.00,1.00,0.00,0.00,0.00,5.00,0.00,2.00,0.00,2.00,1.00,0.00
11239,16919.00,23258.52,27886.00,0.20,Y,0,0,0,1,0,0,0,0,0,0,0,0,1,0,0,0,2,0,0,0,0,0,0,0,0,1,0,0,0,0,0,0,0,0,0,0,0,0,0,0,0,0,0,0