zip,Average Education Index 2000,Median Cost for House 2000,Median Income 2000,Median Rent 2000,Take Public Transp % in 2000,Total Population % in 2000,White Population % in 2000
94305,17.76,3089.0,41313.0,843.0,0.02,13371.0,0.606
94708,17.01,2407.0,103791.0,1527.0,0.131,10730.0,0.8390000000000001
94304,17.0,3250.0,77539.0,1948.0,0.032,1704.0,0.731
94707,16.83,2190.0,100590.0,1076.0,0.142,11880.0,0.8320000000000001
94709,16.61,1989.0,38613.0,807.0,0.193,10140.0,0.682
94705,16.59,2530.0,68112.0,770.0,0.158,12443.0,0.777
94301,16.59,3316.0,97758.0,1283.0,0.035,16186.0,0.8420000000000001
95064,16.51,1429.0,45054.0,780.0,0.23800000000000002,4559.0,0.659
94027,16.36,4001.0,200001.0,2001.0,0.027000000000000003,6857.0,0.855
94618,16.33,2335.0,77952.0,935.0,0.17800000000000002,15420.0,0.797
94022,16.32,3967.0,145425.0,1684.0,0.017,18466.0,0.8009999999999999
94306,16.31,2531.0,82314.0,1262.0,0.040999999999999995,24484.0,0.727
94563,16.3,2823.0,119832.0,1254.0,0.14800000000000002,17944.0,0.8690000000000001
92130,16.27,2502.0,93929.0,1358.0,0.004,28187.0,0.804
92121,16.26,2048.0,70750.0,1114.0,0.019,4248.0,0.667
92014,16.24,2933.0,97029.0,1240.0,0.005,13938.0,0.915
94024,16.23,3315.0,128853.0,1961.0,0.009000000000000001,21479.0,0.782
90077,16.18,4001.0,141527.0,1508.0,0.009000000000000001,10465.0,0.871
90272,16.17,3700.0,122877.0,1691.0,0.011000000000000001,22538.0,0.914
92657,16.16,3763.0,114004.0,1673.0,0.009000000000000001,5586.0,0.821
94941,16.14,2845.0,91283.0,1207.0,0.10099999999999999,28718.0,0.898
94920,16.14,3734.0,106492.0,1700.0,0.1,13048.0,0.9129999999999999
90402,16.13,4001.0,118553.0,977.0,0.019,11492.0,0.897
95616,16.05,1600.0,42110.0,763.0,0.065,67407.0,0.6920000000000001
92037,16.04,2705.0,68691.0,1067.0,0.021,42603.0,0.825
90049,16.03,4001.0,84342.0,1148.0,0.013000000000000001,33520.0,0.875
91108,16.03,3189.0,119147.0,1906.0,0.003,13149.0,0.484
94123,16.01,4001.0,84710.0,1281.0,0.29600000000000004,22903.0,0.865
94704,16.01,2030.0,19750.0,732.0,0.174,21203.0,0.505
92612,16.0,1960.0,60257.0,1204.0,0.01,41051.0,0.59
95030,16.0,3570.0,117564.0,1335.0,0.005,13289.0,0.8809999999999999
95070,15.99,3216.0,138206.0,1677.0,0.009000000000000001,30577.0,0.6759999999999999
94939,15.94,2648.0,75747.0,1403.0,0.155,6766.0,0.9229999999999999
94556,15.9,2625.0,98525.0,1112.0,0.127,16501.0,0.809
92602,15.89,2403.0,112399.0,2001.0,0.005,2754.0,0.46299999999999997
92122,15.88,1641.0,52039.0,1133.0,0.028999999999999998,34891.0,0.74
90274,15.88,3362.0,117979.0,1489.0,0.009000000000000001,24976.0,0.768
94065,15.86,2762.0,104958.0,1900.0,0.036000000000000004,10656.0,0.627
90266,15.86,2823.0,100761.0,1359.0,0.004,33742.0,0.89
90024,15.86,3905.0,47573.0,1183.0,0.044000000000000004,44141.0,0.645
94611,15.85,2413.0,68853.0,799.0,0.147,36508.0,0.716
94549,15.85,2597.0,101555.0,1065.0,0.122,23995.0,0.871
95014,15.82,2487.0,100020.0,1657.0,0.01,54412.0,0.5
92067,15.81,4001.0,196298.0,2001.0,0.009000000000000001,7601.0,0.929
94904,15.77,3190.0,82528.0,1217.0,0.102,11999.0,0.927
91011,15.75,2863.0,109802.0,1144.0,0.006,20187.0,0.75
90254,15.75,2582.0,81352.0,1146.0,0.01,18682.0,0.8959999999999999
94114,15.72,2632.0,75727.0,1122.0,0.324,30574.0,0.8290000000000001
92131,15.72,2024.0,90811.0,1223.0,0.006,29279.0,0.784
92625,15.71,3527.0,100080.0,1364.0,0.006999999999999999,13407.0,0.93
93108,15.7,3688.0,101575.0,1267.0,0.004,12737.0,0.937
94507,15.7,3433.0,139997.0,1426.0,0.051,15186.0,0.904
94506,15.66,3294.0,142459.0,2001.0,0.045,19768.0,0.773
94706,15.61,1827.0,57153.0,963.0,0.188,15865.0,0.642
92660,15.6,3020.0,98119.0,1424.0,0.008,28672.0,0.915
95120,15.58,2598.0,120117.0,1872.0,0.01,37089.0,0.708
94965,15.57,2410.0,76808.0,1453.0,0.18100000000000002,11206.0,0.789
94960,15.57,2479.0,76627.0,1084.0,0.09699999999999999,16846.0,0.924
90293,15.55,2736.0,66425.0,991.0,0.009000000000000001,11252.0,0.795
91105,15.55,2567.0,83737.0,1017.0,0.01,10245.0,0.802
90265,15.54,3681.0,100857.0,1638.0,0.004,19614.0,0.894
94970,15.53,2214.0,88184.0,1220.0,0.026000000000000002,772.0,0.951
94598,15.5,2146.0,85479.0,1246.0,0.145,26011.0,0.825
90403,15.49,2745.0,54964.0,888.0,0.027999999999999997,23556.0,0.865
90292,15.46,2348.0,72215.0,1442.0,0.013000000000000001,18057.0,0.833
94925,15.46,2501.0,77455.0,1311.0,0.09300000000000001,9019.0,0.877
94117,15.45,3012.0,63983.0,1056.0,0.35600000000000004,38738.0,0.727
94131,15.45,2253.0,76044.0,1123.0,0.256,27897.0,0.693
90275,15.45,2522.0,95643.0,1500.0,0.01,41261.0,0.6729999999999999
95033,15.45,2348.0,106675.0,1160.0,0.002,10170.0,0.9209999999999999
92614,15.44,1821.0,76934.0,1358.0,0.006,22493.0,0.616
90212,15.42,3936.0,61039.0,1200.0,0.02,11347.0,0.8490000000000001
94404,15.42,2231.0,92989.0,1622.0,0.040999999999999995,31866.0,0.607
93921,15.41,1987.0,53750.0,1125.0,0.013000000000000001,2963.0,0.943
92651,15.41,2745.0,76644.0,1093.0,0.016,25186.0,0.9209999999999999
91436,15.41,3196.0,102652.0,1260.0,0.011000000000000001,13109.0,0.899
91302,15.39,3207.0,93378.0,1222.0,0.006,23644.0,0.873
92782,15.39,2117.0,85977.0,1340.0,0.009000000000000001,17485.0,0.669
94610,15.36,2086.0,49066.0,794.0,0.17800000000000002,29963.0,0.5329999999999999
95032,15.35,2669.0,93118.0,1370.0,0.012,24427.0,0.857
94526,15.33,2528.0,109771.0,1560.0,0.049,32853.0,0.883
92661,15.32,3612.0,64293.0,1006.0,0.011000000000000001,4225.0,0.9420000000000001
90803,15.31,2357.0,60513.0,826.0,0.022000000000000002,31349.0,0.86
91030,15.29,2074.0,55701.0,833.0,0.011000000000000001,23975.0,0.604
94087,15.29,2255.0,84856.0,1244.0,0.017,50051.0,0.613
92620,15.29,2022.0,86467.0,1165.0,0.003,26415.0,0.65
94539,15.28,2417.0,101977.0,1315.0,0.028999999999999998,46910.0,0.418
93923,15.27,2430.0,67315.0,1247.0,0.003,13108.0,0.935
92075,15.27,2259.0,69057.0,1114.0,0.034,12170.0,0.867
94025,15.26,2706.0,89572.0,1324.0,0.039,39061.0,0.741
90056,15.24,2544.0,72193.0,856.0,0.02,8108.0,0.183
95129,15.21,2075.0,79489.0,1282.0,0.021,37565.0,0.498
90405,15.21,2394.0,50540.0,741.0,0.032,26089.0,0.785
94530,15.21,1634.0,56905.0,905.0,0.20600000000000002,23121.0,0.581
91361,15.2,2418.0,86646.0,1198.0,0.005,18724.0,0.905
92679,15.19,2457.0,112998.0,1301.0,0.006,32267.0,0.875
90036,15.19,2298.0,47746.0,1043.0,0.040999999999999995,32885.0,0.7
94956,15.17,1824.0,50673.0,933.0,0.024,1874.0,0.9159999999999999
91377,15.17,2336.0,89561.0,1480.0,0.006,14809.0,0.88
91711,15.17,1624.0,66663.0,787.0,0.026000000000000002,34715.0,0.735
92009,15.16,1980.0,76368.0,1176.0,0.019,43155.0,0.888
92118,15.16,2709.0,66489.0,1024.0,0.027000000000000003,24085.0,0.8440000000000001
94010,15.14,3375.0,82188.0,1119.0,0.063,40328.0,0.7559999999999999
94502,15.14,1965.0,87855.0,1568.0,0.153,13980.0,0.535
92606,15.13,1954.0,71155.0,1368.0,0.004,17619.0,0.496
94037,15.11,2039.0,93859.0,1473.0,0.079,2332.0,0.9
94583,15.1,2223.0,95588.0,1387.0,0.049,44076.0,0.772
94596,15.1,2031.0,64389.0,1010.0,0.162,40916.0,0.82
94924,15.1,2133.0,52772.0,1159.0,0.005,1560.0,0.9159999999999999
94703,15.1,1602.0,43640.0,718.0,0.225,19743.0,0.504
95762,15.09,1940.0,91529.0,1238.0,0.012,22021.0,0.905
94062,15.09,2794.0,96677.0,1125.0,0.031,25563.0,0.8690000000000001
91604,15.08,2531.0,60299.0,919.0,0.015,26137.0,0.856
90068,15.08,2588.0,52890.0,818.0,0.027999999999999997,21713.0,0.815
90277,15.06,2298.0,68263.0,1060.0,0.012,34174.0,0.838
94973,15.06,1785.0,60833.0,994.0,0.018000000000000002,1434.0,0.9440000000000001
94002,15.05,2453.0,80973.0,1114.0,0.037000000000000005,25548.0,0.752
91024,15.05,1994.0,65862.0,836.0,0.013999999999999999,10545.0,0.857
95746,15.05,2207.0,100986.0,1118.0,0.001,20663.0,0.9079999999999999
92887,15.04,2408.0,103926.0,1278.0,0.004,20876.0,0.7709999999999999
94127,15.04,2372.0,95313.0,1110.0,0.212,20624.0,0.622
94040,15.04,2524.0,69087.0,1208.0,0.066,32132.0,0.654
94115,15.04,3535.0,54879.0,1015.0,0.33899999999999997,33115.0,0.598
90210,15.03,4001.0,112572.0,1307.0,0.027000000000000003,21396.0,0.883
91364,15.03,2264.0,79414.0,1170.0,0.013000000000000001,25985.0,0.851
92128,15.01,1729.0,66676.0,1159.0,0.008,42728.0,0.784
92127,15.01,1804.0,75219.0,1190.0,0.016,20032.0,0.765
92663,14.99,2473.0,66978.0,1118.0,0.006,22123.0,0.9179999999999999
91301,14.99,2207.0,88725.0,1221.0,0.006999999999999999,25302.0,0.87
94930,14.98,2024.0,60971.0,1108.0,0.081,8476.0,0.915
94111,14.98,4001.0,56569.0,1173.0,0.162,3335.0,0.644
92610,14.98,1981.0,88710.0,1209.0,0.004,10934.0,0.7440000000000001
90069,14.98,3637.0,51215.0,898.0,0.023,20395.0,0.873
94552,14.97,2269.0,105393.0,1204.0,0.07400000000000001,13202.0,0.578
91403,14.96,2347.0,53596.0,932.0,0.026000000000000002,22079.0,0.82
94070,14.96,2548.0,89016.0,1188.0,0.037000000000000005,28079.0,0.848
92129,14.95,1847.0,77851.0,975.0,0.013000000000000001,47217.0,0.627
94588,14.94,2174.0,92644.0,1364.0,0.05,28557.0,0.764
92109,14.94,1896.0,45202.0,872.0,0.025,46071.0,0.8740000000000001
93109,14.93,2180.0,56898.0,1218.0,0.033,10966.0,0.8540000000000001
94107,14.93,2181.0,61362.0,1050.0,0.188,17368.0,0.624
94402,14.93,2650.0,82796.0,1220.0,0.062,23373.0,0.745
92108,14.93,1301.0,42626.0,947.0,0.027000000000000003,11640.0,0.7509999999999999
92604,14.92,1701.0,71779.0,1216.0,0.01,27359.0,0.6779999999999999
92106,14.92,1977.0,62121.0,778.0,0.009000000000000001,18505.0,0.895
95765,14.91,1711.0,83095.0,1125.0,0.006,15476.0,0.866
94595,14.91,1938.0,51418.0,1132.0,0.092,18019.0,0.9259999999999999
95864,14.9,1520.0,59570.0,766.0,0.017,23355.0,0.873
92677,14.9,2075.0,80146.0,1208.0,0.009000000000000001,62099.0,0.835
90025,14.89,2298.0,47806.0,958.0,0.07200000000000001,41170.0,0.6609999999999999
95819,14.89,1369.0,55811.0,717.0,0.039,15964.0,0.88
92103,14.89,2083.0,39578.0,710.0,0.046,30186.0,0.855
90064,14.88,2281.0,59923.0,899.0,0.052000000000000005,24489.0,0.723
92124,14.88,1748.0,59164.0,1156.0,0.01,30187.0,0.7070000000000001
90211,14.88,3123.0,57746.0,1095.0,0.034,8313.0,0.8290000000000001
94043,14.88,2148.0,68721.0,1208.0,0.034,27821.0,0.608
92656,14.87,1820.0,74688.0,1266.0,0.011000000000000001,41222.0,0.7759999999999999
95003,14.87,2007.0,68760.0,1173.0,0.015,24225.0,0.8959999999999999
92808,14.87,1999.0,88329.0,1330.0,0.01,19612.0,0.687
91208,14.86,2295.0,76034.0,899.0,0.009000000000000001,16909.0,0.7290000000000001
91106,14.84,1981.0,46617.0,790.0,0.046,23725.0,0.5660000000000001
94041,14.83,2185.0,67889.0,1257.0,0.033,13471.0,0.653
94118,14.82,2933.0,61609.0,1062.0,0.315,38939.0,0.5670000000000001
95135,14.82,2671.0,96078.0,1400.0,0.013999999999999999,15791.0,0.535
92007,14.82,1756.0,62877.0,1076.0,0.026000000000000002,10366.0,0.863
91362,14.81,2187.0,83750.0,1150.0,0.008,33039.0,0.855
91326,14.81,2147.0,82310.0,840.0,0.018000000000000002,28049.0,0.6509999999999999
92024,14.8,1905.0,63996.0,943.0,0.03,47113.0,0.866
95452,14.79,1608.0,58421.0,924.0,0.024,1648.0,0.93
93105,14.78,2151.0,57780.0,1065.0,0.023,25756.0,0.873
94517,14.77,2145.0,96658.0,1360.0,0.084,14223.0,0.8740000000000001
91354,14.77,1838.0,84858.0,1294.0,0.024,17841.0,0.8270000000000001
91914,14.77,1775.0,68771.0,1375.0,0.017,2601.0,0.596
93720,14.75,1406.0,61797.0,802.0,0.002,45075.0,0.7829999999999999
90067,14.75,3857.0,74830.0,1605.0,0.019,2524.0,0.862
92373,14.75,1447.0,47970.0,697.0,0.011000000000000001,31228.0,0.807
91784,14.75,1798.0,81460.0,1189.0,0.017,23312.0,0.789
91381,14.75,2254.0,87112.0,1098.0,0.01,9919.0,0.731
95138,14.73,2967.0,103389.0,1572.0,0.017,14785.0,0.523
92692,14.73,1951.0,82690.0,1105.0,0.011000000000000001,46210.0,0.828
91423,14.73,2289.0,52662.0,888.0,0.02,29370.0,0.825
96140,14.71,1667.0,58000.0,908.0,0.012,1928.0,0.9520000000000001
93908,14.7,2160.0,85488.0,927.0,0.001,13020.0,0.81
94903,14.69,2201.0,70758.0,1217.0,0.09,28401.0,0.846
93940,14.69,1766.0,50274.0,895.0,0.027999999999999997,32840.0,0.8140000000000001
91207,14.68,2469.0,62347.0,796.0,0.006999999999999999,9852.0,0.79
94086,14.67,1963.0,71056.0,1278.0,0.05,63997.0,0.47700000000000004
91367,14.67,1982.0,61356.0,1073.0,0.011000000000000001,36106.0,0.8220000000000001
93950,14.66,1674.0,50263.0,960.0,0.017,15436.0,0.8809999999999999
94946,14.66,3175.0,76194.0,950.0,0.031,589.0,0.8490000000000001
92835,14.66,1870.0,66607.0,997.0,0.017,21144.0,0.792
92673,14.65,2217.0,92073.0,1142.0,0.006,15280.0,0.898
94566,14.65,2223.0,90107.0,1101.0,0.048,36664.0,0.8370000000000001
93711,14.65,1426.0,56927.0,680.0,0.004,36269.0,0.792
95831,14.64,1499.0,57329.0,802.0,0.028999999999999998,42821.0,0.489
92688,14.63,1898.0,74173.0,1118.0,0.01,42181.0,0.797
91602,14.63,2164.0,47989.0,817.0,0.021,16978.0,0.779
95066,14.63,2248.0,74159.0,1138.0,0.018000000000000002,14561.0,0.8909999999999999
94555,14.63,1813.0,84442.0,1273.0,0.054000000000000006,33863.0,0.321
90048,14.61,2434.0,47185.0,983.0,0.036000000000000004,21724.0,0.86
90046,14.6,2607.0,37398.0,773.0,0.052000000000000005,49831.0,0.858
92107,14.59,1732.0,42660.0,768.0,0.025,27956.0,0.8809999999999999
90035,14.54,2248.0,50014.0,975.0,0.039,27792.0,0.72
92629,14.54,2035.0,64622.0,1143.0,0.025,27728.0,0.8690000000000001
96145,14.54,1626.0,54545.0,885.0,0.002,3997.0,0.956
90401,14.53,2179.0,36461.0,720.0,0.044000000000000004,5201.0,0.7859999999999999
95134,14.52,2116.0,82072.0,1516.0,0.036000000000000004,9643.0,0.5329999999999999
92649,14.52,1841.0,70779.0,1004.0,0.012,32292.0,0.852
96141,14.51,1406.0,75863.0,725.0,0.025,840.0,0.973
90505,14.51,1989.0,60737.0,989.0,0.008,34855.0,0.659
95816,14.5,1426.0,35282.0,541.0,0.063,16157.0,0.7829999999999999
92120,14.5,1519.0,57461.0,886.0,0.012,25553.0,0.852
92354,14.5,1414.0,39086.0,668.0,0.024,18062.0,0.5329999999999999
94938,14.49,2103.0,60769.0,973.0,0.051,813.0,0.882
94523,14.49,1751.0,67824.0,989.0,0.113,32671.0,0.8190000000000001
91355,14.48,1800.0,76024.0,1095.0,0.02,24970.0,0.863
95054,14.48,1950.0,85124.0,1489.0,0.02,13013.0,0.382
94109,14.47,2969.0,43444.0,843.0,0.36200000000000004,56322.0,0.615
94038,14.47,2417.0,82777.0,1405.0,0.017,3061.0,0.8079999999999999
93401,14.47,1659.0,37176.0,715.0,0.024,27034.0,0.865
90245,14.47,1997.0,61341.0,882.0,0.012,16033.0,0.836
91101,14.46,1614.0,38187.0,744.0,0.038,16809.0,0.539
90278,14.45,1967.0,69614.0,943.0,0.015,37316.0,0.7509999999999999
91915,14.45,1870.0,76346.0,1202.0,0.006,9270.0,0.486
95060,14.44,1929.0,54082.0,936.0,0.062,43172.0,0.799
93012,14.44,1802.0,69939.0,1164.0,0.006,24928.0,0.863
95018,14.43,1540.0,60270.0,909.0,0.033,8720.0,0.862
94542,14.43,1958.0,69014.0,1111.0,0.055999999999999994,11145.0,0.54
92648,14.42,2319.0,64156.0,957.0,0.008,42645.0,0.821
90503,14.42,1872.0,58127.0,915.0,0.011000000000000001,41970.0,0.574
90045,14.42,1929.0,56566.0,864.0,0.03,39315.0,0.614
95065,14.41,1846.0,58490.0,1040.0,0.022000000000000002,8346.0,0.85
90815,14.41,1627.0,61074.0,962.0,0.018000000000000002,38892.0,0.755
92064,14.41,1770.0,71385.0,909.0,0.01,47957.0,0.8290000000000001
90814,14.4,1954.0,41808.0,694.0,0.036000000000000004,19014.0,0.674
90703,14.4,1674.0,72906.0,1257.0,0.013000000000000001,51542.0,0.26899999999999996
91765,14.4,1686.0,69848.0,1007.0,0.025,46520.0,0.418
94132,14.4,1875.0,55000.0,1126.0,0.256,26291.0,0.419
92119,14.39,1390.0,55973.0,831.0,0.025,21850.0,0.866
94949,14.39,2174.0,63838.0,1244.0,0.085,13360.0,0.825
95628,14.39,1477.0,60383.0,749.0,0.019,40739.0,0.88
92886,14.38,1881.0,82188.0,1143.0,0.005,39452.0,0.8440000000000001
94005,14.38,1993.0,65658.0,975.0,0.055,3615.0,0.726
95758,14.37,1442.0,68026.0,972.0,0.017,47063.0,0.5820000000000001
93402,14.37,1316.0,46806.0,817.0,0.013000000000000001,14842.0,0.883
95051,14.36,1743.0,73147.0,1293.0,0.03,52972.0,0.551
95006,14.36,1718.0,65206.0,950.0,0.01,10506.0,0.9129999999999999
91006,14.35,1858.0,58779.0,861.0,0.023,30010.0,0.485
95005,14.35,1707.0,64813.0,967.0,0.03,6394.0,0.917
91107,14.34,1903.0,56426.0,791.0,0.027000000000000003,32360.0,0.6409999999999999
95722,14.34,1476.0,60868.0,875.0,0.011000000000000001,3728.0,0.956
94951,14.34,1736.0,62528.0,749.0,0.033,3764.0,0.9209999999999999
90720,14.33,1944.0,65715.0,887.0,0.009000000000000001,21328.0,0.825
93110,14.33,1996.0,52493.0,940.0,0.022000000000000002,15751.0,0.8270000000000001
93311,14.33,1344.0,60700.0,762.0,0.009000000000000001,20432.0,0.738
91320,14.32,1869.0,77865.0,1213.0,0.006,37775.0,0.847
93111,14.32,1868.0,68087.0,1119.0,0.013000000000000001,16470.0,0.8140000000000001
91214,14.32,1800.0,64843.0,915.0,0.009000000000000001,29101.0,0.725
92691,14.32,1724.0,75184.0,1177.0,0.009000000000000001,46370.0,0.836
93449,14.31,1766.0,46521.0,845.0,0.004,8562.0,0.914
92646,14.31,1741.0,69638.0,1121.0,0.006999999999999999,56501.0,0.831
90291,14.3,1911.0,45769.0,848.0,0.057,31018.0,0.715
91316,14.29,1987.0,49131.0,867.0,0.02,27595.0,0.831
92352,14.29,1462.0,60829.0,740.0,0.013000000000000001,9792.0,0.904
92110,14.28,1622.0,40642.0,788.0,0.04,24149.0,0.81
95008,14.27,2006.0,68106.0,1175.0,0.02,44970.0,0.727
95010,14.27,1665.0,46171.0,963.0,0.012,9657.0,0.851
95405,14.27,1500.0,56945.0,957.0,0.013000000000000001,22247.0,0.884
91356,14.27,2433.0,51420.0,796.0,0.042,27407.0,0.789
92029,14.27,1921.0,63581.0,826.0,0.013999999999999999,17929.0,0.825
91902,14.27,1992.0,70955.0,957.0,0.004,17379.0,0.693
92270,14.26,1812.0,63349.0,657.0,0.008,12452.0,0.929
91307,14.26,1818.0,74072.0,1358.0,0.015,23622.0,0.79
94510,14.25,1683.0,65959.0,892.0,0.043,25573.0,0.7909999999999999
95073,14.25,2035.0,57034.0,1007.0,0.019,9807.0,0.868
94403,14.24,2117.0,67152.0,1210.0,0.048,37919.0,0.6829999999999999
94122,14.23,1761.0,60733.0,1071.0,0.295,55492.0,0.47200000000000003
94702,14.23,1484.0,39290.0,685.0,0.203,15629.0,0.446
92807,14.22,1804.0,76381.0,1199.0,0.009000000000000001,36283.0,0.76
94945,14.22,2043.0,65938.0,1022.0,0.06,16423.0,0.846
91913,14.22,1785.0,66968.0,1162.0,0.013000000000000001,12880.0,0.584
90740,14.21,2054.0,42067.0,1033.0,0.008,24177.0,0.888
95959,14.21,1310.0,45803.0,734.0,0.006,17267.0,0.938
95570,14.21,1123.0,33300.0,669.0,0.006999999999999999,2352.0,0.88
91007,14.21,1956.0,51255.0,834.0,0.027000000000000003,30925.0,0.466
95409,14.21,1569.0,52912.0,956.0,0.015,25706.0,0.894
94947,14.2,1931.0,66970.0,1145.0,0.084,24724.0,0.841
95472,14.2,1653.0,55766.0,805.0,0.016,31246.0,0.895
91789,14.2,1846.0,73943.0,1103.0,0.021,45106.0,0.317
95125,14.19,2249.0,68613.0,1155.0,0.036000000000000004,46184.0,0.757
93460,14.19,1939.0,68682.0,988.0,0.004,5704.0,0.855
95747,14.19,1478.0,62922.0,822.0,0.01,25410.0,0.8809999999999999
94121,14.19,2035.0,61776.0,984.0,0.311,42473.0,0.486
95219,14.19,1563.0,50396.0,697.0,0.012,19103.0,0.6609999999999999
92211,14.18,1396.0,52251.0,797.0,0.009000000000000001,19699.0,0.907
91741,14.18,1713.0,67419.0,856.0,0.013999999999999999,24967.0,0.866
90808,14.17,1576.0,63620.0,894.0,0.013000000000000001,37403.0,0.81
94710,14.17,1443.0,34951.0,634.0,0.243,8149.0,0.374
95436,14.16,1212.0,46817.0,791.0,0.004,6201.0,0.904
91360,14.16,1728.0,72033.0,1083.0,0.008,42513.0,0.845
92008,14.16,1677.0,55123.0,897.0,0.024,35562.0,0.84
92506,14.15,1450.0,62357.0,741.0,0.019,42405.0,0.763
95672,14.15,1743.0,69662.0,938.0,0.043,3803.0,0.922
95661,14.14,1502.0,58606.0,865.0,0.016,25161.0,0.885
91709,14.14,1787.0,78336.0,1035.0,0.02,66734.0,0.564
91001,14.14,1661.0,63543.0,775.0,0.03,36235.0,0.42200000000000004
90623,14.13,1709.0,69096.0,956.0,0.011000000000000001,15498.0,0.433
95521,14.13,977.0,24346.0,551.0,0.021,19585.0,0.852
95663,14.13,1670.0,60560.0,890.0,0.008,2035.0,0.9109999999999999
95131,14.13,1982.0,87486.0,1504.0,0.013999999999999999,26384.0,0.223
95130,14.13,1972.0,73502.0,1105.0,0.017,13465.0,0.669
95124,14.12,1940.0,79008.0,1207.0,0.019,45250.0,0.7979999999999999
95139,14.12,1881.0,86515.0,1500.0,0.033,7006.0,0.708
95926,14.11,1120.0,28831.0,555.0,0.018000000000000002,35803.0,0.851
95946,14.11,1324.0,50591.0,1015.0,0.01,9745.0,0.9490000000000001
92653,14.1,1662.0,46716.0,1141.0,0.013999999999999999,48266.0,0.833
94602,14.1,1670.0,55321.0,781.0,0.158,28880.0,0.451
94547,14.07,1681.0,75707.0,1082.0,0.08,22460.0,0.327
94501,14.06,1783.0,51896.0,892.0,0.159,58535.0,0.5770000000000001
95630,14.06,1665.0,73240.0,939.0,0.013999999999999999,51849.0,0.779
95608,14.05,1354.0,45693.0,643.0,0.025,58819.0,0.86
94901,14.05,2397.0,59889.0,985.0,0.136,40221.0,0.728
94044,14.05,1821.0,72288.0,1247.0,0.078,38869.0,0.691
95825,14.03,1195.0,35228.0,641.0,0.038,30708.0,0.675
90732,14.02,1823.0,63614.0,968.0,0.009000000000000001,21264.0,0.7759999999999999
91737,14.02,1781.0,73201.0,953.0,0.022000000000000002,23075.0,0.7190000000000001
91775,14.01,1698.0,56657.0,739.0,0.019,23426.0,0.47
95682,14.0,1630.0,64454.0,769.0,0.015,24721.0,0.9259999999999999
96161,14.0,1463.0,58113.0,882.0,0.003,15781.0,0.892
95136,14.0,1920.0,74908.0,1269.0,0.031,36924.0,0.561
96103,13.99,1203.0,50888.0,600.0,0.012,1837.0,0.96
94536,13.98,1856.0,70026.0,1149.0,0.057999999999999996,66533.0,0.562
95677,13.98,1457.0,54111.0,818.0,0.01,21505.0,0.8959999999999999
91941,13.98,1444.0,45916.0,719.0,0.023,44651.0,0.807
95119,13.97,1950.0,87931.0,1379.0,0.026000000000000002,10137.0,0.652
90034,13.97,1779.0,37231.0,809.0,0.078,58199.0,0.46299999999999997
92672,13.97,1869.0,57110.0,903.0,0.019,34932.0,0.871
91311,13.97,1806.0,62270.0,890.0,0.025,35317.0,0.738
92708,13.97,1678.0,69710.0,1060.0,0.008,54530.0,0.642
90232,13.97,1806.0,46121.0,826.0,0.067,15175.0,0.5710000000000001
94550,13.96,1859.0,75026.0,1034.0,0.032,75925.0,0.821
92630,13.96,1762.0,68311.0,1087.0,0.013999999999999999,59167.0,0.76
95062,13.95,1739.0,46181.0,991.0,0.037000000000000005,36620.0,0.809
93010,13.95,1696.0,63245.0,941.0,0.006,42840.0,0.784
92821,13.95,1687.0,59189.0,932.0,0.01,34041.0,0.768
91942,13.95,1322.0,42443.0,831.0,0.02,24000.0,0.833
95404,13.94,1637.0,52864.0,801.0,0.021,35056.0,0.8240000000000001
93463,13.93,1936.0,52149.0,858.0,0.011000000000000001,7942.0,0.895
94521,13.93,1603.0,64485.0,995.0,0.092,39887.0,0.755
92592,13.93,1592.0,67593.0,910.0,0.002,46167.0,0.79
95462,13.93,1298.0,38227.0,720.0,0.024,1524.0,0.9179999999999999
90807,13.93,1591.0,50543.0,712.0,0.034,31549.0,0.55
93611,13.92,1364.0,64229.0,803.0,0.003,46851.0,0.826
91750,13.92,1719.0,60366.0,834.0,0.032,35512.0,0.768
91202,13.91,2042.0,49818.0,859.0,0.027999999999999997,21971.0,0.6859999999999999
91325,13.91,1759.0,48855.0,765.0,0.035,32300.0,0.615
93546,13.9,1603.0,46858.0,705.0,0.042,8214.0,0.8420000000000001
95818,13.9,1405.0,39412.0,503.0,0.059000000000000004,21298.0,0.608
94019,13.89,2431.0,82735.0,1222.0,0.017,17923.0,0.797
92126,13.89,1514.0,60229.0,1025.0,0.018000000000000002,74222.0,0.455
94116,13.89,1891.0,66627.0,1171.0,0.27399999999999997,42958.0,0.42700000000000005
95050,13.88,1853.0,58961.0,1062.0,0.033,36335.0,0.619
93117,13.87,1778.0,40901.0,886.0,0.045,49970.0,0.732
92705,13.87,2033.0,62368.0,880.0,0.018000000000000002,44110.0,0.718
93003,13.87,1550.0,54574.0,906.0,0.009000000000000001,46891.0,0.807
90630,13.86,1617.0,63611.0,923.0,0.012,47334.0,0.659
92626,13.85,1618.0,57929.0,1051.0,0.023,48200.0,0.7190000000000001
94518,13.85,1661.0,64429.0,950.0,0.10400000000000001,27392.0,0.746
94574,13.85,2117.0,60964.0,803.0,0.008,9415.0,0.8390000000000001
95650,13.85,1583.0,65327.0,796.0,0.006,11180.0,0.902
90305,13.84,1454.0,45711.0,714.0,0.032,13763.0,0.048
90230,13.84,1839.0,51275.0,849.0,0.037000000000000005,31945.0,0.531
92123,13.84,1410.0,49646.0,946.0,0.028999999999999998,25217.0,0.655
94061,13.83,2279.0,64839.0,1143.0,0.044000000000000004,35718.0,0.7609999999999999
94089,13.83,1635.0,66807.0,1366.0,0.04,16970.0,0.511
92845,13.83,1599.0,66830.0,1001.0,0.002,15864.0,0.8240000000000001
95843,13.82,1314.0,59151.0,813.0,0.012,36421.0,0.655
91501,13.81,1893.0,43750.0,827.0,0.031,18096.0,0.718
92116,13.81,1458.0,35401.0,634.0,0.057,33080.0,0.662
90010,13.81,2328.0,32083.0,590.0,0.114,1943.0,0.401
95004,13.8,1721.0,67697.0,921.0,0.006999999999999999,3368.0,0.784
95446,13.8,1223.0,39906.0,738.0,0.015,4893.0,0.884
91607,13.8,1883.0,40565.0,731.0,0.05,27439.0,0.745
91739,13.79,1571.0,70461.0,965.0,0.023,12925.0,0.693
94553,13.79,1555.0,60402.0,876.0,0.059000000000000004,46659.0,0.81
93023,13.79,1629.0,50709.0,803.0,0.013000000000000001,21624.0,0.882
95826,13.78,1105.0,42562.0,686.0,0.052000000000000005,38799.0,0.677
92313,13.78,1285.0,57303.0,787.0,0.008,11008.0,0.742
91701,13.78,1629.0,66668.0,865.0,0.012,39055.0,0.7290000000000001
95658,13.77,1721.0,60208.0,741.0,0.01,6095.0,0.9109999999999999
92117,13.77,1398.0,47245.0,865.0,0.024,51203.0,0.773
95037,13.77,2275.0,82258.0,1099.0,0.04,41690.0,0.723
94538,13.77,1701.0,68121.0,1206.0,0.055999999999999994,56111.0,0.521
95118,13.77,1901.0,73134.0,1110.0,0.036000000000000004,31916.0,0.725
93465,13.77,1480.0,52376.0,836.0,0.003,7901.0,0.9129999999999999
91350,13.76,1764.0,74616.0,873.0,0.026000000000000002,40069.0,0.843
94030,13.76,2161.0,68067.0,1157.0,0.052000000000000005,20334.0,0.631
90404,13.76,1838.0,39821.0,730.0,0.08199999999999999,19956.0,0.63
91344,13.76,1738.0,64947.0,912.0,0.017,48863.0,0.66
94609,13.75,1415.0,34398.0,697.0,0.272,21093.0,0.354
92382,13.75,1077.0,50608.0,718.0,0.006999999999999999,5386.0,0.879
92831,13.75,1604.0,45102.0,794.0,0.03,34589.0,0.652
92508,13.74,1533.0,68701.0,1042.0,0.013999999999999999,17142.0,0.6970000000000001
95035,13.74,1974.0,84565.0,1279.0,0.023,62840.0,0.31
94952,13.74,1669.0,56934.0,864.0,0.042,31917.0,0.8759999999999999
93021,13.74,1824.0,76796.0,1170.0,0.009000000000000001,32978.0,0.743
95123,13.74,1870.0,75188.0,1369.0,0.036000000000000004,59621.0,0.6509999999999999
91773,13.73,1689.0,63526.0,896.0,0.018000000000000002,33865.0,0.745
94525,13.72,1516.0,48672.0,697.0,0.021,3184.0,0.851
94619,13.72,1571.0,54174.0,746.0,0.107,24501.0,0.33899999999999997
95117,13.72,1994.0,57626.0,1112.0,0.05,29903.0,0.573
93420,13.71,1517.0,50244.0,729.0,0.002,24482.0,0.888
92078,13.7,1847.0,53586.0,922.0,0.008,6748.0,0.81
95928,13.7,1118.0,30536.0,627.0,0.013000000000000001,32831.0,0.8140000000000001
95132,13.7,1815.0,82779.0,1387.0,0.011000000000000001,40563.0,0.34
93004,13.69,1568.0,59099.0,817.0,0.012,27379.0,0.79
90066,13.69,1836.0,45089.0,780.0,0.07200000000000001,55194.0,0.608
94568,13.69,1907.0,77122.0,1356.0,0.053,29633.0,0.6940000000000001
94015,13.68,1825.0,64534.0,1150.0,0.161,63317.0,0.29100000000000004
92003,13.68,1688.0,58059.0,801.0,0.015,3844.0,0.823
94803,13.67,1580.0,61494.0,863.0,0.07200000000000001,25392.0,0.516
92562,13.67,1555.0,61583.0,783.0,0.002,36129.0,0.826
95709,13.67,1211.0,46179.0,743.0,0.009000000000000001,4825.0,0.917
95835,13.67,1690.0,63611.0,246.0,0.02,834.0,0.6779999999999999
92869,13.67,1841.0,74117.0,968.0,0.022000000000000002,37900.0,0.718
91206,13.66,2208.0,41674.0,776.0,0.031,31284.0,0.6459999999999999
92056,13.66,1458.0,53676.0,932.0,0.025,52894.0,0.736
95017,13.65,1637.0,56750.0,763.0,0.025,850.0,0.765
95476,13.64,1645.0,50520.0,879.0,0.021,34310.0,0.868
95223,13.64,1102.0,44563.0,626.0,0.009000000000000001,5142.0,0.951
92260,13.64,1386.0,43299.0,735.0,0.015,29322.0,0.87
92264,13.64,1271.0,39173.0,657.0,0.018000000000000002,18869.0,0.8440000000000001
95602,13.64,1512.0,47856.0,749.0,0.006999999999999999,18184.0,0.929
93312,13.63,1317.0,61583.0,753.0,0.003,40824.0,0.861
95949,13.63,1338.0,50816.0,905.0,0.003,17909.0,0.951
95624,13.63,1392.0,65850.0,758.0,0.017,38521.0,0.713
95973,13.63,1162.0,41111.0,612.0,0.011000000000000001,26954.0,0.865
95662,13.62,1270.0,54316.0,826.0,0.013999999999999999,32035.0,0.895
93551,13.62,1506.0,68057.0,792.0,0.01,34036.0,0.7090000000000001
94546,13.61,1677.0,57976.0,965.0,0.057999999999999996,41680.0,0.7659999999999999
95829,13.61,1381.0,63774.0,935.0,0.016,11380.0,0.66
92881,13.6,1745.0,70992.0,810.0,0.01,21903.0,0.6940000000000001
91020,13.59,1609.0,41580.0,768.0,0.003,7515.0,0.7120000000000001
91505,13.59,1571.0,51740.0,825.0,0.021,29235.0,0.778
92591,13.59,1495.0,58429.0,849.0,0.005,25648.0,0.7979999999999999
92883,13.58,1607.0,69462.0,1038.0,0.01,13168.0,0.743
92019,13.57,1631.0,56486.0,805.0,0.009000000000000001,40981.0,0.8340000000000001
95603,13.57,1435.0,48520.0,692.0,0.004,24941.0,0.9259999999999999
93035,13.55,1629.0,58874.0,1059.0,0.01,25321.0,0.6729999999999999
94564,13.55,1476.0,60804.0,854.0,0.059000000000000004,16705.0,0.5379999999999999
95128,13.55,1895.0,55869.0,1049.0,0.033,32799.0,0.622
95519,13.54,1024.0,39058.0,597.0,0.006999999999999999,15918.0,0.88
90603,13.53,1570.0,59328.0,852.0,0.013000000000000001,19101.0,0.778
95685,13.53,1186.0,47589.0,726.0,0.002,4606.0,0.922
93555,13.52,875.0,45722.0,498.0,0.004,29762.0,0.8320000000000001
93065,13.52,1730.0,72384.0,1069.0,0.013999999999999999,64785.0,0.8059999999999999
94928,13.52,1523.0,51952.0,904.0,0.034,42542.0,0.8029999999999999
94954,13.52,1614.0,67705.0,1089.0,0.045,35400.0,0.821
92675,13.51,1797.0,62937.0,1009.0,0.027000000000000003,34311.0,0.784
93455,13.5,1321.0,53251.0,855.0,0.009000000000000001,37352.0,0.836
92870,13.5,1685.0,63367.0,899.0,0.012,48166.0,0.6829999999999999
95713,13.49,1334.0,47467.0,608.0,0.002,8510.0,0.93
91504,13.49,1730.0,55813.0,779.0,0.027999999999999997,25872.0,0.687
95670,13.49,1244.0,45897.0,660.0,0.03,49713.0,0.7090000000000001
91748,13.48,1561.0,51640.0,845.0,0.027000000000000003,46324.0,0.28
91901,13.48,1796.0,62452.0,757.0,0.004,16468.0,0.8809999999999999
94805,13.48,1283.0,50300.0,813.0,0.13,13973.0,0.479
92253,13.48,1337.0,54686.0,815.0,0.008,23970.0,0.785
94591,13.47,1535.0,61022.0,901.0,0.045,51659.0,0.397
92647,13.46,1589.0,57528.0,957.0,0.018000000000000002,58761.0,0.7020000000000001
95703,13.45,1299.0,57992.0,1028.0,0.011000000000000001,1512.0,0.914
95126,13.45,2052.0,50113.0,1001.0,0.073,27021.0,0.607
95448,13.45,1596.0,51207.0,865.0,0.016,17976.0,0.81
93422,13.43,1385.0,49754.0,701.0,0.004,29532.0,0.892
92555,13.43,1405.0,62509.0,881.0,0.009000000000000001,12726.0,0.628
91506,13.42,1614.0,50849.0,754.0,0.013999999999999999,18530.0,0.762
95421,13.42,1201.0,36850.0,675.0,0.006,1569.0,0.862
94585,13.42,1527.0,66010.0,870.0,0.022000000000000002,39260.0,0.525
95669,13.42,1183.0,42955.0,654.0,0.004,2214.0,0.9159999999999999
90504,13.41,1553.0,50587.0,823.0,0.023,31664.0,0.47100000000000003
91351,13.41,1576.0,61349.0,980.0,0.028999999999999998,59257.0,0.762
93704,13.41,1030.0,36839.0,598.0,0.019,26565.0,0.705
95678,13.41,1331.0,49615.0,746.0,0.013999999999999999,30597.0,0.828
96001,13.41,1104.0,34560.0,545.0,0.017,31585.0,0.898
91780,13.4,1424.0,47575.0,771.0,0.028999999999999998,32714.0,0.489
92065,13.4,1696.0,60404.0,718.0,0.005,33087.0,0.863
94599,13.39,1743.0,48452.0,977.0,0.009000000000000001,2870.0,0.9179999999999999
95610,13.39,1168.0,45423.0,710.0,0.018000000000000002,43716.0,0.8420000000000001
95688,13.39,1509.0,61828.0,761.0,0.004,32552.0,0.797
95684,13.39,1130.0,45000.0,730.0,0.017,2951.0,0.934
93063,13.38,1649.0,67311.0,1038.0,0.015,49011.0,0.828
90713,13.38,1501.0,63458.0,1010.0,0.011000000000000001,27549.0,0.775
95821,13.38,1190.0,35453.0,545.0,0.048,35408.0,0.768
93710,13.38,1061.0,33670.0,563.0,0.018000000000000002,29327.0,0.639
91745,13.38,1480.0,59642.0,946.0,0.02,53682.0,0.41
92101,13.37,1873.0,23762.0,550.0,0.106,27494.0,0.6829999999999999
90027,13.37,2224.0,31820.0,647.0,0.107,48715.0,0.619
95667,13.37,1366.0,47707.0,696.0,0.015,34138.0,0.9179999999999999
95492,13.37,1650.0,63161.0,856.0,0.009000000000000001,23688.0,0.792
95403,13.36,1535.0,52434.0,870.0,0.021,40258.0,0.7759999999999999
95356,13.36,1306.0,46663.0,701.0,0.01,26038.0,0.763
91040,13.36,1487.0,51894.0,709.0,0.022000000000000002,18748.0,0.785
94066,13.35,1827.0,61939.0,1158.0,0.08,39546.0,0.579
90638,13.33,1505.0,61724.0,874.0,0.015,47548.0,0.644
92587,13.33,1459.0,58656.0,1010.0,0.009000000000000001,13135.0,0.883
94931,13.33,1528.0,52297.0,885.0,0.04,7916.0,0.841
96027,13.32,840.0,31250.0,445.0,0.01,2147.0,0.887
92865,13.32,1509.0,55512.0,893.0,0.023,18039.0,0.726
93013,13.32,1955.0,52052.0,956.0,0.028999999999999998,17402.0,0.759
92028,13.32,1662.0,49284.0,717.0,0.013000000000000001,42236.0,0.769
91978,13.32,1423.0,46853.0,947.0,0.026000000000000002,7843.0,0.7509999999999999
95503,13.31,1032.0,35899.0,605.0,0.009000000000000001,23557.0,0.868
92325,13.3,1064.0,44647.0,698.0,0.019,10477.0,0.8809999999999999
95833,13.3,1129.0,44674.0,728.0,0.038,31414.0,0.521
92867,13.3,1775.0,63039.0,885.0,0.035,40914.0,0.726
96150,13.29,1205.0,40076.0,658.0,0.037000000000000005,33024.0,0.809
95148,13.29,2032.0,89398.0,1504.0,0.018000000000000002,44095.0,0.278
92071,13.29,1387.0,53824.0,832.0,0.017,53502.0,0.865
92374,13.28,1229.0,45516.0,672.0,0.016,36658.0,0.6659999999999999
94587,13.27,1823.0,71863.0,1091.0,0.062,66457.0,0.3
90041,13.27,1551.0,48439.0,684.0,0.061,27864.0,0.48200000000000004
94558,13.27,1597.0,55995.0,864.0,0.015,63932.0,0.826
94519,13.27,1437.0,57601.0,960.0,0.083,18643.0,0.77
94608,13.27,1181.0,33556.0,745.0,0.19399999999999998,24572.0,0.247
92315,13.26,1351.0,34537.0,581.0,0.004,5435.0,0.912
91724,13.26,1521.0,59158.0,838.0,0.028999999999999998,25062.0,0.665
95945,13.25,1211.0,33629.0,651.0,0.013999999999999999,23979.0,0.935
94303,13.25,1954.0,64256.0,956.0,0.046,45483.0,0.428
92082,13.25,1803.0,58147.0,638.0,0.003,14559.0,0.7809999999999999
91324,13.24,1720.0,49961.0,761.0,0.040999999999999995,25731.0,0.597
94515,13.24,1569.0,44320.0,733.0,0.001,7370.0,0.807
95827,13.24,1082.0,42910.0,762.0,0.051,19599.0,0.626
93022,13.24,1610.0,59313.0,942.0,0.013000000000000001,6495.0,0.868
90712,13.23,1463.0,59347.0,837.0,0.016,30171.0,0.653
93103,13.23,2130.0,47625.0,917.0,0.055999999999999994,20877.0,0.654
90008,13.22,1597.0,30472.0,623.0,0.11,30840.0,0.061
92833,13.22,1489.0,50929.0,790.0,0.031,46099.0,0.535
94110,13.22,1767.0,53795.0,882.0,0.363,74633.0,0.524
91791,13.22,1612.0,56216.0,816.0,0.040999999999999995,30442.0,0.51
95370,13.2,1135.0,37714.0,608.0,0.009000000000000001,25331.0,0.9309999999999999
95969,13.2,941.0,31826.0,576.0,0.008,28304.0,0.935
93510,13.18,1751.0,65737.0,943.0,0.006999999999999999,7813.0,0.8759999999999999
96032,13.18,763.0,31849.0,495.0,0.017,2329.0,0.8909999999999999
93309,13.18,1096.0,40084.0,590.0,0.015,58612.0,0.706
91910,13.17,1538.0,42970.0,693.0,0.044000000000000004,74009.0,0.5710000000000001
96094,13.17,822.0,31171.0,474.0,0.012,5883.0,0.825
95242,13.17,1350.0,49047.0,752.0,0.003,22071.0,0.838
95338,13.17,1011.0,34601.0,514.0,0.013000000000000001,10218.0,0.897
91792,13.15,1448.0,54074.0,864.0,0.057999999999999996,31620.0,0.304
93001,13.15,1407.0,43023.0,756.0,0.023,32898.0,0.746
95461,13.14,1109.0,43200.0,677.0,0.005,7771.0,0.91
95212,13.14,1460.0,50316.0,506.0,0.01,6934.0,0.769
95621,13.13,1107.0,42584.0,747.0,0.018000000000000002,41629.0,0.853
92057,13.13,1376.0,49469.0,910.0,0.027999999999999997,46881.0,0.638
94605,13.12,1490.0,47288.0,755.0,0.128,42852.0,0.204
92111,13.12,1329.0,42774.0,766.0,0.051,46821.0,0.597
93277,13.12,1130.0,44015.0,579.0,0.009000000000000001,44737.0,0.805
95382,13.11,1199.0,46804.0,657.0,0.003,24691.0,0.802
92584,13.11,1336.0,53190.0,902.0,0.003,14061.0,0.8490000000000001
95659,13.11,964.0,47143.0,618.0,0.015,750.0,0.841
90601,13.11,1492.0,52800.0,746.0,0.017,32039.0,0.594
95623,13.1,1541.0,39638.0,675.0,0.009000000000000001,4096.0,0.937
92026,13.1,1460.0,48441.0,806.0,0.017,43426.0,0.764
92866,13.1,1559.0,45307.0,843.0,0.036000000000000004,15380.0,0.7340000000000001
92115,13.09,1327.0,31666.0,675.0,0.05,56883.0,0.5670000000000001
96003,13.09,1086.0,35917.0,596.0,0.006999999999999999,41463.0,0.905
90039,13.08,1594.0,45615.0,734.0,0.064,29306.0,0.494
94577,13.08,1526.0,50888.0,844.0,0.114,41867.0,0.527
94509,13.07,1572.0,60375.0,786.0,0.043,90879.0,0.654
95389,13.06,1078.0,51500.0,475.0,0.027999999999999997,1740.0,0.8059999999999999
92139,13.06,1306.0,49032.0,797.0,0.016,36341.0,0.29
92307,13.06,1100.0,41728.0,562.0,0.006999999999999999,31859.0,0.779
91016,13.06,1542.0,46468.0,750.0,0.028999999999999998,41050.0,0.631
93433,13.06,1261.0,37930.0,748.0,0.004,13099.0,0.7979999999999999
92563,13.05,1463.0,52208.0,783.0,0.008,18303.0,0.772
93536,13.05,1262.0,54223.0,649.0,0.01,49303.0,0.701
93907,13.05,1630.0,60179.0,915.0,0.003,22278.0,0.674
93427,13.05,1554.0,49677.0,745.0,0.013999999999999999,4630.0,0.8079999999999999
90746,13.04,1446.0,59390.0,905.0,0.035,25561.0,0.132
95631,13.03,1237.0,51000.0,704.0,0.009000000000000001,5703.0,0.929
92104,13.03,1296.0,31139.0,621.0,0.08900000000000001,47688.0,0.565
93514,13.03,1232.0,37969.0,548.0,0.009000000000000001,13304.0,0.8220000000000001
91104,13.03,1642.0,41815.0,705.0,0.052000000000000005,38449.0,0.541
94533,13.03,1426.0,50537.0,773.0,0.021,77666.0,0.545
96097,13.02,829.0,29392.0,463.0,0.004,9528.0,0.875
94513,13.02,1734.0,68515.0,832.0,0.026000000000000002,26560.0,0.741
95841,13.01,1138.0,33918.0,625.0,0.027000000000000003,20975.0,0.772
93101,13.01,1681.0,38714.0,875.0,0.063,31717.0,0.6559999999999999
93933,13.01,1405.0,42231.0,781.0,0.02,21750.0,0.491
92880,13.01,1578.0,66439.0,744.0,0.013999999999999999,16990.0,0.688
95355,13.0,1185.0,45115.0,665.0,0.012,47605.0,0.7859999999999999
95209,13.0,1286.0,56416.0,720.0,0.009000000000000001,30812.0,0.562
92262,12.99,1148.0,32844.0,605.0,0.024,24906.0,0.74
95687,12.99,1444.0,56811.0,876.0,0.008,63144.0,0.6970000000000001
92557,12.99,1279.0,54724.0,789.0,0.015,46197.0,0.528
95834,12.99,1133.0,42890.0,681.0,0.031,8392.0,0.447
94560,12.98,1659.0,69350.0,1093.0,0.034,42471.0,0.522
94401,12.98,1860.0,55112.0,1095.0,0.07400000000000001,32484.0,0.5770000000000001
91740,12.98,1455.0,52696.0,792.0,0.025,25117.0,0.743
91304,12.97,1813.0,48052.0,728.0,0.048,49226.0,0.609
93446,12.97,1253.0,42309.0,650.0,0.006999999999999999,35578.0,0.823
92040,12.96,1500.0,49011.0,738.0,0.016,42267.0,0.883
90717,12.95,1633.0,42182.0,774.0,0.021,21060.0,0.653
95401,12.95,1444.0,49192.0,847.0,0.022000000000000002,36120.0,0.741
94133,12.95,3155.0,40990.0,731.0,0.27699999999999997,26827.0,0.396
94102,12.95,1438.0,22351.0,564.0,0.426,28991.0,0.46
94080,12.95,1746.0,61289.0,1063.0,0.09300000000000001,60592.0,0.444
94572,12.94,1393.0,60082.0,783.0,0.033,8487.0,0.527
92359,12.94,1206.0,40820.0,528.0,0.013999999999999999,7306.0,0.755
91801,12.92,1438.0,38229.0,727.0,0.049,54381.0,0.292
95501,12.92,876.0,26088.0,495.0,0.019,23212.0,0.833
95666,12.92,1056.0,37175.0,705.0,0.004,5496.0,0.953
95954,12.91,991.0,32813.0,671.0,0.006,11160.0,0.943
96002,12.91,1029.0,34507.0,575.0,0.012,30333.0,0.87
93444,12.91,1385.0,50231.0,753.0,0.004,15391.0,0.779
93405,12.9,1478.0,30016.0,739.0,0.027000000000000003,31972.0,0.8009999999999999
91723,12.9,1396.0,42100.0,726.0,0.053,17552.0,0.636
92780,12.9,1528.0,47961.0,877.0,0.036000000000000004,55047.0,0.585
95490,12.89,1004.0,33915.0,580.0,0.002,13463.0,0.866
94571,12.89,1242.0,45142.0,705.0,0.01,5233.0,0.8590000000000001
90240,12.89,1672.0,55492.0,770.0,0.03,24891.0,0.583
94579,12.88,1497.0,57214.0,944.0,0.08199999999999999,19802.0,0.513
94559,12.88,1394.0,43846.0,766.0,0.019,26891.0,0.789
95842,12.86,998.0,40244.0,692.0,0.027000000000000003,31369.0,0.7020000000000001
92020,12.85,1486.0,37230.0,671.0,0.045,55266.0,0.738
95470,12.85,1214.0,44112.0,685.0,0.001,5975.0,0.845
91203,12.84,1406.0,32350.0,776.0,0.042,14479.0,0.58
91042,12.84,1440.0,42882.0,663.0,0.053,26738.0,0.7170000000000001
93505,12.84,895.0,45868.0,529.0,0.006999999999999999,8311.0,0.6809999999999999
95366,12.84,1299.0,55821.0,632.0,0.005,12627.0,0.835
92083,12.84,1388.0,45901.0,825.0,0.03,62030.0,0.647
91754,12.83,1430.0,40267.0,723.0,0.045,33263.0,0.228
90715,12.83,1394.0,48927.0,886.0,0.01,20884.0,0.39899999999999997
90802,12.83,1204.0,25860.0,555.0,0.129,38419.0,0.469
91786,12.82,1362.0,37431.0,697.0,0.027999999999999997,48807.0,0.629
95451,12.82,1175.0,35298.0,631.0,0.003,9885.0,0.857
91321,12.82,1569.0,49979.0,856.0,0.047,30727.0,0.7240000000000001
95133,12.82,1817.0,68214.0,1000.0,0.032,26018.0,0.252
95204,12.82,962.0,36391.0,580.0,0.018000000000000002,30465.0,0.645
94103,12.81,1367.0,31131.0,627.0,0.39899999999999997,23016.0,0.449
95993,12.81,1161.0,47099.0,587.0,0.008,27784.0,0.6659999999999999
92346,12.8,1267.0,45560.0,612.0,0.02,48227.0,0.605
95379,12.8,959.0,38405.0,588.0,0.004,3970.0,0.8859999999999999
90620,12.79,1430.0,57861.0,921.0,0.022000000000000002,44432.0,0.591
94014,12.79,1794.0,60711.0,936.0,0.195,47451.0,0.247
94545,12.78,1479.0,56973.0,1036.0,0.055,27295.0,0.369
91977,12.78,1312.0,45917.0,734.0,0.03,56098.0,0.5660000000000001
92627,12.78,1714.0,46138.0,894.0,0.066,62066.0,0.6809999999999999
91730,12.77,1324.0,50047.0,842.0,0.025,51969.0,0.586
90020,12.77,3375.0,24208.0,624.0,0.21,42383.0,0.256
92084,12.77,1471.0,44322.0,733.0,0.032,44677.0,0.687
92399,12.77,1204.0,39286.0,610.0,0.006999999999999999,41566.0,0.8540000000000001
92882,12.76,1579.0,55957.0,768.0,0.009000000000000001,60281.0,0.628
94804,12.76,1271.0,41573.0,722.0,0.16,39080.0,0.267
93436,12.76,1184.0,41952.0,658.0,0.012,51736.0,0.6940000000000001
90631,12.75,1529.0,50666.0,786.0,0.021,67353.0,0.643
95814,12.75,1140.0,20473.0,464.0,0.122,16598.0,0.616
92070,12.75,1350.0,30449.0,390.0,0.006999999999999999,1141.0,0.664
93561,12.75,1063.0,47031.0,514.0,0.002,25793.0,0.738
94561,12.75,1508.0,63777.0,900.0,0.025,27599.0,0.755
91945,12.75,1264.0,39906.0,711.0,0.062,24953.0,0.595
95540,12.73,971.0,31373.0,524.0,0.004,12232.0,0.885
95694,12.72,1343.0,49038.0,664.0,0.002,8397.0,0.7120000000000001
92054,12.71,1363.0,36277.0,736.0,0.033,98226.0,0.629
93238,12.71,781.0,27955.0,546.0,0.013000000000000001,1871.0,0.9079999999999999
96064,12.7,695.0,30016.0,481.0,0.005,4582.0,0.9059999999999999
91201,12.7,1827.0,38179.0,758.0,0.040999999999999995,23978.0,0.6559999999999999
95482,12.69,1153.0,36322.0,600.0,0.006,30987.0,0.775
96025,12.69,725.0,23583.0,476.0,0.036000000000000004,2593.0,0.9009999999999999
94578,12.68,1386.0,44723.0,838.0,0.096,36565.0,0.441
93612,12.68,1000.0,30646.0,555.0,0.009000000000000001,33838.0,0.705
94580,12.68,1465.0,54594.0,933.0,0.069,26237.0,0.591
95207,12.68,1093.0,33194.0,606.0,0.019,49958.0,0.523
91384,12.67,1619.0,73933.0,864.0,0.015,22173.0,0.688
93292,12.67,1091.0,42622.0,581.0,0.009000000000000001,30393.0,0.723
94589,12.67,1345.0,53881.0,852.0,0.042,42198.0,0.327
95350,12.66,1063.0,37671.0,612.0,0.013999999999999999,52862.0,0.7440000000000001
92879,12.66,1511.0,53451.0,877.0,0.013000000000000001,44874.0,0.556
90043,12.66,1368.0,34069.0,604.0,0.095,44761.0,0.084
92069,12.65,1437.0,45647.0,792.0,0.02,52658.0,0.677
96130,12.65,993.0,38386.0,584.0,0.004,19433.0,0.792
91401,12.65,1672.0,35403.0,669.0,0.077,40372.0,0.6
93722,12.65,1080.0,43256.0,605.0,0.012,60879.0,0.57
92377,12.64,1346.0,57922.0,1045.0,0.023,18499.0,0.451
92277,12.64,717.0,29781.0,471.0,0.008,17169.0,0.728
93245,12.63,1098.0,38652.0,547.0,0.024,30402.0,0.606
92544,12.63,1024.0,37086.0,570.0,0.009000000000000001,39254.0,0.835
95376,12.62,1659.0,61800.0,795.0,0.019,69786.0,0.655
90704,12.61,1839.0,39840.0,802.0,0.037000000000000005,3696.0,0.708
92308,12.61,986.0,36646.0,585.0,0.011000000000000001,28805.0,0.758
95046,12.61,2372.0,69063.0,748.0,0.048,5660.0,0.6779999999999999
93313,12.61,1136.0,50114.0,809.0,0.006999999999999999,25115.0,0.64
94060,12.61,1981.0,59006.0,921.0,0.034,2042.0,0.779
92027,12.6,1408.0,46077.0,758.0,0.023,48674.0,0.701
96022,12.6,993.0,38049.0,583.0,0.001,12347.0,0.902
95620,12.6,1445.0,54448.0,711.0,0.006,18510.0,0.7
92284,12.6,771.0,29924.0,507.0,0.006999999999999999,20477.0,0.879
96143,12.6,1207.0,38366.0,688.0,0.09699999999999999,4802.0,0.74
91306,12.6,1541.0,49064.0,702.0,0.046,43846.0,0.528
92507,12.6,1119.0,30374.0,633.0,0.025,48645.0,0.439
94108,12.59,4001.0,31542.0,657.0,0.297,13716.0,0.368
93513,12.58,949.0,34688.0,559.0,0.003,1816.0,0.708
92021,12.57,1429.0,40103.0,694.0,0.022000000000000002,61868.0,0.799
90501,12.56,1600.0,42117.0,694.0,0.021,40697.0,0.48200000000000004
90249,12.56,1369.0,44451.0,640.0,0.047,26433.0,0.28
90028,12.56,1578.0,21893.0,600.0,0.191,30562.0,0.555
93041,12.56,1347.0,41714.0,811.0,0.01,25617.0,0.5820000000000001
94612,12.55,1250.0,20034.0,529.0,0.271,11700.0,0.235
90502,12.55,1313.0,48601.0,878.0,0.025,17038.0,0.41100000000000003
92806,12.55,1512.0,50555.0,867.0,0.033,34387.0,0.589
95828,12.54,1119.0,45137.0,722.0,0.02,54862.0,0.41
96052,12.53,809.0,31935.0,560.0,0.003,1837.0,0.903
94590,12.52,1169.0,35699.0,665.0,0.059000000000000004,37214.0,0.42700000000000005
93534,12.52,938.0,31217.0,610.0,0.031,35104.0,0.645
92595,12.52,1298.0,50129.0,743.0,0.002,19359.0,0.8170000000000001
95695,12.51,1241.0,43237.0,632.0,0.011000000000000001,38537.0,0.7020000000000001
91803,12.51,1389.0,41303.0,704.0,0.04,30629.0,0.316
96080,12.5,902.0,32095.0,496.0,0.006,26426.0,0.8859999999999999
95425,12.5,1405.0,45681.0,735.0,0.006,9196.0,0.795
95361,12.5,1225.0,45102.0,583.0,0.006,25369.0,0.858
95020,12.49,1982.0,64611.0,939.0,0.033,49948.0,0.603
91010,12.48,1340.0,50634.0,816.0,0.033,27400.0,0.495
93454,12.48,1169.0,39007.0,706.0,0.004,30522.0,0.747
92392,12.48,1072.0,38199.0,613.0,0.01,63228.0,0.6509999999999999
95619,12.48,1187.0,39575.0,683.0,0.005,4414.0,0.8909999999999999
94112,12.47,1582.0,57629.0,1016.0,0.31,73104.0,0.289
95023,12.47,1758.0,58559.0,765.0,0.013999999999999999,47505.0,0.6409999999999999
95368,12.47,1327.0,58075.0,696.0,0.005,12464.0,0.685
90710,12.46,1473.0,42299.0,642.0,0.049,24640.0,0.46399999999999997
95817,12.46,1009.0,26331.0,540.0,0.077,14963.0,0.444
95822,12.43,1008.0,35485.0,606.0,0.043,44678.0,0.39
95348,12.43,1050.0,33473.0,565.0,0.004,23093.0,0.569
95428,12.43,708.0,28092.0,462.0,0.004,2285.0,0.486
92311,12.43,858.0,37591.0,514.0,0.022000000000000002,31273.0,0.616
90248,12.43,1356.0,43125.0,682.0,0.026000000000000002,9944.0,0.299
92504,12.42,1114.0,40583.0,713.0,0.022000000000000002,46533.0,0.637
94541,12.42,1501.0,48523.0,865.0,0.07200000000000001,60254.0,0.504
91932,12.41,1262.0,36025.0,689.0,0.065,26655.0,0.623
92545,12.41,1018.0,31065.0,632.0,0.008,25687.0,0.86
93306,12.4,1006.0,38711.0,569.0,0.013000000000000001,53466.0,0.645
91601,12.4,1524.0,31671.0,666.0,0.077,36616.0,0.525
92407,12.39,1141.0,40018.0,675.0,0.024,49349.0,0.532
93631,12.39,1131.0,40064.0,533.0,0.004,14077.0,0.698
95121,12.39,1780.0,75326.0,1348.0,0.027999999999999997,37126.0,0.265
92114,12.38,1256.0,46189.0,717.0,0.049,66837.0,0.212
95336,12.38,1278.0,48544.0,715.0,0.013000000000000001,36728.0,0.752
90621,12.38,1432.0,41716.0,804.0,0.043,33525.0,0.445
91790,12.37,1406.0,50825.0,791.0,0.035,44085.0,0.48200000000000004
95626,12.37,1101.0,46681.0,820.0,0.003,6178.0,0.8079999999999999
92683,12.37,1501.0,49686.0,840.0,0.02,88225.0,0.45799999999999996
92220,12.37,882.0,32825.0,563.0,0.013999999999999999,25848.0,0.63
96039,12.36,604.0,23095.0,414.0,0.005,1277.0,0.657
92860,12.36,1511.0,63750.0,863.0,0.006999999999999999,22425.0,0.8240000000000001
90241,12.35,1585.0,43557.0,727.0,0.033,40138.0,0.56
91204,12.35,1344.0,32339.0,677.0,0.10300000000000001,16997.0,0.44299999999999995
91722,12.35,1370.0,50126.0,853.0,0.037000000000000005,33803.0,0.562
92868,12.34,1313.0,45267.0,855.0,0.016,23152.0,0.613
91205,12.34,1377.0,27701.0,690.0,0.092,41381.0,0.5770000000000001
91755,12.34,1379.0,41295.0,723.0,0.043,26925.0,0.195
92394,12.34,965.0,37301.0,550.0,0.005,12073.0,0.57
92586,12.34,874.0,29152.0,665.0,0.006999999999999999,18142.0,0.8959999999999999
90604,12.33,1384.0,49836.0,742.0,0.018000000000000002,37869.0,0.632
94565,12.33,1341.0,48523.0,842.0,0.084,78813.0,0.445
93535,12.32,999.0,39747.0,688.0,0.021,57791.0,0.608
96055,12.32,868.0,30690.0,471.0,0.006,3740.0,0.889
93221,12.32,1003.0,36989.0,531.0,0.006,13321.0,0.733
92252,12.32,641.0,25700.0,474.0,0.013999999999999999,8137.0,0.882
93451,12.31,1053.0,39301.0,532.0,0.001,2664.0,0.746
93560,12.31,1016.0,42029.0,540.0,0.013999999999999999,14926.0,0.722
96007,12.31,904.0,29564.0,517.0,0.006999999999999999,21400.0,0.8859999999999999
93308,12.3,1044.0,33035.0,501.0,0.013000000000000001,44914.0,0.871
90731,12.3,1574.0,35910.0,685.0,0.04,58622.0,0.5870000000000001
95632,12.3,1172.0,46319.0,614.0,0.004,24183.0,0.731
92832,12.3,1425.0,44037.0,808.0,0.063,24501.0,0.578
95691,12.29,1171.0,35811.0,551.0,0.02,19040.0,0.6940000000000001
93726,12.28,876.0,28992.0,492.0,0.035,39135.0,0.534
90804,12.28,1338.0,29872.0,655.0,0.075,43466.0,0.386
91335,12.27,1379.0,40792.0,700.0,0.06,68002.0,0.5760000000000001
92551,12.27,1165.0,49418.0,907.0,0.021,22963.0,0.401
91103,12.27,1559.0,34824.0,644.0,0.077,27887.0,0.345
94520,12.27,1340.0,41002.0,800.0,0.10099999999999999,36174.0,0.5920000000000001
95673,12.26,1031.0,44145.0,666.0,0.017,14007.0,0.828
92371,12.25,1117.0,44322.0,768.0,0.002,12449.0,0.8079999999999999
92223,12.24,1012.0,34254.0,496.0,0.009000000000000001,17716.0,0.7559999999999999
95991,12.24,993.0,33182.0,490.0,0.006,34957.0,0.6759999999999999
93230,12.22,1019.0,37224.0,560.0,0.01,53201.0,0.6459999999999999
92025,12.22,1517.0,38828.0,690.0,0.038,49273.0,0.633
92804,12.22,1448.0,41887.0,792.0,0.040999999999999995,81317.0,0.516
94544,12.21,1490.0,49452.0,907.0,0.07,72984.0,0.41600000000000004
95988,12.21,859.0,32586.0,437.0,0.002,8807.0,0.738
95320,12.21,1310.0,48260.0,545.0,0.001,11454.0,0.828
95337,12.19,1349.0,43813.0,726.0,0.015,19847.0,0.74
95457,12.19,843.0,29250.0,632.0,0.003,2633.0,0.865
92505,12.19,1181.0,41756.0,707.0,0.023,38442.0,0.57
95966,12.18,815.0,31814.0,500.0,0.003,28368.0,0.81
91406,12.18,1454.0,37178.0,679.0,0.067,50041.0,0.551
95823,12.18,1089.0,36001.0,584.0,0.031,72194.0,0.316
91345,12.17,1456.0,52603.0,882.0,0.04,17102.0,0.522
90302,12.17,1307.0,32698.0,698.0,0.075,30770.0,0.18100000000000002
96041,12.16,632.0,23349.0,457.0,0.006,2505.0,0.853
92234,12.16,1110.0,38964.0,699.0,0.027999999999999997,43129.0,0.6559999999999999
93301,12.16,1107.0,25587.0,470.0,0.044000000000000004,12960.0,0.623
93552,12.15,1167.0,50179.0,850.0,0.035,25359.0,0.508
92840,12.15,1398.0,47153.0,800.0,0.040999999999999995,50636.0,0.512
92503,12.15,1207.0,44829.0,672.0,0.023,71670.0,0.604
95127,12.14,1746.0,63096.0,1167.0,0.033,60609.0,0.428
93727,12.14,1013.0,34092.0,516.0,0.016,54681.0,0.484
93901,12.14,1438.0,42177.0,706.0,0.031,35723.0,0.5589999999999999
90019,12.14,1563.0,31501.0,642.0,0.161,67510.0,0.22899999999999998
92336,12.13,1375.0,55340.0,727.0,0.022000000000000002,54585.0,0.43799999999999994
95112,12.13,1740.0,41014.0,853.0,0.113,52331.0,0.43200000000000005
95932,12.11,950.0,33893.0,496.0,0.008,7486.0,0.693
93705,12.1,860.0,30661.0,529.0,0.025,35443.0,0.519
91411,12.1,1529.0,34266.0,667.0,0.102,23641.0,0.5539999999999999
95776,12.1,1350.0,46999.0,695.0,0.012,15017.0,0.6
92404,12.1,961.0,31162.0,550.0,0.038,53634.0,0.5379999999999999
90745,12.1,1406.0,50610.0,741.0,0.027000000000000003,55473.0,0.297
95301,12.08,1006.0,37831.0,524.0,0.009000000000000001,27794.0,0.5920000000000001
91776,12.08,1361.0,38085.0,746.0,0.05,38032.0,0.289
92841,12.08,1471.0,46892.0,818.0,0.026000000000000002,31427.0,0.48200000000000004
90602,12.08,1492.0,40695.0,678.0,0.046,26253.0,0.523
94806,12.07,1303.0,43649.0,791.0,0.102,55719.0,0.335
95340,12.07,1038.0,32573.0,477.0,0.009000000000000001,59285.0,0.54
90706,12.07,1420.0,39362.0,704.0,0.034,72878.0,0.461
95441,12.07,1536.0,53036.0,789.0,0.008,2332.0,0.665
92585,12.07,1045.0,36118.0,612.0,0.004,8674.0,0.7240000000000001
91502,12.06,1365.0,29185.0,676.0,0.042,11500.0,0.597
95330,12.06,1365.0,54140.0,699.0,0.01,10819.0,0.516
95531,12.06,973.0,29718.0,516.0,0.015,23785.0,0.802
91911,12.05,1274.0,38010.0,706.0,0.055,71124.0,0.526
92501,12.05,1031.0,31875.0,562.0,0.017,18982.0,0.569
92345,12.05,977.0,41423.0,631.0,0.006999999999999999,68501.0,0.752
91710,12.05,1429.0,55185.0,766.0,0.013999999999999999,75314.0,0.569
93254,12.04,709.0,36500.0,503.0,0.017,793.0,0.7959999999999999
93906,12.03,1464.0,49124.0,796.0,0.016,53938.0,0.47200000000000003
90701,12.02,1331.0,44500.0,795.0,0.028999999999999998,16380.0,0.442
93728,12.0,752.0,25670.0,515.0,0.027000000000000003,16339.0,0.503
90242,11.99,1440.0,42956.0,725.0,0.036000000000000004,42444.0,0.48100000000000004
92324,11.99,1040.0,35984.0,619.0,0.019,52198.0,0.441
90250,11.98,1435.0,33656.0,640.0,0.063,93314.0,0.322
95965,11.98,794.0,24523.0,474.0,0.012,17778.0,0.784
90047,11.97,1264.0,35142.0,642.0,0.085,47105.0,0.084
94606,11.97,1202.0,32273.0,665.0,0.183,41872.0,0.187
92337,11.96,1301.0,52883.0,785.0,0.022000000000000002,29845.0,0.414
93591,11.95,887.0,38482.0,737.0,0.008,6775.0,0.611
93955,11.95,1289.0,41386.0,810.0,0.055,38232.0,0.46299999999999997
91343,11.95,1554.0,41786.0,634.0,0.078,57001.0,0.513
95327,11.95,990.0,33503.0,514.0,0.005,9549.0,0.7440000000000001
95660,11.95,887.0,32826.0,638.0,0.036000000000000004,32190.0,0.66
93243,11.94,1335.0,39091.0,679.0,0.004,1229.0,0.765
90247,11.93,1338.0,35101.0,700.0,0.052000000000000005,47741.0,0.24100000000000002
92243,11.91,1093.0,35024.0,527.0,0.017,43705.0,0.48100000000000004
95407,11.91,1378.0,43533.0,817.0,0.028999999999999998,30868.0,0.602
95963,11.91,841.0,31575.0,481.0,0.004,13700.0,0.7559999999999999
92240,11.9,795.0,27335.0,511.0,0.027999999999999997,22779.0,0.696
96019,11.89,810.0,25876.0,565.0,0.015,6271.0,0.868
92530,11.88,1193.0,39344.0,621.0,0.012,38514.0,0.691
92154,11.88,1268.0,42970.0,740.0,0.059000000000000004,68764.0,0.436
93268,11.88,839.0,31938.0,477.0,0.011000000000000001,14926.0,0.831
95901,11.88,860.0,29395.0,479.0,0.008,38072.0,0.67
92844,11.87,1359.0,42218.0,848.0,0.026000000000000002,23465.0,0.311
93445,11.86,1060.0,38408.0,671.0,0.018000000000000002,7422.0,0.687
90605,11.86,1381.0,50630.0,776.0,0.016,38180.0,0.528
93637,11.86,1050.0,37043.0,601.0,0.008,28431.0,0.585
94134,11.86,1546.0,54342.0,791.0,0.26,40134.0,0.18899999999999997
95354,11.85,971.0,33511.0,601.0,0.013000000000000001,27115.0,0.691
95240,11.84,1144.0,35749.0,574.0,0.006,45747.0,0.6990000000000001
90004,11.83,2086.0,27591.0,600.0,0.21600000000000003,67850.0,0.33799999999999997
90065,11.81,1411.0,38271.0,629.0,0.092,47524.0,0.419
92655,11.81,1369.0,42218.0,760.0,0.046,8657.0,0.456
95326,11.81,1123.0,43867.0,545.0,0.003,6808.0,0.753
92801,11.81,1399.0,39789.0,823.0,0.053,60541.0,0.485
90260,11.79,1416.0,41404.0,791.0,0.062,33299.0,0.439
90013,11.79,967.0,8855.0,286.0,0.281,9727.0,0.27899999999999997
93635,11.78,1231.0,42460.0,552.0,0.002,29120.0,0.5870000000000001
92583,11.77,909.0,29051.0,503.0,0.006999999999999999,21334.0,0.6759999999999999
93543,11.77,997.0,43864.0,743.0,0.02,11184.0,0.64
93015,11.77,1296.0,45732.0,754.0,0.006999999999999999,15999.0,0.546
95367,11.76,1117.0,44621.0,684.0,0.004,16514.0,0.679
94607,11.76,1261.0,21124.0,499.0,0.267,21048.0,0.113
91767,11.76,1210.0,40057.0,644.0,0.055999999999999994,46614.0,0.415
95838,11.75,962.0,31290.0,632.0,0.035,34879.0,0.418
91761,11.75,1377.0,49430.0,761.0,0.025,56271.0,0.48100000000000004
96021,11.73,792.0,28634.0,440.0,0.011000000000000001,13828.0,0.77
93550,11.73,1041.0,37484.0,589.0,0.032,67213.0,0.511
92543,11.73,828.0,23397.0,534.0,0.011000000000000001,29674.0,0.763
92405,11.72,905.0,30217.0,542.0,0.027999999999999997,24637.0,0.485
92553,11.71,1053.0,38554.0,684.0,0.024,61203.0,0.419
95464,11.7,794.0,25000.0,544.0,0.012,2219.0,0.8340000000000001
95820,11.7,868.0,31670.0,608.0,0.05,37021.0,0.47700000000000004
93654,11.68,955.0,35367.0,522.0,0.002,25906.0,0.5479999999999999
93291,11.68,952.0,34034.0,551.0,0.013999999999999999,36711.0,0.545
90806,11.68,1345.0,31488.0,593.0,0.077,49641.0,0.272
90680,11.67,1300.0,41578.0,819.0,0.055999999999999994,29679.0,0.5
95111,11.67,1687.0,58807.0,1042.0,0.06,57735.0,0.315
94124,11.67,1431.0,37146.0,554.0,0.249,33170.0,0.096
90640,11.67,1361.0,38773.0,697.0,0.062,62416.0,0.46799999999999997
95210,11.66,1041.0,36566.0,627.0,0.013999999999999999,40594.0,0.32299999999999995
90016,11.66,1311.0,29079.0,628.0,0.12,46968.0,0.184
92301,11.66,940.0,31403.0,476.0,0.006,18973.0,0.513
95203,11.65,922.0,28453.0,520.0,0.024,16344.0,0.46
95422,11.64,807.0,20072.0,502.0,0.006,13477.0,0.826
90026,11.63,1536.0,28651.0,582.0,0.203,73671.0,0.36200000000000004
95948,11.63,788.0,30354.0,438.0,0.008,9747.0,0.6990000000000001
93240,11.63,787.0,22194.0,515.0,0.016,5550.0,0.912
92250,11.61,987.0,39583.0,492.0,0.006999999999999999,8058.0,0.591
95363,11.6,1185.0,46006.0,534.0,0.003,15529.0,0.5660000000000001
91342,11.6,1416.0,48744.0,743.0,0.033,81970.0,0.49
93030,11.6,1512.0,46175.0,730.0,0.015,79717.0,0.431
93657,11.59,1039.0,36732.0,542.0,0.006999999999999999,28975.0,0.585
90670,11.58,1254.0,46061.0,743.0,0.02,16263.0,0.517
92802,11.58,1437.0,41408.0,786.0,0.069,45074.0,0.48200000000000004
91762,11.57,1188.0,39972.0,665.0,0.025,54243.0,0.496
95303,11.56,1256.0,40192.0,490.0,0.023,798.0,0.639
95369,11.56,807.0,31042.0,429.0,0.02,1153.0,0.7490000000000001
94801,11.56,1124.0,33962.0,644.0,0.157,28437.0,0.304
95380,11.55,1015.0,33901.0,559.0,0.01,40541.0,0.68
95076,11.55,1608.0,45354.0,761.0,0.022000000000000002,81136.0,0.521
91606,11.55,1391.0,31806.0,641.0,0.096,45348.0,0.532
90650,11.54,1296.0,46012.0,767.0,0.03,103211.0,0.44799999999999995
91702,11.53,1274.0,42108.0,756.0,0.037000000000000005,57765.0,0.517
92706,11.52,1553.0,45435.0,757.0,0.071,37871.0,0.489
90042,11.52,1285.0,36064.0,626.0,0.105,64660.0,0.408
91405,11.51,1424.0,29657.0,625.0,0.114,51344.0,0.489
95815,11.51,858.0,25970.0,540.0,0.073,25350.0,0.536
92571,11.5,1041.0,40097.0,726.0,0.012,26355.0,0.426
92509,11.49,1170.0,45995.0,650.0,0.015,63997.0,0.569
92203,11.49,1020.0,37250.0,608.0,0.009000000000000001,2730.0,0.628
94063,11.49,1776.0,49279.0,931.0,0.06,32350.0,0.503
92201,11.49,1047.0,36180.0,616.0,0.017,56296.0,0.519
95307,11.48,1069.0,38003.0,597.0,0.01,32874.0,0.679
93274,11.46,929.0,33605.0,534.0,0.01,56097.0,0.575
93304,11.46,866.0,28613.0,528.0,0.023,44577.0,0.49200000000000005
91752,11.45,1279.0,37110.0,590.0,0.006999999999999999,18971.0,0.654
91303,11.45,1367.0,36769.0,723.0,0.08,23508.0,0.505
90805,11.44,1311.0,32565.0,636.0,0.063,91663.0,0.297
92548,11.43,1147.0,22095.0,588.0,0.013000000000000001,4276.0,0.8
92376,11.42,1049.0,37568.0,619.0,0.024,75875.0,0.376
93060,11.42,1358.0,43166.0,682.0,0.006999999999999999,32509.0,0.561
95358,11.42,1018.0,38993.0,622.0,0.006,30665.0,0.602
91763,11.4,1200.0,40230.0,666.0,0.03,34437.0,0.449
92408,11.4,1013.0,23785.0,486.0,0.046,12138.0,0.381
90810,11.39,1250.0,36966.0,607.0,0.066,35637.0,0.239
90005,11.37,1960.0,21998.0,547.0,0.342,43014.0,0.278
93257,11.36,890.0,30995.0,500.0,0.012,65552.0,0.5479999999999999
91764,11.33,1140.0,39098.0,745.0,0.03,49461.0,0.45299999999999996
95110,11.33,1547.0,48203.0,909.0,0.11,18180.0,0.414
91950,11.32,1061.0,29942.0,571.0,0.062,62335.0,0.384
92227,11.31,1032.0,31694.0,483.0,0.017,23387.0,0.539
90012,11.27,1289.0,20152.0,564.0,0.14400000000000002,30577.0,0.203
90301,11.27,1358.0,31306.0,667.0,0.086,37507.0,0.239
90038,11.27,1585.0,23306.0,581.0,0.244,32557.0,0.42200000000000004
91770,11.26,1277.0,37896.0,724.0,0.051,61605.0,0.273
93610,11.25,848.0,31437.0,518.0,0.003,19383.0,0.588
93662,11.23,974.0,35383.0,520.0,0.002,26211.0,0.455
92225,11.22,1012.0,31092.0,488.0,0.003,24641.0,0.44799999999999995
92570,11.22,1134.0,32479.0,597.0,0.024,36802.0,0.495
92102,11.21,1042.0,26505.0,591.0,0.135,47123.0,0.37799999999999995
93212,11.21,787.0,28769.0,472.0,0.017,23495.0,0.326
94603,11.2,1122.0,34755.0,706.0,0.124,31389.0,0.17
90606,11.19,1305.0,44440.0,745.0,0.027000000000000003,32143.0,0.529
95605,11.18,881.0,26705.0,495.0,0.042,12747.0,0.585
90029,11.17,1648.0,22043.0,565.0,0.256,41697.0,0.384
92843,11.16,1391.0,42872.0,818.0,0.053,43486.0,0.374
90303,11.16,1400.0,34751.0,642.0,0.084,27773.0,0.203
90018,11.15,1324.0,23797.0,563.0,0.166,47127.0,0.16
94601,11.11,1149.0,33152.0,630.0,0.183,54857.0,0.257
90062,11.09,1252.0,26901.0,598.0,0.16699999999999998,29279.0,0.145
95206,11.09,1073.0,35835.0,507.0,0.024,49649.0,0.272
91402,11.08,1339.0,32496.0,613.0,0.121,66241.0,0.358
92316,11.08,1000.0,38290.0,661.0,0.012,25987.0,0.523
95215,11.07,953.0,33884.0,614.0,0.008,23778.0,0.584
93703,11.07,795.0,26116.0,491.0,0.036000000000000004,31168.0,0.447
95832,11.07,871.0,28598.0,628.0,0.05,9059.0,0.21100000000000002
90021,11.06,1344.0,13053.0,302.0,0.25,3003.0,0.268
92233,11.06,840.0,31031.0,459.0,0.003,7855.0,0.355
95122,11.05,1591.0,60817.0,1087.0,0.062,59822.0,0.23600000000000002
95315,11.05,955.0,40505.0,598.0,0.009000000000000001,10141.0,0.535
91605,11.04,1416.0,32168.0,603.0,0.091,57129.0,0.45399999999999996
91766,11.03,1298.0,41876.0,661.0,0.043,69968.0,0.39799999999999996
91768,11.03,1183.0,35733.0,607.0,0.049,36047.0,0.455
90220,11.03,1165.0,33997.0,612.0,0.079,47303.0,0.157
93638,11.0,943.0,35221.0,506.0,0.011000000000000001,49244.0,0.52
95231,10.99,1084.0,29066.0,428.0,0.013999999999999999,5087.0,0.462
95824,10.99,871.0,27429.0,574.0,0.042,30568.0,0.348
90660,10.98,1301.0,41491.0,700.0,0.039,63277.0,0.495
91352,10.97,1411.0,41322.0,656.0,0.061,46624.0,0.494
93305,10.96,808.0,24114.0,475.0,0.055,35623.0,0.45799999999999996
92105,10.95,1012.0,25593.0,570.0,0.08900000000000001,72994.0,0.332
90007,10.94,1271.0,17644.0,540.0,0.195,45021.0,0.321
90032,10.93,1185.0,33445.0,609.0,0.099,46942.0,0.35600000000000004
90014,10.93,1625.0,8633.0,215.0,0.391,3518.0,0.247
93286,10.92,791.0,27221.0,384.0,0.002,8852.0,0.551
95116,10.88,1584.0,48541.0,930.0,0.08199999999999999,51688.0,0.305
92335,10.87,1046.0,35008.0,622.0,0.025,82612.0,0.48200000000000004
93930,10.87,1164.0,39672.0,640.0,0.002,14464.0,0.47700000000000004
93204,10.87,687.0,29152.0,488.0,0.021,14696.0,0.359
92805,10.85,1421.0,39609.0,755.0,0.07200000000000001,68796.0,0.488
93033,10.85,1347.0,46342.0,767.0,0.013000000000000001,77785.0,0.35600000000000004
93656,10.81,743.0,30727.0,480.0,0.001,5725.0,0.522
90723,10.81,1283.0,36769.0,720.0,0.038,55305.0,0.34700000000000003
93725,10.78,902.0,29244.0,532.0,0.022000000000000002,20998.0,0.354
92231,10.77,1014.0,28851.0,515.0,0.033,27798.0,0.46799999999999997
91744,10.76,1242.0,46792.0,739.0,0.051,84950.0,0.401
94621,10.75,1039.0,29181.0,625.0,0.165,30744.0,0.16
93280,10.73,839.0,29351.0,405.0,0.008,22752.0,0.35700000000000004
92704,10.72,1416.0,49923.0,914.0,0.069,91176.0,0.38299999999999995
91746,10.71,1228.0,44189.0,770.0,0.049,30795.0,0.441
95012,10.69,1233.0,41200.0,685.0,0.027999999999999997,8562.0,0.434
93721,10.68,829.0,12742.0,385.0,0.061,6836.0,0.406
91706,10.67,1228.0,41621.0,723.0,0.05,76889.0,0.402
90057,10.65,1266.0,19736.0,505.0,0.444,43986.0,0.287
95351,10.65,931.0,30576.0,570.0,0.024,47531.0,0.48
90061,10.63,1134.0,26449.0,575.0,0.102,24503.0,0.145
91732,10.61,1212.0,34141.0,700.0,0.07,62659.0,0.354
92273,10.6,843.0,30962.0,509.0,0.009000000000000001,1617.0,0.55
92707,10.58,1382.0,49080.0,879.0,0.07,62627.0,0.456
93270,10.58,840.0,28934.0,447.0,0.008,5864.0,0.433
93247,10.57,829.0,27712.0,480.0,0.002,15507.0,0.484
93263,10.57,832.0,29466.0,446.0,0.003,15172.0,0.45799999999999996
92411,10.56,768.0,23498.0,494.0,0.055,23144.0,0.284
93609,10.54,792.0,35351.0,497.0,0.015,5434.0,0.514
93650,10.54,661.0,22708.0,536.0,0.047,3257.0,0.319
95961,10.54,677.0,27420.0,489.0,0.01,6435.0,0.6779999999999999
91731,10.54,1228.0,30942.0,651.0,0.084,30206.0,0.391
90040,10.53,1243.0,35205.0,603.0,0.055999999999999994,9798.0,0.461
90716,10.5,1140.0,35153.0,718.0,0.03,14850.0,0.384
93926,10.49,1266.0,41538.0,659.0,0.009000000000000001,9019.0,0.33399999999999996
93960,10.46,1308.0,43377.0,613.0,0.013000000000000001,13001.0,0.34299999999999997
92410,10.46,883.0,23538.0,500.0,0.027000000000000003,44540.0,0.366
92173,10.45,1283.0,27943.0,588.0,0.09,28481.0,0.446
95202,10.45,960.0,11456.0,385.0,0.08,7070.0,0.4
95002,10.44,1207.0,58304.0,944.0,0.035,2128.0,0.408
90044,10.44,1171.0,22091.0,559.0,0.158,87366.0,0.17
90222,10.44,1060.0,29520.0,601.0,0.071,29823.0,0.18600000000000003
93458,10.43,1129.0,32589.0,646.0,0.006999999999999999,43676.0,0.451
93706,10.41,741.0,21991.0,460.0,0.052000000000000005,35781.0,0.294
90059,10.4,1160.0,22151.0,500.0,0.121,38123.0,0.138
93307,10.38,839.0,26462.0,492.0,0.03,59179.0,0.395
93215,10.35,836.0,27912.0,461.0,0.004,37277.0,0.27399999999999997
92281,10.32,766.0,24813.0,419.0,0.017,2374.0,0.556
95019,10.3,1408.0,38378.0,669.0,0.03,4734.0,0.39299999999999996
90015,10.3,1614.0,18533.0,431.0,0.326,15134.0,0.29600000000000004
95205,10.29,770.0,26109.0,530.0,0.018000000000000002,34120.0,0.37799999999999995
90221,10.29,1221.0,31310.0,604.0,0.075,51382.0,0.204
93434,10.26,966.0,30864.0,603.0,0.012,5724.0,0.456
90006,10.25,1367.0,20593.0,530.0,0.312,62765.0,0.26899999999999996
90744,10.21,1276.0,30259.0,579.0,0.075,53308.0,0.36200000000000004
91340,10.2,1276.0,40398.0,672.0,0.057999999999999996,33373.0,0.408
92113,10.19,941.0,23841.0,561.0,0.141,47417.0,0.314
93250,10.16,676.0,25137.0,460.0,0.003,10780.0,0.301
90280,10.13,1317.0,35744.0,620.0,0.081,96260.0,0.41600000000000004
91331,10.12,1284.0,39225.0,659.0,0.068,97300.0,0.37
90813,10.09,1116.0,20015.0,526.0,0.19699999999999998,63129.0,0.252
93235,10.08,738.0,26215.0,477.0,0.005,4507.0,0.47600000000000003
90262,10.07,1293.0,35846.0,629.0,0.08,69830.0,0.337
90031,10.07,1185.0,25300.0,570.0,0.157,38409.0,0.289
90002,10.06,1076.0,22872.0,560.0,0.12300000000000001,44584.0,0.166
93256,10.05,641.0,21781.0,438.0,0.013999999999999999,4178.0,0.34700000000000003
93223,10.05,815.0,27613.0,470.0,0.002,8631.0,0.434
90037,10.01,1205.0,20275.0,537.0,0.247,56691.0,0.205
93266,9.94,692.0,29129.0,445.0,0.021,1721.0,0.38799999999999996
95328,9.94,705.0,31471.0,639.0,0.018000000000000002,2114.0,0.5820000000000001
93702,9.93,728.0,21514.0,469.0,0.065,47997.0,0.28300000000000003
91733,9.92,1144.0,32644.0,668.0,0.055999999999999994,45640.0,0.36200000000000004
90003,9.91,1135.0,22346.0,572.0,0.17300000000000001,58187.0,0.193
92703,9.91,1300.0,40674.0,815.0,0.109,70003.0,0.395
90022,9.89,1226.0,27471.0,595.0,0.129,68688.0,0.414
93927,9.87,910.0,38445.0,646.0,0.009000000000000001,14189.0,0.414
93701,9.86,652.0,14213.0,424.0,0.08800000000000001,13844.0,0.278
90255,9.82,1361.0,30375.0,590.0,0.14300000000000002,78104.0,0.42100000000000004
90304,9.8,1333.0,29036.0,599.0,0.11599999999999999,28679.0,0.321
90063,9.78,1138.0,30174.0,585.0,0.151,55666.0,0.368
90201,9.77,1356.0,30029.0,662.0,0.109,105275.0,0.47100000000000003
92701,9.73,1339.0,33728.0,675.0,0.131,58151.0,0.42
90058,9.73,1250.0,18729.0,367.0,0.313,3624.0,0.308
93905,9.68,1260.0,36176.0,651.0,0.042,58537.0,0.37
90033,9.65,1244.0,22429.0,533.0,0.22,49418.0,0.335
92274,9.63,976.0,24760.0,337.0,0.006,17009.0,0.40399999999999997
92236,9.62,802.0,28606.0,470.0,0.013000000000000001,23159.0,0.389
90270,9.52,1317.0,30480.0,602.0,0.11599999999999999,28083.0,0.43
90001,9.49,1133.0,24207.0,568.0,0.172,54481.0,0.24600000000000002
90023,9.46,1199.0,26884.0,606.0,0.182,47468.0,0.391
93219,9.42,687.0,22735.0,399.0,0.006,9303.0,0.23
93241,9.41,769.0,25147.0,442.0,0.003,15350.0,0.446
93203,9.41,825.0,24577.0,397.0,0.003,16202.0,0.483
90017,9.4,1933.0,14847.0,387.0,0.589,20689.0,0.304
90011,9.32,1267.0,23851.0,554.0,0.257,101214.0,0.27899999999999997
93640,9.09,817.0,23815.0,448.0,0.026000000000000002,9160.0,0.287
93234,8.96,706.0,25521.0,364.0,0.138,6902.0,0.20600000000000002
