zip,Average Education Index 2014,Median Income 2014,Median Rent 2014,Take Public Transp % in 2014,Total Population % in 2014,White Population % in 2014
94305,17.69,51976.0,1524.0,0.034,13538.0,0.59
94708,17.12,145610.0,1988.0,0.157,11143.0,0.818
94304,17.02,101932.0,2001.0,0.046,3688.0,0.7040000000000001
94707,17.15,136331.0,1719.0,0.203,12402.0,0.812
94709,16.83,59150.0,1425.0,0.18899999999999997,12030.0,0.625
94705,16.66,96537.0,1350.0,0.20199999999999999,12790.0,0.805
94301,17.07,134907.0,1924.0,0.047,16927.0,0.7390000000000001
95064,16.77,60536.0,1500.0,0.153,8425.0,0.619
94027,16.76,236912.0,2001.0,0.042,7230.0,0.818
94618,16.69,123575.0,1517.0,0.21100000000000002,17007.0,0.71
94022,16.99,182750.0,2001.0,0.019,19737.0,0.6890000000000001
94306,16.62,111602.0,1925.0,0.07,27094.0,0.579
94563,16.37,166147.0,2001.0,0.156,18284.0,0.7979999999999999
92130,16.66,131166.0,2001.0,0.008,50280.0,0.655
92121,16.53,103598.0,1749.0,0.028999999999999998,4832.0,0.48200000000000004
92014,16.39,114777.0,1905.0,0.021,13525.0,0.8959999999999999
94024,16.8,167546.0,2001.0,0.012,22573.0,0.698
90077,16.62,172443.0,2001.0,0.001,8328.0,0.873
90272,16.53,157938.0,2001.0,0.019,23497.0,0.8909999999999999
92657,16.2,163486.0,2001.0,0.003,9751.0,0.77
94941,16.32,121209.0,1768.0,0.081,30605.0,0.853
94920,16.32,132486.0,2001.0,0.11900000000000001,12583.0,0.915
90402,16.42,131607.0,1849.0,0.009000000000000001,11503.0,0.8809999999999999
95616,16.31,45332.0,1195.0,0.051,48106.0,0.611
92037,16.57,95306.0,1759.0,0.046,39241.0,0.818
90049,16.44,116732.0,1872.0,0.028999999999999998,35262.0,0.852
91108,16.04,120152.0,2001.0,0.009000000000000001,13613.0,0.44
94123,16.19,121200.0,1899.0,0.33899999999999997,25528.0,0.836
94704,15.92,30997.0,1338.0,0.22899999999999998,26334.0,0.488
92612,15.62,67039.0,1888.0,0.017,29325.0,0.545
95030,16.3,154107.0,1940.0,0.01,13429.0,0.8640000000000001
95070,16.59,167386.0,2001.0,0.009000000000000001,31093.0,0.511
94939,15.82,93750.0,1839.0,0.16399999999999998,6935.0,0.884
94556,16.39,133088.0,1862.0,0.157,15505.0,0.765
94129,16.91,144886.0,2001.0,0.245,3334.0,0.84
92602,15.56,104149.0,1838.0,0.013999999999999999,23529.0,0.425
92122,16.33,71307.0,1739.0,0.07200000000000001,44602.0,0.605
90274,16.23,156250.0,2001.0,0.003,25482.0,0.6990000000000001
94065,16.24,132462.0,2001.0,0.048,11585.0,0.526
90266,16.17,142071.0,1987.0,0.018000000000000002,35534.0,0.8270000000000001
90024,16.19,59125.0,1862.0,0.049,50117.0,0.607
94611,16.22,107577.0,1222.0,0.16699999999999998,37225.0,0.693
94549,16.22,137344.0,1616.0,0.163,28298.0,0.8390000000000001
95014,16.46,130961.0,2001.0,0.021,62478.0,0.31
92067,16.51,119939.0,2001.0,0.004,9020.0,0.924
94904,15.97,102237.0,1725.0,0.084,12271.0,0.879
91011,16.26,152210.0,2001.0,0.006,20671.0,0.6829999999999999
90254,15.92,105029.0,1865.0,0.012,19725.0,0.875
94114,16.48,122970.0,1844.0,0.36700000000000005,32229.0,0.799
92131,15.91,119924.0,2001.0,0.008,33868.0,0.685
92625,15.88,125735.0,2001.0,0.008,12572.0,0.88
93108,16.01,125272.0,2001.0,0.008,12119.0,0.909
94507,15.99,163219.0,2001.0,0.07200000000000001,15973.0,0.894
94506,16.07,176241.0,2001.0,0.043,21896.0,0.737
94706,16.34,81746.0,1619.0,0.244,20206.0,0.555
92660,15.76,112008.0,2001.0,0.01,35308.0,0.857
94130,13.85,38077.0,1647.0,0.47600000000000003,3083.0,0.375
95120,15.81,152721.0,2001.0,0.021,37673.0,0.631
94965,15.69,89715.0,1815.0,0.161,11114.0,0.782
94105,16.83,170656.0,2001.0,0.172,6282.0,0.564
94960,15.87,108295.0,1543.0,0.106,15999.0,0.885
90293,15.5,84588.0,1767.0,0.013999999999999999,11997.0,0.691
91105,16.19,108882.0,1958.0,0.046,11373.0,0.6990000000000001
90265,15.58,124814.0,2001.0,0.005,17660.0,0.861
94970,16.47,107768.0,2001.0,0.02,495.0,0.99
94598,15.87,121337.0,1770.0,0.16699999999999998,26974.0,0.795
90403,16.2,72366.0,1699.0,0.045,25116.0,0.847
90292,15.94,103319.0,2001.0,0.011000000000000001,21507.0,0.8009999999999999
94925,15.51,113279.0,1721.0,0.1,9478.0,0.8240000000000001
94117,15.95,103333.0,1773.0,0.371,42638.0,0.743
94131,15.96,100114.0,1858.0,0.299,28370.0,0.6709999999999999
90275,15.89,120742.0,2001.0,0.013000000000000001,42420.0,0.618
95033,15.82,126397.0,1576.0,0.001,9628.0,0.907
92614,15.64,95984.0,1900.0,0.008,25657.0,0.574
90212,16.02,84516.0,1902.0,0.040999999999999995,12415.0,0.779
94404,15.73,114779.0,2001.0,0.053,35045.0,0.46299999999999997
93921,15.41,62230.0,1622.0,0.021,3164.0,0.879
92651,15.93,98697.0,1859.0,0.006999999999999999,23668.0,0.904
91436,15.85,128060.0,2001.0,0.025,14563.0,0.875
91302,15.95,121715.0,1983.0,0.005,25165.0,0.8290000000000001
92782,15.68,102755.0,2001.0,0.006999999999999999,22583.0,0.521
94610,16.03,73850.0,1263.0,0.168,29734.0,0.58
95032,15.88,120893.0,1772.0,0.008,25898.0,0.785
94526,15.57,128802.0,2001.0,0.062,32274.0,0.853
92661,15.87,93099.0,1664.0,0.027000000000000003,3152.0,0.898
90803,15.64,72025.0,1357.0,0.023,30805.0,0.8440000000000001
91030,15.6,80479.0,1394.0,0.06,25914.0,0.5479999999999999
94087,15.99,122354.0,1701.0,0.043,55229.0,0.475
92620,15.72,102160.0,1861.0,0.006999999999999999,43802.0,0.425
94539,16.05,144152.0,1989.0,0.053,51459.0,0.193
93923,15.67,98219.0,2001.0,0.003,12954.0,0.938
92075,15.19,90833.0,1887.0,0.024,12437.0,0.813
94025,15.99,119095.0,1833.0,0.038,40945.0,0.745
90056,15.47,76688.0,1462.0,0.008,8380.0,0.12
95129,15.84,107493.0,1762.0,0.023,40530.0,0.293
90405,15.73,78756.0,1547.0,0.027000000000000003,28535.0,0.789
94530,15.46,87598.0,1460.0,0.23800000000000002,24301.0,0.57
91361,15.5,103306.0,1908.0,0.006999999999999999,20266.0,0.8590000000000001
92679,15.45,149538.0,1956.0,0.001,32822.0,0.8340000000000001
90036,15.61,71049.0,1818.0,0.033,36425.0,0.6559999999999999
94956,14.66,38750.0,975.0,0.016,1687.0,0.682
91377,15.62,117326.0,2001.0,0.002,14512.0,0.818
91711,15.44,89508.0,1345.0,0.039,36484.0,0.7120000000000001
92009,15.58,102212.0,1845.0,0.02,43627.0,0.835
92118,15.77,90876.0,2001.0,0.019,22664.0,0.902
94010,15.71,118125.0,1606.0,0.113,42223.0,0.6779999999999999
94502,15.62,105480.0,2001.0,0.153,13192.0,0.433
92606,15.53,90228.0,1896.0,0.024,22294.0,0.444
94037,14.91,147568.0,1646.0,0.008,2880.0,0.927
94583,15.39,121948.0,1720.0,0.046,35272.0,0.622
94596,15.47,78856.0,1429.0,0.151,20778.0,0.8009999999999999
94924,15.44,73621.0,1750.0,0.028999999999999998,1434.0,0.904
94703,15.57,58613.0,1303.0,0.23,21421.0,0.597
95762,15.16,117700.0,1994.0,0.017,40603.0,0.812
94062,15.42,126557.0,1557.0,0.043,27014.0,0.833
91604,15.48,90528.0,1675.0,0.027000000000000003,29072.0,0.816
90068,15.69,73373.0,1443.0,0.035,21943.0,0.7709999999999999
90277,15.64,99398.0,1762.0,0.019,34546.0,0.787
94973,15.94,88750.0,1242.0,0.042,1831.0,0.971
94002,15.46,105985.0,1586.0,0.054000000000000006,26679.0,0.64
91024,15.73,90780.0,1430.0,0.032,11060.0,0.757
95746,15.25,118919.0,1752.0,0.013999999999999999,23715.0,0.8240000000000001
92887,15.26,126984.0,1817.0,0.012,20071.0,0.73
94127,15.85,131108.0,2001.0,0.23199999999999998,19356.0,0.583
94040,15.97,101912.0,1683.0,0.067,33958.0,0.583
94115,15.62,85330.0,1630.0,0.33399999999999996,34556.0,0.618
90210,15.45,138750.0,2001.0,0.006,21478.0,0.862
91364,15.0,93919.0,1810.0,0.008,26975.0,0.7709999999999999
92128,15.42,90298.0,1717.0,0.004,49264.0,0.679
92127,15.89,123459.0,1835.0,0.012,41900.0,0.5660000000000001
92663,15.46,86967.0,1772.0,0.016,22772.0,0.868
91301,15.13,109913.0,1965.0,0.006999999999999999,26439.0,0.848
94930,15.62,93049.0,1564.0,0.061,8756.0,0.895
94111,15.11,103472.0,2001.0,0.16399999999999998,3477.0,0.574
92610,15.5,120984.0,1766.0,0.004,11799.0,0.705
90069,15.46,78607.0,1570.0,0.031,20426.0,0.7829999999999999
94552,15.18,132826.0,2001.0,0.124,15209.0,0.465
91403,15.47,75334.0,1563.0,0.03,24353.0,0.812
94070,15.66,125335.0,1667.0,0.049,29879.0,0.792
92129,15.27,109267.0,1697.0,0.017,54664.0,0.5670000000000001
94588,15.47,127684.0,1856.0,0.085,31910.0,0.594
92109,15.49,67025.0,1433.0,0.025,45304.0,0.917
93109,15.69,99638.0,2001.0,0.015,11031.0,0.861
94107,15.86,120610.0,2001.0,0.262,27792.0,0.5920000000000001
94402,15.45,115807.0,1610.0,0.065,24306.0,0.7040000000000001
92108,15.28,65297.0,1740.0,0.051,19245.0,0.69
92604,15.22,91180.0,1767.0,0.024,28425.0,0.601
92106,15.21,81973.0,1600.0,0.022000000000000002,19539.0,0.85
95318,15.23,102872.0,1057.0,0.045,601.0,0.9
95765,14.85,87100.0,1409.0,0.006,36391.0,0.7829999999999999
94595,15.51,58659.0,1375.0,0.11800000000000001,16837.0,0.841
95864,15.42,83467.0,1282.0,0.015,22698.0,0.797
92677,15.23,98264.0,1820.0,0.012,64642.0,0.773
90025,15.44,71278.0,1609.0,0.106,45284.0,0.624
95819,15.7,87156.0,1307.0,0.046,18374.0,0.857
92103,15.49,65793.0,1214.0,0.037000000000000005,31927.0,0.853
90064,15.68,86573.0,1690.0,0.045,25788.0,0.7120000000000001
92124,14.98,80625.0,2001.0,0.01,30196.0,0.7190000000000001
90211,15.3,69942.0,1773.0,0.033,8080.0,0.8190000000000001
94043,15.52,100844.0,1689.0,0.047,29280.0,0.613
92656,15.18,101292.0,1857.0,0.01,51370.0,0.695
95003,15.09,83902.0,1741.0,0.013999999999999999,24383.0,0.898
92808,15.42,110964.0,1861.0,0.004,20137.0,0.693
91208,14.98,88955.0,1561.0,0.016,16548.0,0.765
91106,15.21,72192.0,1422.0,0.053,24861.0,0.605
94041,15.46,88810.0,1736.0,0.069,13551.0,0.665
94118,15.37,82993.0,1667.0,0.33299999999999996,40102.0,0.5770000000000001
95135,15.44,128654.0,1825.0,0.009000000000000001,21349.0,0.395
92007,15.31,93889.0,1846.0,0.011000000000000001,11782.0,0.9
91362,15.15,100747.0,1822.0,0.005,35564.0,0.8059999999999999
92518,14.09,68261.0,1823.0,0.065,1129.0,0.807
91326,15.01,98831.0,1787.0,0.022000000000000002,36024.0,0.5720000000000001
92024,15.18,92402.0,1696.0,0.017,49226.0,0.888
95452,14.58,78114.0,1332.0,0.10400000000000001,1314.0,0.9329999999999999
93105,15.29,81308.0,1645.0,0.031,24967.0,0.851
94517,14.89,121367.0,1889.0,0.081,12781.0,0.847
91354,15.04,111098.0,2000.0,0.027000000000000003,29034.0,0.695
91914,14.66,110343.0,2001.0,0.013999999999999999,16926.0,0.526
93720,14.57,77092.0,1327.0,0.006,46153.0,0.7170000000000001
90067,15.23,89500.0,2001.0,0.021,2364.0,0.83
92373,15.0,63948.0,1133.0,0.012,34017.0,0.7609999999999999
91784,14.65,95975.0,2001.0,0.019,26034.0,0.7559999999999999
91381,14.99,114608.0,1780.0,0.02,20296.0,0.6679999999999999
95138,15.13,145505.0,2001.0,0.027999999999999997,19136.0,0.428
92692,15.0,102045.0,1827.0,0.009000000000000001,48967.0,0.815
91423,15.24,75671.0,1484.0,0.03,32130.0,0.815
96140,14.68,72204.0,1942.0,0.049,1126.0,1.0
93908,14.61,113826.0,1756.0,0.0,12350.0,0.862
94903,14.87,86196.0,1726.0,0.091,30110.0,0.778
93940,15.01,67716.0,1437.0,0.045,33760.0,0.7909999999999999
91207,15.05,88929.0,1426.0,0.023,10334.0,0.7909999999999999
94086,15.36,100215.0,1648.0,0.06,47051.0,0.484
91367,15.12,77152.0,1756.0,0.023,42029.0,0.721
93950,15.05,70230.0,1447.0,0.004,15365.0,0.857
94946,14.8,113281.0,1406.0,0.011000000000000001,682.0,0.912
92835,15.01,92397.0,1388.0,0.022000000000000002,23378.0,0.67
92673,15.24,125629.0,2001.0,0.016,29875.0,0.816
94566,15.22,120401.0,1638.0,0.075,42523.0,0.701
93711,14.49,63934.0,1077.0,0.002,37630.0,0.7709999999999999
95831,14.61,68679.0,1131.0,0.043,41597.0,0.474
92688,14.88,100694.0,1689.0,0.012,45074.0,0.7809999999999999
91602,14.95,63544.0,1438.0,0.039,18315.0,0.745
95066,14.98,108919.0,1670.0,0.015,15095.0,0.862
94555,15.1,114603.0,1808.0,0.071,35654.0,0.21
90048,15.62,72913.0,1695.0,0.03,22409.0,0.818
90046,15.16,56337.0,1403.0,0.04,51329.0,0.8
92107,15.26,66825.0,1320.0,0.016,26947.0,0.912
90035,15.29,75327.0,1679.0,0.043,31399.0,0.7190000000000001
92629,15.1,88384.0,1843.0,0.017,26955.0,0.85
96145,14.72,68887.0,1340.0,0.062,3215.0,0.956
90401,15.4,60802.0,1552.0,0.034,7035.0,0.769
95134,15.88,114757.0,2001.0,0.04,16811.0,0.32899999999999996
92649,14.8,86469.0,1678.0,0.011000000000000001,32976.0,0.777
96141,14.81,57212.0,1221.0,0.08900000000000001,669.0,0.937
90505,14.85,82313.0,1534.0,0.017,37381.0,0.5770000000000001
95816,15.1,53002.0,897.0,0.045,16845.0,0.79
92120,14.8,79895.0,1435.0,0.022000000000000002,25365.0,0.8029999999999999
92354,14.67,63871.0,1098.0,0.011000000000000001,21555.0,0.47200000000000003
94938,15.32,96281.0,1693.0,0.08,884.0,0.853
94523,15.03,81685.0,1504.0,0.138,34428.0,0.7609999999999999
91355,14.61,89596.0,1736.0,0.02,33635.0,0.7559999999999999
95054,15.68,116855.0,2001.0,0.025,23914.0,0.289
94109,15.18,63173.0,1427.0,0.374,54768.0,0.5920000000000001
94038,13.83,81622.0,1432.0,0.107,3435.0,0.6890000000000001
93401,15.0,52906.0,1225.0,0.017,27920.0,0.845
90245,14.81,84004.0,1555.0,0.015,16839.0,0.8240000000000001
91101,15.28,58365.0,1374.0,0.071,21098.0,0.593
90278,15.07,104934.0,1649.0,0.015,40839.0,0.713
91915,14.51,99606.0,2001.0,0.005,27290.0,0.644
95060,14.86,62365.0,1522.0,0.055999999999999994,47148.0,0.8079999999999999
93012,15.05,93523.0,1837.0,0.01,35366.0,0.774
95018,14.63,72161.0,1130.0,0.019,7660.0,0.9209999999999999
94542,14.39,80327.0,1452.0,0.081,12498.0,0.436
92648,14.67,85857.0,1571.0,0.01,46623.0,0.7929999999999999
90503,14.82,77047.0,1484.0,0.019,45518.0,0.484
90045,15.11,78082.0,1690.0,0.021,41453.0,0.616
95065,14.8,86031.0,1756.0,0.034,8331.0,0.868
90815,14.74,79525.0,1569.0,0.026000000000000002,40572.0,0.7340000000000001
92064,14.73,96297.0,1476.0,0.011000000000000001,49079.0,0.773
90814,14.95,55111.0,1184.0,0.045,18789.0,0.7659999999999999
90703,14.71,90613.0,1963.0,0.026000000000000002,50069.0,0.235
91765,14.63,90966.0,1811.0,0.027999999999999997,47562.0,0.34
94132,14.36,66607.0,1822.0,0.29,31926.0,0.382
92119,14.94,70261.0,1419.0,0.027000000000000003,23926.0,0.838
94949,14.96,74009.0,1717.0,0.087,16386.0,0.77
95628,14.47,72739.0,1109.0,0.033,40767.0,0.872
92886,14.93,110054.0,1648.0,0.012,48649.0,0.764
94005,14.51,80233.0,1482.0,0.114,4421.0,0.523
95758,14.06,70003.0,1439.0,0.033,62099.0,0.45799999999999996
93402,14.54,57241.0,1310.0,0.001,14880.0,0.857
95051,15.23,101292.0,1720.0,0.034,54406.0,0.431
95006,14.47,75510.0,1434.0,0.004,9162.0,0.924
91006,14.74,84021.0,1521.0,0.038,32392.0,0.35600000000000004
95005,14.65,69872.0,1340.0,0.006999999999999999,6615.0,0.912
91107,14.93,84761.0,1396.0,0.046,31828.0,0.62
95722,14.48,76389.0,1527.0,0.017,4524.0,0.937
94951,14.26,93389.0,1287.0,0.024,4812.0,0.8109999999999999
90720,14.89,95631.0,1600.0,0.023,22325.0,0.75
93110,14.63,75915.0,1463.0,0.045,17321.0,0.757
93311,14.23,87720.0,1370.0,0.004,44358.0,0.6729999999999999
91320,14.8,106365.0,1918.0,0.017,44958.0,0.77
93111,14.66,94933.0,1898.0,0.022000000000000002,17554.0,0.7709999999999999
91214,14.94,89849.0,1602.0,0.008,31078.0,0.6409999999999999
92691,14.45,93713.0,1907.0,0.019,48129.0,0.816
93449,14.57,67500.0,1563.0,0.021,7789.0,0.9209999999999999
92646,14.68,87110.0,1802.0,0.004,55505.0,0.805
90291,15.26,81025.0,1718.0,0.044000000000000004,27803.0,0.8
91316,14.92,62016.0,1455.0,0.035,28190.0,0.809
92352,14.61,72479.0,973.0,0.006,6783.0,0.878
92110,14.78,60920.0,1366.0,0.034,28006.0,0.8
95008,14.72,88987.0,1528.0,0.032,45495.0,0.6990000000000001
95010,14.41,55833.0,1604.0,0.023,9367.0,0.843
95405,14.65,72156.0,1375.0,0.013999999999999999,21516.0,0.831
91356,14.6,69148.0,1246.0,0.052000000000000005,29847.0,0.752
92029,14.25,68108.0,1395.0,0.009000000000000001,19528.0,0.852
91902,14.28,88926.0,1653.0,0.011000000000000001,19504.0,0.7190000000000001
92270,14.77,71688.0,1297.0,0.008,17634.0,0.907
91307,14.75,98655.0,2001.0,0.028999999999999998,25597.0,0.716
94510,14.71,89500.0,1362.0,0.046,27515.0,0.731
95073,14.61,80133.0,1430.0,0.008,10849.0,0.841
94403,14.84,95189.0,1858.0,0.07200000000000001,40032.0,0.65
94122,14.77,86070.0,1714.0,0.3,58547.0,0.42700000000000005
94702,15.32,59628.0,1219.0,0.217,16868.0,0.557
92807,14.49,94697.0,1908.0,0.004,36323.0,0.762
94945,14.62,83638.0,1661.0,0.062,17973.0,0.769
91913,14.14,84741.0,1823.0,0.016,43655.0,0.525
90740,14.85,53677.0,1576.0,0.008,24288.0,0.8109999999999999
95959,14.66,58913.0,1126.0,0.025,17013.0,0.9009999999999999
95570,14.86,50500.0,927.0,0.022000000000000002,2083.0,0.8270000000000001
91007,14.54,72255.0,1392.0,0.037000000000000005,34198.0,0.297
95409,14.83,65425.0,1413.0,0.006999999999999999,25784.0,0.861
94947,14.48,81879.0,1645.0,0.04,25969.0,0.8270000000000001
95472,14.65,68804.0,1268.0,0.011000000000000001,29408.0,0.8759999999999999
91789,14.65,93509.0,1885.0,0.025,43369.0,0.263
95125,14.73,102479.0,1499.0,0.042,54696.0,0.669
93460,14.09,91737.0,1737.0,0.002,4944.0,0.862
95747,14.67,92678.0,1394.0,0.013999999999999999,56415.0,0.7829999999999999
94121,14.62,70220.0,1522.0,0.319,42043.0,0.462
95219,14.46,75309.0,1105.0,0.006999999999999999,28354.0,0.585
92211,14.49,57557.0,1239.0,0.018000000000000002,24564.0,0.8440000000000001
91741,14.62,81250.0,1549.0,0.02,25678.0,0.807
90808,14.58,96824.0,1427.0,0.018000000000000002,39834.0,0.73
94710,14.83,60952.0,1286.0,0.149,6439.0,0.618
95436,14.24,53368.0,1282.0,0.013999999999999999,5582.0,0.865
91360,14.32,91617.0,1811.0,0.012,44208.0,0.784
92008,14.59,66000.0,1508.0,0.034,26464.0,0.88
92506,14.46,78116.0,1201.0,0.016,45993.0,0.807
95672,14.82,92464.0,2001.0,0.004,5166.0,0.8240000000000001
95661,14.48,72459.0,1243.0,0.01,30559.0,0.838
91709,14.54,97609.0,1825.0,0.016,76187.0,0.507
91001,14.58,85655.0,1439.0,0.036000000000000004,37481.0,0.583
90623,14.38,83767.0,1508.0,0.006999999999999999,15767.0,0.42200000000000004
95521,14.7,32711.0,903.0,0.015,20769.0,0.8320000000000001
95663,14.43,124375.0,1278.0,0.008,2485.0,0.871
95131,14.64,108366.0,1868.0,0.016,29660.0,0.158
95130,14.75,98990.0,1380.0,0.015,14559.0,0.565
95124,14.76,106660.0,1578.0,0.016,48505.0,0.708
95139,14.6,98400.0,1654.0,0.048,6632.0,0.684
95926,14.42,37296.0,887.0,0.018000000000000002,38276.0,0.828
95946,14.4,62180.0,1505.0,0.005,10206.0,0.9159999999999999
92653,14.47,92806.0,1818.0,0.019,28853.0,0.6890000000000001
94602,14.58,68813.0,1159.0,0.152,29794.0,0.46
94547,14.46,100204.0,1554.0,0.10300000000000001,24622.0,0.271
94501,14.54,70935.0,1351.0,0.161,62571.0,0.503
95630,14.61,100308.0,1416.0,0.026000000000000002,73356.0,0.703
95608,14.36,55256.0,925.0,0.028999999999999998,60729.0,0.799
94901,14.09,76909.0,1424.0,0.11800000000000001,42027.0,0.6629999999999999
94044,14.55,96719.0,1799.0,0.07400000000000001,38416.0,0.638
95825,13.83,37382.0,870.0,0.043,31083.0,0.583
94535,14.2,53389.0,1772.0,0.057,4543.0,0.73
90732,14.15,84537.0,1689.0,0.013999999999999999,19810.0,0.7490000000000001
91737,14.44,98407.0,1583.0,0.005,24759.0,0.637
91775,14.37,84620.0,1250.0,0.032,25395.0,0.336
95682,14.06,77416.0,1147.0,0.011000000000000001,29972.0,0.925
96161,14.61,75172.0,1432.0,0.009000000000000001,18475.0,0.955
95136,14.28,87500.0,1721.0,0.026000000000000002,41852.0,0.509
96103,14.48,60268.0,780.0,0.004,1357.0,0.951
94536,14.38,92107.0,1550.0,0.10099999999999999,70696.0,0.381
95677,14.1,69583.0,1291.0,0.016,22808.0,0.8440000000000001
91941,14.53,71661.0,1232.0,0.025,33474.0,0.768
95119,14.22,103319.0,1894.0,0.025,10595.0,0.597
90034,14.67,56743.0,1402.0,0.09699999999999999,58968.0,0.61
92672,14.55,75411.0,1642.0,0.011000000000000001,35041.0,0.807
91311,14.25,80279.0,1417.0,0.036000000000000004,37769.0,0.636
92708,14.11,82005.0,1615.0,0.011000000000000001,57441.0,0.535
90232,14.66,71316.0,1470.0,0.028999999999999998,15353.0,0.722
94550,14.52,102952.0,1450.0,0.038,48050.0,0.8220000000000001
92630,14.22,84785.0,1652.0,0.006,59657.0,0.667
95062,14.49,62253.0,1444.0,0.025,36358.0,0.846
93010,14.2,86505.0,1473.0,0.013000000000000001,43234.0,0.752
92821,14.42,80163.0,1544.0,0.018000000000000002,37580.0,0.732
91942,14.09,52354.0,1289.0,0.027000000000000003,39438.0,0.745
95404,14.32,67001.0,1220.0,0.028999999999999998,40253.0,0.78
93463,14.35,66771.0,1460.0,0.001,8132.0,0.845
94521,14.37,84819.0,1481.0,0.081,41138.0,0.706
92592,14.22,89541.0,1709.0,0.004,74558.0,0.737
95462,14.38,37083.0,931.0,0.036000000000000004,1216.0,0.857
90807,14.27,72276.0,1204.0,0.044000000000000004,33726.0,0.444
93611,14.01,77930.0,1397.0,0.002,48597.0,0.7240000000000001
91750,14.3,76912.0,1379.0,0.024,33969.0,0.75
91202,14.08,63111.0,1541.0,0.025,23007.0,0.778
91325,14.12,57883.0,1305.0,0.054000000000000006,32823.0,0.583
93546,13.48,65156.0,1138.0,0.094,9408.0,0.858
95818,14.91,58272.0,811.0,0.048,20135.0,0.72
94019,14.52,103378.0,1760.0,0.009000000000000001,18382.0,0.809
92126,14.44,85707.0,1718.0,0.018000000000000002,78201.0,0.37799999999999995
94116,14.11,84828.0,1584.0,0.282,45552.0,0.381
95050,14.31,69341.0,1451.0,0.052000000000000005,37714.0,0.593
93117,14.35,55801.0,1450.0,0.051,55064.0,0.6809999999999999
92705,14.11,82675.0,1382.0,0.021,46163.0,0.769
93003,14.27,69616.0,1494.0,0.013999999999999999,51454.0,0.81
90630,14.36,84051.0,1613.0,0.011000000000000001,48844.0,0.579
92626,14.33,80132.0,1705.0,0.019,51575.0,0.721
94518,14.1,73040.0,1390.0,0.105,26647.0,0.728
94574,14.25,81788.0,1582.0,0.003,9300.0,0.8190000000000001
95650,14.45,84133.0,1414.0,0.001,12255.0,0.932
90305,14.1,62558.0,1216.0,0.057,15501.0,0.09699999999999999
90230,14.56,73786.0,1531.0,0.044000000000000004,33090.0,0.602
92123,14.26,71911.0,1786.0,0.027000000000000003,29240.0,0.5760000000000001
94061,13.99,81907.0,1629.0,0.033,37667.0,0.733
94089,14.33,88797.0,1834.0,0.038,20476.0,0.48700000000000004
92845,14.08,89026.0,1473.0,0.012,17202.0,0.7609999999999999
95843,13.44,64773.0,1351.0,0.01,47172.0,0.645
91501,14.21,62500.0,1442.0,0.02,19829.0,0.7440000000000001
92116,14.86,54966.0,1120.0,0.051,32943.0,0.765
90010,14.6,47308.0,1637.0,0.083,3792.0,0.19699999999999998
95004,13.49,67188.0,1297.0,0.027999999999999997,3886.0,0.857
95446,14.57,43564.0,1073.0,0.042,4419.0,0.87
91607,14.47,52274.0,1278.0,0.051,29591.0,0.775
91739,14.38,100049.0,1656.0,0.023,38009.0,0.579
94553,14.0,76669.0,1394.0,0.052000000000000005,48891.0,0.779
93023,14.13,64843.0,1263.0,0.008,20603.0,0.902
95826,13.98,53648.0,963.0,0.053,38378.0,0.6729999999999999
92313,13.55,64140.0,1174.0,0.006999999999999999,12252.0,0.7040000000000001
91701,13.99,76994.0,1381.0,0.015,40822.0,0.752
95658,14.35,63604.0,1180.0,0.019,6261.0,0.9179999999999999
92117,14.18,65319.0,1379.0,0.036000000000000004,53205.0,0.7559999999999999
95037,14.07,95435.0,1631.0,0.027000000000000003,46834.0,0.68
94538,14.34,87652.0,1655.0,0.095,63850.0,0.321
95118,14.26,90984.0,1617.0,0.023,31579.0,0.669
93465,14.1,83194.0,1186.0,0.003,9652.0,0.863
91350,14.24,97921.0,1694.0,0.016,35826.0,0.742
94030,14.49,92006.0,1779.0,0.11199999999999999,22203.0,0.483
90404,14.71,65035.0,1427.0,0.073,21641.0,0.7190000000000001
91344,13.93,77247.0,1538.0,0.027000000000000003,53165.0,0.634
94609,14.88,56378.0,1143.0,0.265,22059.0,0.509
92382,14.15,66875.0,1248.0,0.006999999999999999,5161.0,0.9079999999999999
92831,14.04,57333.0,1292.0,0.032,35316.0,0.637
92508,14.01,92684.0,1873.0,0.017,36583.0,0.667
95035,14.04,98899.0,1798.0,0.03,69635.0,0.203
94952,14.19,75221.0,1334.0,0.026000000000000002,35081.0,0.821
93021,14.06,99537.0,1720.0,0.017,36407.0,0.7859999999999999
95123,13.92,90881.0,1810.0,0.03,64602.0,0.612
91773,14.29,78501.0,1502.0,0.026000000000000002,33869.0,0.664
94525,14.01,81667.0,1038.0,0.073,3151.0,0.8170000000000001
94619,14.34,78676.0,1366.0,0.146,24146.0,0.382
95117,13.82,67718.0,1493.0,0.031,32074.0,0.597
93420,14.35,66506.0,1278.0,0.008,30076.0,0.882
92078,14.06,55530.0,1445.0,0.011000000000000001,45926.0,0.7879999999999999
95928,14.3,45906.0,943.0,0.018000000000000002,36081.0,0.845
95132,13.93,98026.0,1723.0,0.027000000000000003,41222.0,0.21899999999999997
93004,14.06,76027.0,1505.0,0.015,30417.0,0.8109999999999999
90066,14.6,68346.0,1434.0,0.073,58337.0,0.629
94568,14.79,113616.0,1881.0,0.098,48097.0,0.515
94015,13.85,78564.0,1670.0,0.174,62941.0,0.22899999999999998
92003,14.05,69205.0,1255.0,0.022000000000000002,4306.0,0.768
94803,14.12,76232.0,1298.0,0.087,25998.0,0.49200000000000005
92562,14.09,75448.0,1469.0,0.002,63293.0,0.743
95709,13.83,70417.0,1021.0,0.006999999999999999,4953.0,0.91
95835,14.39,80449.0,1425.0,0.022000000000000002,39073.0,0.428
92869,13.82,88160.0,1604.0,0.027999999999999997,37390.0,0.652
91206,14.04,52077.0,1276.0,0.062,33706.0,0.745
92056,13.92,63728.0,1561.0,0.018000000000000002,52758.0,0.722
95017,14.51,67031.0,1261.0,0.008,654.0,0.9159999999999999
95476,13.76,60100.0,1300.0,0.017,38822.0,0.823
95223,14.21,62056.0,1042.0,0.009000000000000001,3042.0,0.929
92260,13.97,50309.0,1113.0,0.027999999999999997,32855.0,0.846
92264,14.2,43703.0,992.0,0.022000000000000002,19754.0,0.857
95602,13.78,63721.0,1007.0,0.013000000000000001,18498.0,0.9109999999999999
93312,14.16,93588.0,1574.0,0.004,56313.0,0.795
95949,14.12,60459.0,1387.0,0.013000000000000001,19640.0,0.9420000000000001
95624,13.86,80233.0,1467.0,0.017,63131.0,0.525
95973,14.01,56541.0,926.0,0.008,33511.0,0.8640000000000001
95662,13.86,65122.0,1275.0,0.02,31814.0,0.899
93551,13.76,85200.0,1585.0,0.012,50572.0,0.619
94546,14.0,75500.0,1369.0,0.08199999999999999,43448.0,0.644
95829,13.55,74530.0,1594.0,0.016,25786.0,0.474
92881,13.85,94196.0,1574.0,0.012,32817.0,0.713
91020,14.54,67652.0,1328.0,0.016,9249.0,0.596
91505,14.26,77679.0,1512.0,0.042,31133.0,0.7490000000000001
92591,13.81,70380.0,1428.0,0.005,39767.0,0.7340000000000001
92883,14.05,93917.0,2001.0,0.017,31940.0,0.716
92019,13.64,74797.0,1434.0,0.019,44357.0,0.7859999999999999
95603,13.83,56049.0,1072.0,0.009000000000000001,28652.0,0.888
93035,13.74,83038.0,1773.0,0.011000000000000001,26966.0,0.748
94564,13.97,74283.0,1392.0,0.069,18704.0,0.504
95128,14.07,70096.0,1382.0,0.032,37026.0,0.573
95519,13.88,50051.0,997.0,0.008,18496.0,0.861
90603,13.96,87251.0,1671.0,0.024,20475.0,0.6890000000000001
95685,13.91,60648.0,1076.0,0.002,4278.0,0.92
93555,13.8,62533.0,849.0,0.001,32967.0,0.7829999999999999
93065,13.99,94173.0,1738.0,0.013999999999999999,72273.0,0.79
94928,13.42,57484.0,1295.0,0.024,42668.0,0.7609999999999999
94954,13.78,81980.0,1563.0,0.022000000000000002,36624.0,0.799
92675,13.7,72465.0,1753.0,0.012,35596.0,0.71
93455,13.77,72212.0,1559.0,0.018000000000000002,42513.0,0.836
92870,13.76,80037.0,1541.0,0.026000000000000002,53474.0,0.743
95713,13.6,60720.0,1157.0,0.011000000000000001,9920.0,0.938
91504,13.91,71296.0,1335.0,0.024,25544.0,0.721
95670,13.8,55656.0,951.0,0.044000000000000004,52886.0,0.657
91748,13.7,60896.0,1334.0,0.043,47859.0,0.24100000000000002
91901,13.8,81379.0,1284.0,0.006,18184.0,0.88
94805,13.79,66079.0,1229.0,0.15,14329.0,0.531
92253,14.12,71697.0,1411.0,0.006,38462.0,0.828
94591,13.77,73870.0,1359.0,0.046,54530.0,0.38299999999999995
92647,13.82,74637.0,1480.0,0.018000000000000002,59741.0,0.7170000000000001
95703,13.93,69750.0,1050.0,0.022000000000000002,1065.0,0.919
95126,14.24,72877.0,1432.0,0.079,34618.0,0.516
95448,13.99,62076.0,1289.0,0.01,17078.0,0.78
93422,13.93,66014.0,1145.0,0.013999999999999999,31899.0,0.895
92555,13.23,73352.0,1606.0,0.009000000000000001,40419.0,0.48700000000000004
91506,14.14,70408.0,1309.0,0.026000000000000002,18428.0,0.728
95421,14.32,58289.0,1120.0,0.006,1537.0,0.878
94585,13.35,70721.0,1495.0,0.03,29205.0,0.358
95669,13.45,64479.0,1089.0,0.003,2676.0,0.956
90504,14.0,75180.0,1362.0,0.018000000000000002,32777.0,0.4
91351,13.24,70858.0,1463.0,0.04,32433.0,0.718
93704,13.66,48461.0,892.0,0.016,26009.0,0.691
95678,13.87,62969.0,1244.0,0.009000000000000001,41929.0,0.785
96001,13.84,46422.0,886.0,0.01,34469.0,0.856
91780,13.83,63045.0,1281.0,0.036000000000000004,35274.0,0.273
92065,13.3,77361.0,1241.0,0.001,36039.0,0.893
94599,14.43,66136.0,1773.0,0.008,3187.0,0.8909999999999999
95610,13.37,50536.0,989.0,0.022000000000000002,43572.0,0.8170000000000001
95688,13.64,81860.0,1337.0,0.008,35820.0,0.73
95684,13.46,52292.0,1112.0,0.053,2980.0,0.9390000000000001
93063,13.94,83974.0,1666.0,0.017,56687.0,0.7759999999999999
90713,13.79,87095.0,1841.0,0.015,28411.0,0.662
95821,13.59,38777.0,826.0,0.040999999999999995,34439.0,0.731
93710,13.45,42844.0,879.0,0.032,33114.0,0.616
91745,13.69,76447.0,1629.0,0.022000000000000002,55237.0,0.456
92101,14.84,52314.0,1282.0,0.07,35893.0,0.754
90027,14.44,50316.0,1219.0,0.111,46025.0,0.665
95667,13.83,55710.0,984.0,0.008,36639.0,0.897
95492,13.64,81093.0,1648.0,0.008,29629.0,0.767
95403,13.44,63029.0,1307.0,0.018000000000000002,44918.0,0.757
95356,13.74,65208.0,1123.0,0.003,32794.0,0.6759999999999999
91040,13.63,70830.0,1181.0,0.012,20017.0,0.828
94066,13.88,81369.0,1685.0,0.106,42100.0,0.508
90638,13.76,79858.0,1530.0,0.017,49543.0,0.565
92587,13.32,68620.0,1601.0,0.003,16787.0,0.807
94931,14.02,64625.0,1280.0,0.013999999999999999,8570.0,0.8029999999999999
96027,13.38,43430.0,805.0,0.013999999999999999,2462.0,0.905
92865,13.88,85251.0,1557.0,0.035,19715.0,0.708
93013,13.47,68884.0,1444.0,0.03,15944.0,0.8029999999999999
92028,13.32,57223.0,1088.0,0.006,48335.0,0.805
91978,13.62,66483.0,1612.0,0.008,9812.0,0.746
95503,13.63,48681.0,956.0,0.011000000000000001,24900.0,0.83
92325,13.53,47394.0,907.0,0.022000000000000002,8318.0,0.867
95833,13.44,55827.0,1102.0,0.025,39117.0,0.525
92867,13.64,78072.0,1481.0,0.03,44569.0,0.6990000000000001
96150,13.51,47500.0,913.0,0.027999999999999997,28618.0,0.782
95148,13.68,107324.0,2001.0,0.017,46993.0,0.215
92071,13.74,74393.0,1358.0,0.012,55362.0,0.8290000000000001
92374,13.64,66590.0,1123.0,0.013000000000000001,40911.0,0.715
94587,13.69,82564.0,1513.0,0.08199999999999999,71675.0,0.212
90041,14.2,64545.0,1199.0,0.057,28439.0,0.5429999999999999
94558,13.44,72720.0,1437.0,0.011000000000000001,67967.0,0.8420000000000001
94519,13.64,67607.0,1439.0,0.115,19927.0,0.747
94608,14.97,55959.0,1345.0,0.248,26323.0,0.435
92315,13.32,41202.0,944.0,0.004,5236.0,0.8759999999999999
91724,13.66,75420.0,1334.0,0.044000000000000004,25405.0,0.575
95945,13.93,42778.0,968.0,0.004,25223.0,0.9229999999999999
94303,14.16,89464.0,1634.0,0.042,47159.0,0.51
92082,13.33,79348.0,1036.0,0.006999999999999999,19825.0,0.8079999999999999
91324,13.84,58993.0,1399.0,0.044000000000000004,29178.0,0.518
94515,13.44,62182.0,1151.0,0.016,7314.0,0.807
95827,13.54,50528.0,1123.0,0.048,20294.0,0.6659999999999999
93022,13.61,73433.0,1421.0,0.004,7069.0,0.897
90712,13.7,78175.0,1453.0,0.019,32015.0,0.542
93103,13.38,67383.0,1573.0,0.053,20271.0,0.669
90008,13.38,36180.0,1032.0,0.139,33012.0,0.122
92833,13.84,67019.0,1407.0,0.037000000000000005,53309.0,0.40299999999999997
94110,14.51,84488.0,1447.0,0.377,71422.0,0.608
91791,13.57,70841.0,1266.0,0.033,33174.0,0.436
95370,13.67,48912.0,926.0,0.004,26904.0,0.903
95969,13.67,41982.0,902.0,0.013000000000000001,27443.0,0.932
93510,13.62,89403.0,1806.0,0.004,7289.0,0.8340000000000001
96032,13.75,47625.0,700.0,0.004,2339.0,0.797
93309,12.94,47369.0,907.0,0.011000000000000001,60631.0,0.718
91910,13.13,54640.0,1189.0,0.037000000000000005,76797.0,0.7140000000000001
96094,13.89,41772.0,853.0,0.002,6370.0,0.86
95242,13.64,64355.0,1167.0,0.005,26187.0,0.845
95338,13.45,47692.0,961.0,0.018000000000000002,11075.0,0.867
91792,13.36,66848.0,1453.0,0.040999999999999995,30102.0,0.271
93001,13.52,54945.0,1230.0,0.03,32360.0,0.8
95461,14.06,52143.0,1073.0,0.011000000000000001,3318.0,0.9079999999999999
95212,12.95,59965.0,1558.0,0.006999999999999999,25244.0,0.325
95621,13.31,51827.0,1118.0,0.02,41474.0,0.8190000000000001
92057,13.35,64976.0,1601.0,0.026000000000000002,55618.0,0.627
94605,13.6,57610.0,1121.0,0.142,43168.0,0.27399999999999997
92111,13.63,55635.0,1311.0,0.057999999999999996,47590.0,0.633
93277,13.31,51056.0,937.0,0.011000000000000001,51849.0,0.836
95382,13.68,64874.0,1126.0,0.003,37163.0,0.7929999999999999
92584,13.53,75928.0,1692.0,0.004,46346.0,0.713
95659,13.37,54444.0,761.0,0.015,775.0,0.782
90601,13.4,70841.0,1274.0,0.035,34143.0,0.5539999999999999
95623,13.51,55878.0,1060.0,0.02,4317.0,0.935
92026,13.2,53820.0,1272.0,0.011000000000000001,49981.0,0.821
92866,13.22,62589.0,1361.0,0.021,15473.0,0.687
92115,13.34,42828.0,1141.0,0.052000000000000005,61718.0,0.618
96003,13.6,46497.0,1016.0,0.012,44398.0,0.89
90039,14.19,67170.0,1330.0,0.04,27843.0,0.5589999999999999
94577,13.43,64660.0,1234.0,0.109,45808.0,0.43799999999999994
94509,12.78,54372.0,1211.0,0.07,63351.0,0.5670000000000001
95389,13.65,45588.0,237.0,0.127,1312.0,0.898
92139,13.1,59679.0,1376.0,0.03,37450.0,0.43700000000000006
92307,13.31,57124.0,976.0,0.01,38204.0,0.792
91016,13.87,72168.0,1310.0,0.026000000000000002,42235.0,0.6
93433,13.16,49418.0,1152.0,0.009000000000000001,13337.0,0.8170000000000001
92563,13.85,77105.0,1680.0,0.002,57605.0,0.593
93536,13.26,70724.0,1290.0,0.01,71313.0,0.691
93907,12.96,68078.0,1290.0,0.0,21812.0,0.731
93427,13.73,62969.0,1120.0,0.021,5279.0,0.763
90746,13.7,75031.0,1681.0,0.034,26738.0,0.17
95631,13.72,63901.0,1268.0,0.006999999999999999,5910.0,0.955
92104,14.25,48733.0,1066.0,0.051,44590.0,0.733
93514,13.46,51250.0,863.0,0.006,14472.0,0.8540000000000001
91104,13.84,70811.0,1274.0,0.055,38421.0,0.6940000000000001
94533,12.72,56973.0,1152.0,0.023,70634.0,0.435
96097,13.11,28953.0,787.0,0.009000000000000001,9790.0,0.805
94513,13.78,89607.0,1854.0,0.026000000000000002,56929.0,0.75
95841,13.06,38464.0,886.0,0.016,19361.0,0.715
93101,13.21,54945.0,1397.0,0.10099999999999999,32860.0,0.6970000000000001
93933,13.51,53955.0,1170.0,0.033,22696.0,0.545
92880,13.79,101303.0,1978.0,0.011000000000000001,61187.0,0.536
95355,13.38,56646.0,1073.0,0.022000000000000002,59955.0,0.757
95209,13.55,72218.0,1216.0,0.015,41459.0,0.518
92262,13.69,46519.0,944.0,0.026000000000000002,26693.0,0.754
95687,13.44,73684.0,1412.0,0.01,65781.0,0.634
92557,12.81,60655.0,1337.0,0.017,51871.0,0.5870000000000001
95834,13.88,56651.0,1031.0,0.043,23986.0,0.409
94560,13.54,86521.0,1570.0,0.046,43635.0,0.379
94401,13.36,72279.0,1591.0,0.087,36838.0,0.59
91740,13.35,67048.0,1380.0,0.031,26324.0,0.746
91304,13.25,58361.0,1197.0,0.064,53517.0,0.493
93446,13.42,64974.0,1156.0,0.015,44288.0,0.826
92040,13.35,64787.0,1167.0,0.009000000000000001,42323.0,0.875
90717,13.37,56245.0,1231.0,0.045,21612.0,0.608
95401,12.97,52813.0,1250.0,0.019,38604.0,0.784
94133,13.78,53150.0,1316.0,0.256,27662.0,0.414
94102,13.71,24127.0,872.0,0.473,28013.0,0.43
94080,13.45,78378.0,1525.0,0.11,66002.0,0.381
94572,13.3,68701.0,1149.0,0.036000000000000004,9648.0,0.502
92359,13.27,53807.0,859.0,0.012,8298.0,0.745
91801,13.48,51225.0,1232.0,0.037000000000000005,53792.0,0.22899999999999998
95501,13.52,38175.0,839.0,0.016,23769.0,0.787
95666,13.72,53281.0,1171.0,0.027999999999999997,5533.0,0.905
95954,13.19,40545.0,983.0,0.015,12535.0,0.9279999999999999
96002,13.33,43657.0,931.0,0.006,33202.0,0.823
93444,13.79,61379.0,1412.0,0.008,19578.0,0.843
93405,13.77,41488.0,1385.0,0.027999999999999997,34833.0,0.762
91723,13.32,60532.0,1202.0,0.035,20010.0,0.509
92780,13.15,64089.0,1415.0,0.028999999999999998,60438.0,0.555
95490,13.1,37692.0,1008.0,0.017,12905.0,0.883
94571,13.68,61563.0,1257.0,0.012,8171.0,0.774
90240,12.9,71939.0,1351.0,0.013000000000000001,26287.0,0.7290000000000001
94579,12.99,75481.0,1463.0,0.099,21842.0,0.38799999999999996
94559,13.29,58363.0,1222.0,0.013999999999999999,27062.0,0.813
95842,12.86,44542.0,983.0,0.016,31671.0,0.644
92020,13.02,49851.0,1101.0,0.040999999999999995,58305.0,0.7390000000000001
95470,13.38,58810.0,1107.0,0.006999999999999999,6874.0,0.83
91203,13.29,44724.0,1274.0,0.035,13740.0,0.72
91042,13.33,57640.0,1147.0,0.022000000000000002,28126.0,0.7140000000000001
93505,12.68,57731.0,856.0,0.009000000000000001,13232.0,0.693
95366,13.71,75300.0,1057.0,0.008,16734.0,0.8859999999999999
92083,12.02,46073.0,1199.0,0.021,36604.0,0.7959999999999999
91754,13.28,56767.0,1226.0,0.039,33622.0,0.201
90715,13.04,64701.0,1471.0,0.035,20283.0,0.34600000000000003
90802,13.94,44984.0,1048.0,0.113,38816.0,0.5579999999999999
91786,13.41,51105.0,1165.0,0.03,52152.0,0.541
95451,13.18,45392.0,1089.0,0.006,12035.0,0.7959999999999999
91321,13.0,57654.0,1338.0,0.038,34576.0,0.711
95133,13.22,72459.0,1377.0,0.048,27381.0,0.23600000000000002
95204,12.95,43372.0,920.0,0.008,29246.0,0.6709999999999999
94103,13.77,41612.0,946.0,0.358,24108.0,0.45299999999999996
95993,13.19,64034.0,974.0,0.017,35847.0,0.628
92346,12.9,59995.0,984.0,0.009000000000000001,58845.0,0.6
95379,13.52,54792.0,918.0,0.001,3837.0,0.873
90620,13.41,80278.0,1583.0,0.019,45992.0,0.615
94014,13.14,71668.0,1469.0,0.23199999999999998,48536.0,0.251
94545,13.28,71723.0,1431.0,0.062,30936.0,0.332
91977,12.99,60124.0,1228.0,0.024,59481.0,0.7
92627,13.46,57708.0,1445.0,0.037000000000000005,60806.0,0.601
91730,13.68,61952.0,1407.0,0.017,66979.0,0.623
90020,13.38,37121.0,1119.0,0.221,39102.0,0.25
92084,12.56,50401.0,1201.0,0.022000000000000002,48275.0,0.843
92399,13.32,59302.0,1094.0,0.009000000000000001,54056.0,0.8220000000000001
92882,13.12,71793.0,1245.0,0.013999999999999999,70188.0,0.7390000000000001
94804,12.84,49541.0,1179.0,0.145,40941.0,0.39899999999999997
93436,12.75,54980.0,1010.0,0.036000000000000004,55176.0,0.6779999999999999
90631,13.18,66553.0,1306.0,0.033,68899.0,0.613
95814,13.6,33373.0,790.0,0.064,10076.0,0.645
92070,12.9,43333.0,908.0,0.013999999999999999,1193.0,0.614
93561,13.0,60513.0,877.0,0.002,34246.0,0.8909999999999999
94561,12.88,77706.0,1409.0,0.036000000000000004,38481.0,0.68
91945,12.65,52376.0,1153.0,0.046,26027.0,0.5870000000000001
95540,13.15,42655.0,816.0,0.019,13012.0,0.8170000000000001
95694,13.18,58517.0,997.0,0.009000000000000001,9574.0,0.722
92054,13.14,50568.0,1231.0,0.032,42992.0,0.7559999999999999
93238,13.8,58012.0,861.0,0.065,1575.0,0.9740000000000001
96064,13.19,42627.0,793.0,0.012,4762.0,0.909
91201,13.3,50526.0,1326.0,0.053,22985.0,0.7929999999999999
95482,13.06,45953.0,962.0,0.004,33157.0,0.797
96025,13.37,32721.0,832.0,0.047,2102.0,0.884
94578,12.75,49095.0,1171.0,0.125,38629.0,0.47
93612,12.82,37207.0,877.0,0.006,34814.0,0.67
94580,12.94,71177.0,1444.0,0.099,29311.0,0.493
95207,12.96,38563.0,871.0,0.02,48748.0,0.488
91384,13.11,102273.0,1266.0,0.021,28949.0,0.66
93292,12.8,51341.0,998.0,0.01,38825.0,0.8109999999999999
94589,12.93,56154.0,1338.0,0.021,30811.0,0.375
95350,12.92,40461.0,956.0,0.013000000000000001,50676.0,0.7709999999999999
92879,12.77,62677.0,1408.0,0.02,48654.0,0.684
90043,13.07,38738.0,1028.0,0.073,43118.0,0.16899999999999998
92069,12.82,52457.0,1223.0,0.01,47130.0,0.71
96130,12.45,54527.0,919.0,0.013999999999999999,21920.0,0.6890000000000001
91401,13.24,48994.0,1177.0,0.099,40503.0,0.583
93722,12.82,54381.0,1076.0,0.01,80455.0,0.5539999999999999
92377,12.72,80130.0,1721.0,0.005,19750.0,0.546
92277,13.11,37316.0,921.0,0.005,24112.0,0.733
93245,13.09,51280.0,970.0,0.024,37062.0,0.645
92544,12.66,42084.0,965.0,0.006999999999999999,47136.0,0.773
95376,12.68,62262.0,1271.0,0.023,49398.0,0.6409999999999999
90704,12.58,55882.0,1339.0,0.004,3952.0,0.8370000000000001
92308,12.93,43345.0,990.0,0.009000000000000001,39953.0,0.8340000000000001
95046,13.14,108205.0,1613.0,0.016,6303.0,0.6559999999999999
93313,12.44,64803.0,1379.0,0.017,43644.0,0.606
94060,11.98,60089.0,954.0,0.006999999999999999,1650.0,0.884
92027,12.43,53473.0,1191.0,0.015,56892.0,0.787
96022,12.87,52154.0,1064.0,0.006,17488.0,0.893
95620,12.89,66291.0,1154.0,0.008,21005.0,0.728
92284,12.85,42517.0,961.0,0.005,25045.0,0.805
96143,13.01,40340.0,985.0,0.043,3855.0,0.9
91306,12.58,60959.0,1152.0,0.06,48707.0,0.43
92507,12.89,41051.0,1105.0,0.027999999999999997,55156.0,0.603
94108,13.06,36875.0,1047.0,0.28300000000000003,13930.0,0.325
93513,13.38,47833.0,948.0,0.026000000000000002,1584.0,0.695
92021,12.82,50035.0,1135.0,0.019,66854.0,0.805
90501,13.37,59878.0,1213.0,0.045,43407.0,0.413
90249,12.94,50996.0,1034.0,0.07,27451.0,0.27
90028,13.73,31742.0,1137.0,0.166,29994.0,0.599
93041,12.72,52371.0,1492.0,0.02,23998.0,0.7
94612,13.55,30879.0,905.0,0.366,14500.0,0.319
90502,13.41,62533.0,1361.0,0.019,17135.0,0.36200000000000004
92806,12.88,62828.0,1503.0,0.045,39616.0,0.7240000000000001
95828,12.17,45439.0,1108.0,0.015,61490.0,0.359
96052,13.04,32634.0,873.0,0.006,1652.0,0.8859999999999999
94590,13.05,40826.0,1039.0,0.051,34859.0,0.526
93534,12.47,35600.0,929.0,0.027999999999999997,39120.0,0.608
92595,13.02,61525.0,1510.0,0.005,31139.0,0.7
95695,12.97,52274.0,895.0,0.018000000000000002,38790.0,0.755
91803,13.1,56632.0,1183.0,0.034,30586.0,0.264
96080,13.05,39288.0,788.0,0.013000000000000001,27650.0,0.875
95425,13.12,57400.0,1130.0,0.012,10699.0,0.813
95361,13.17,57652.0,1025.0,0.006,32544.0,0.892
95020,13.09,82748.0,1356.0,0.026000000000000002,59666.0,0.708
91010,13.05,60118.0,1328.0,0.040999999999999995,25797.0,0.516
93454,12.28,52564.0,1158.0,0.024,37362.0,0.6940000000000001
92392,12.69,56277.0,1225.0,0.006,56461.0,0.687
95619,13.18,60660.0,1501.0,0.048,4937.0,0.927
94112,12.96,71505.0,1453.0,0.344,83032.0,0.306
95023,12.63,69678.0,1278.0,0.008,50625.0,0.838
95368,12.44,72939.0,1390.0,0.002,14474.0,0.764
90710,13.07,54630.0,1058.0,0.051,27550.0,0.515
95817,13.48,34845.0,905.0,0.059000000000000004,14472.0,0.534
95822,12.92,44392.0,1013.0,0.039,42907.0,0.505
95348,12.77,40903.0,874.0,0.013000000000000001,31387.0,0.583
95428,13.28,32782.0,935.0,0.002,2491.0,0.586
92311,12.62,45889.0,763.0,0.021,32831.0,0.6579999999999999
90248,12.84,51956.0,1134.0,0.046,9936.0,0.311
92504,12.8,57052.0,1148.0,0.023,53960.0,0.773
94541,12.87,57895.0,1235.0,0.09300000000000001,62738.0,0.502
91932,12.77,48117.0,1194.0,0.043,26257.0,0.7120000000000001
92545,12.78,40119.0,1157.0,0.006,41078.0,0.742
93306,12.6,52203.0,941.0,0.01,68910.0,0.7140000000000001
91601,13.55,47202.0,1256.0,0.126,38781.0,0.669
92407,12.21,51702.0,1116.0,0.012,60118.0,0.616
93631,13.07,58381.0,788.0,0.002,16844.0,0.7340000000000001
95121,12.86,85514.0,1886.0,0.026000000000000002,38603.0,0.317
92114,12.55,57287.0,1204.0,0.047,69305.0,0.23399999999999999
95336,12.59,56885.0,1200.0,0.011000000000000001,46433.0,0.7090000000000001
90621,13.16,56219.0,1327.0,0.054000000000000006,35478.0,0.534
91790,12.81,66057.0,1359.0,0.033,46059.0,0.39
95626,12.63,60579.0,1370.0,0.006,6335.0,0.7909999999999999
92683,12.62,53559.0,1355.0,0.024,91204.0,0.387
92220,12.63,39917.0,975.0,0.013000000000000001,32793.0,0.723
96039,12.9,28750.0,655.0,0.003,1206.0,0.619
92860,12.88,85361.0,1830.0,0.012,27304.0,0.7440000000000001
90241,12.74,56059.0,1197.0,0.032,43596.0,0.603
91204,12.88,39753.0,1166.0,0.08,16292.0,0.6659999999999999
91722,12.71,63740.0,1377.0,0.039,36352.0,0.51
92868,13.13,63610.0,1571.0,0.023,27353.0,0.491
91205,12.99,37414.0,1215.0,0.063,38138.0,0.758
91755,12.75,52517.0,1283.0,0.043,27305.0,0.171
92394,12.01,51500.0,1187.0,0.008,34479.0,0.48
92586,12.9,36394.0,1063.0,0.024,19384.0,0.8170000000000001
90604,12.93,65640.0,1233.0,0.024,39541.0,0.6509999999999999
94565,12.61,55865.0,1292.0,0.09699999999999999,87395.0,0.39799999999999996
93535,12.23,42835.0,1139.0,0.016,73282.0,0.642
96055,12.71,40747.0,805.0,0.006999999999999999,4097.0,0.885
93221,12.73,48470.0,840.0,0.001,15391.0,0.887
92252,13.19,39409.0,839.0,0.02,9228.0,0.8140000000000001
93451,12.84,54205.0,1137.0,0.001,4187.0,0.7390000000000001
93560,12.44,56875.0,1013.0,0.006,19189.0,0.664
96007,12.73,38907.0,797.0,0.003,22942.0,0.9079999999999999
93308,12.81,41737.0,884.0,0.022000000000000002,54132.0,0.857
90731,12.72,49786.0,1125.0,0.044000000000000004,62348.0,0.679
95632,12.82,61255.0,1095.0,0.006,30064.0,0.708
92832,12.97,58853.0,1309.0,0.045,25247.0,0.599
95691,13.48,65769.0,1037.0,0.02,35929.0,0.643
93726,12.45,32471.0,814.0,0.035,42618.0,0.505
90804,12.89,44629.0,1117.0,0.079,40679.0,0.597
91335,12.6,51398.0,1211.0,0.067,77952.0,0.711
92551,12.12,50449.0,1363.0,0.009000000000000001,33050.0,0.48
91103,13.06,59099.0,1241.0,0.071,27684.0,0.541
94520,12.58,47656.0,1191.0,0.10400000000000001,38743.0,0.639
95673,12.52,50854.0,1189.0,0.012,14773.0,0.7120000000000001
92371,12.41,50744.0,1013.0,0.002,14729.0,0.853
92223,13.53,64738.0,1085.0,0.008,46719.0,0.695
95991,12.5,43165.0,882.0,0.011000000000000001,41212.0,0.71
93230,12.66,53008.0,917.0,0.006,66316.0,0.792
92025,12.43,45433.0,1122.0,0.02,49734.0,0.836
92804,12.47,52408.0,1307.0,0.048,85969.0,0.489
94544,12.49,59699.0,1302.0,0.076,76508.0,0.396
95988,12.9,48443.0,727.0,0.002,8913.0,0.835
95320,12.93,55599.0,1040.0,0.009000000000000001,12739.0,0.8809999999999999
95337,12.9,66711.0,1182.0,0.022000000000000002,31399.0,0.696
95457,12.87,42829.0,1039.0,0.033,3331.0,0.816
92505,12.43,55947.0,1216.0,0.039,49064.0,0.723
95966,12.72,40775.0,905.0,0.002,30916.0,0.78
91406,12.74,50381.0,1130.0,0.094,53528.0,0.491
95823,12.24,36731.0,928.0,0.042,73641.0,0.371
91345,12.49,60148.0,1321.0,0.03,18196.0,0.5770000000000001
90302,12.87,41187.0,1092.0,0.07,30219.0,0.28
96041,13.52,26827.0,673.0,0.019,2795.0,0.892
92234,12.4,43170.0,1145.0,0.033,52534.0,0.7559999999999999
93301,12.38,30963.0,733.0,0.008,11685.0,0.633
93552,11.83,56738.0,1482.0,0.02,42073.0,0.386
92840,12.45,61934.0,1330.0,0.038,56291.0,0.49
92503,12.33,55051.0,1165.0,0.026000000000000002,92959.0,0.585
95127,12.34,70692.0,1564.0,0.038,64498.0,0.363
93727,12.73,46394.0,825.0,0.012,73671.0,0.426
93901,13.03,49491.0,1077.0,0.001,26438.0,0.807
90019,12.88,43244.0,1135.0,0.18899999999999997,67606.0,0.37200000000000005
92336,13.2,87425.0,1684.0,0.018000000000000002,91510.0,0.537
95113,15.4,61500.0,1666.0,0.12300000000000001,1163.0,0.409
95112,13.18,49454.0,1207.0,0.079,57503.0,0.445
95932,12.54,46453.0,787.0,0.015,7808.0,0.72
95655,14.28,87738.0,1448.0,0.015,4592.0,0.541
93705,12.01,32635.0,868.0,0.03,38130.0,0.5379999999999999
91411,13.08,43758.0,1159.0,0.07200000000000001,24146.0,0.7290000000000001
95776,13.15,63750.0,1112.0,0.053,21827.0,0.645
92404,11.93,38767.0,936.0,0.031,60501.0,0.514
90745,12.82,71757.0,1353.0,0.028999999999999998,57727.0,0.33799999999999997
95301,12.36,48488.0,895.0,0.005,38007.0,0.639
91776,12.67,48302.0,1251.0,0.038,37378.0,0.177
92841,12.61,53059.0,1339.0,0.027000000000000003,32839.0,0.469
90602,12.51,47622.0,1068.0,0.040999999999999995,26676.0,0.506
94806,12.25,52173.0,1184.0,0.107,60101.0,0.479
95340,13.35,49688.0,804.0,0.005,34745.0,0.669
90706,12.46,49360.0,1177.0,0.046,77455.0,0.41100000000000003
95441,13.16,59545.0,1067.0,0.008,1989.0,0.685
92585,12.79,63413.0,1367.0,0.009000000000000001,20148.0,0.7509999999999999
91502,12.98,40208.0,1255.0,0.019,12605.0,0.738
95330,12.51,63248.0,1474.0,0.021,17702.0,0.502
95531,12.8,41136.0,855.0,0.01,24202.0,0.773
91911,12.24,48891.0,1210.0,0.045,83710.0,0.765
92501,12.67,48610.0,978.0,0.026000000000000002,22216.0,0.633
92345,12.18,42323.0,1004.0,0.011000000000000001,81049.0,0.765
91710,12.82,71825.0,1318.0,0.016,83042.0,0.573
93254,12.41,32750.0,840.0,0.016,700.0,0.773
93906,12.02,55082.0,1230.0,0.003,63529.0,0.685
90701,12.93,60544.0,1382.0,0.026000000000000002,16698.0,0.39899999999999997
93728,12.81,32658.0,790.0,0.044000000000000004,14711.0,0.6709999999999999
90242,12.55,57095.0,1233.0,0.033,43199.0,0.5429999999999999
92324,11.99,41278.0,989.0,0.018000000000000002,58013.0,0.609
90250,12.58,45766.0,1060.0,0.073,95223.0,0.474
95965,12.67,35220.0,772.0,0.011000000000000001,20599.0,0.718
90047,12.59,40528.0,1072.0,0.091,46999.0,0.161
94606,12.71,37288.0,996.0,0.203,37001.0,0.247
92337,12.24,69966.0,1429.0,0.02,37844.0,0.53
93591,12.04,39880.0,1118.0,0.006,6558.0,0.527
93955,12.63,52420.0,1469.0,0.066,34084.0,0.565
91343,12.55,55238.0,1165.0,0.086,61976.0,0.537
95327,12.28,44902.0,877.0,0.009000000000000001,8679.0,0.722
95660,12.62,41615.0,1021.0,0.02,33014.0,0.6509999999999999
93243,12.4,60724.0,778.0,0.057999999999999996,1720.0,0.8909999999999999
90247,12.7,42968.0,1104.0,0.048,47374.0,0.24100000000000002
92243,12.17,42206.0,748.0,0.011000000000000001,48615.0,0.635
95407,12.17,53652.0,1266.0,0.025,40657.0,0.611
95963,12.41,39485.0,710.0,0.003,15018.0,0.877
92240,12.05,35315.0,928.0,0.026000000000000002,35878.0,0.607
96019,12.93,40455.0,972.0,0.005,10129.0,0.8759999999999999
92530,12.0,49552.0,1130.0,0.013999999999999999,51816.0,0.594
92154,12.2,60162.0,1331.0,0.047,86740.0,0.6859999999999999
93268,12.22,46615.0,890.0,0.003,16890.0,0.887
95901,12.58,42319.0,862.0,0.01,32742.0,0.691
92844,12.3,48345.0,1385.0,0.033,24314.0,0.271
93445,12.19,50000.0,1086.0,0.003,7168.0,0.754
90605,12.42,66706.0,1279.0,0.027999999999999997,42103.0,0.57
93637,12.14,49121.0,975.0,0.003,40101.0,0.8
94134,12.35,60230.0,1195.0,0.298,40343.0,0.20199999999999999
95354,12.43,36254.0,887.0,0.026000000000000002,24356.0,0.732
95240,12.22,40021.0,918.0,0.006,47297.0,0.6970000000000001
90004,12.93,38493.0,1070.0,0.231,63547.0,0.345
90065,12.66,52794.0,1116.0,0.105,46254.0,0.47
92655,12.37,45568.0,1328.0,0.027999999999999997,9139.0,0.387
95326,12.57,54366.0,1014.0,0.003,9487.0,0.867
92801,12.45,47672.0,1326.0,0.044000000000000004,63883.0,0.529
90260,12.33,51769.0,1350.0,0.031,35854.0,0.547
90013,13.22,21120.0,686.0,0.172,10575.0,0.32
93635,11.73,45056.0,1066.0,0.002,39439.0,0.78
92583,12.1,39528.0,866.0,0.004,31167.0,0.595
93543,11.68,57588.0,1452.0,0.01,13578.0,0.43700000000000006
93015,11.99,56567.0,1122.0,0.013999999999999999,17423.0,0.759
95367,12.43,59056.0,1070.0,0.005,24045.0,0.789
94607,13.26,34192.0,945.0,0.267,24830.0,0.255
91767,12.23,49206.0,1118.0,0.047,49027.0,0.701
95838,11.94,39481.0,976.0,0.032,35935.0,0.40299999999999997
91761,12.18,61270.0,1311.0,0.013999999999999999,59892.0,0.5770000000000001
96021,12.12,39756.0,845.0,0.012,16121.0,0.8370000000000001
93550,11.68,38502.0,992.0,0.042,74203.0,0.35100000000000003
92543,12.03,27163.0,845.0,0.031,34680.0,0.6920000000000001
92405,11.94,37591.0,926.0,0.039,29526.0,0.585
92553,11.6,42984.0,1160.0,0.017,73803.0,0.551
95464,12.39,26667.0,693.0,0.016,2208.0,0.8240000000000001
95820,12.52,40730.0,1026.0,0.047,34529.0,0.5429999999999999
93654,11.91,47882.0,874.0,0.011000000000000001,31575.0,0.611
93291,12.75,50833.0,887.0,0.01,54899.0,0.7809999999999999
90806,12.23,43785.0,1037.0,0.1,43140.0,0.42100000000000004
90680,12.18,47796.0,1284.0,0.048,30770.0,0.504
95111,11.9,57047.0,1282.0,0.040999999999999995,60907.0,0.45299999999999996
94124,12.55,49594.0,915.0,0.265,35201.0,0.162
90640,12.12,47436.0,1142.0,0.054000000000000006,63400.0,0.667
95210,12.06,38510.0,1015.0,0.012,40820.0,0.354
90016,12.51,38050.0,1086.0,0.131,47786.0,0.285
92301,11.73,34537.0,1048.0,0.01,32667.0,0.5710000000000001
95203,12.34,37264.0,880.0,0.013999999999999999,15711.0,0.573
95422,12.38,25934.0,825.0,0.012,15453.0,0.721
90026,13.09,46435.0,1094.0,0.18600000000000003,67986.0,0.654
95948,12.13,44423.0,807.0,0.003,10349.0,0.759
93240,12.9,26054.0,827.0,0.006999999999999999,5667.0,0.9620000000000001
92250,11.56,43264.0,755.0,0.009000000000000001,8461.0,0.708
95363,12.08,53466.0,1233.0,0.002,26087.0,0.728
91342,12.12,60899.0,1313.0,0.043,91701.0,0.685
93030,11.88,57860.0,1274.0,0.013999999999999999,61215.0,0.765
93657,12.23,49785.0,883.0,0.001,35653.0,0.669
90670,12.36,51935.0,1263.0,0.032,15594.0,0.5920000000000001
92802,12.05,51365.0,1283.0,0.077,43743.0,0.716
91762,11.96,50707.0,1155.0,0.021,56148.0,0.5379999999999999
95303,12.38,44792.0,777.0,0.005,1019.0,0.792
95369,12.68,48510.0,803.0,0.006,977.0,0.7020000000000001
94801,11.9,38856.0,1006.0,0.132,29269.0,0.47700000000000004
95380,12.19,39743.0,875.0,0.006999999999999999,41069.0,0.8420000000000001
95076,11.81,56671.0,1238.0,0.016,84587.0,0.731
91606,12.3,42195.0,1125.0,0.08199999999999999,45467.0,0.5820000000000001
90650,12.24,60523.0,1318.0,0.035,106521.0,0.536
91702,12.27,54769.0,1215.0,0.05,60475.0,0.42100000000000004
92706,12.03,58500.0,1190.0,0.07,36585.0,0.401
90042,12.52,51427.0,1169.0,0.099,61034.0,0.52
91405,12.23,38162.0,1073.0,0.129,53406.0,0.429
95815,11.96,29721.0,903.0,0.035,25772.0,0.519
92571,11.59,51116.0,1407.0,0.013000000000000001,54825.0,0.385
92509,11.72,57286.0,1154.0,0.011000000000000001,78221.0,0.531
92203,13.77,68027.0,1249.0,0.008,27466.0,0.7070000000000001
94063,11.91,54003.0,1353.0,0.061,31881.0,0.6559999999999999
92201,11.79,40024.0,954.0,0.017,63915.0,0.49
95307,11.67,45631.0,974.0,0.015,42470.0,0.731
93274,11.93,45591.0,909.0,0.006,71430.0,0.8270000000000001
93304,11.7,35150.0,841.0,0.02,51607.0,0.621
91752,12.39,62372.0,1243.0,0.013999999999999999,28649.0,0.575
91303,12.41,46187.0,1234.0,0.099,27827.0,0.659
90805,11.9,45197.0,1059.0,0.064,94561.0,0.33
92548,11.45,39464.0,1026.0,0.001,7020.0,0.8009999999999999
92376,11.54,44965.0,1058.0,0.03,85647.0,0.632
93060,11.97,54782.0,1123.0,0.019,33836.0,0.727
95358,11.72,49567.0,1109.0,0.008,31709.0,0.684
91763,11.84,49056.0,1101.0,0.03,37432.0,0.423
92408,12.1,33750.0,906.0,0.023,15318.0,0.442
90810,12.32,49087.0,1051.0,0.064,36736.0,0.418
90005,12.27,31214.0,939.0,0.35100000000000003,38638.0,0.196
93257,11.6,39551.0,769.0,0.006,75390.0,0.799
91764,11.83,51060.0,1273.0,0.019,54078.0,0.5920000000000001
95110,12.82,68693.0,1491.0,0.084,19239.0,0.5479999999999999
91950,12.01,39533.0,986.0,0.066,61262.0,0.589
92227,12.03,42711.0,769.0,0.009000000000000001,26818.0,0.8290000000000001
90012,12.32,29492.0,1116.0,0.11,30029.0,0.285
90301,11.82,37813.0,1063.0,0.08900000000000001,36714.0,0.35
90038,12.75,33850.0,1036.0,0.22699999999999998,28798.0,0.402
91770,11.95,47078.0,1168.0,0.028999999999999998,63119.0,0.22899999999999998
93610,11.74,39051.0,935.0,0.004,24151.0,0.725
93662,11.43,43442.0,820.0,0.001,30700.0,0.61
92225,11.8,43638.0,688.0,0.013999999999999999,23509.0,0.578
92570,11.31,42698.0,1036.0,0.025,56766.0,0.48100000000000004
92102,12.46,41575.0,1069.0,0.10300000000000001,44893.0,0.6990000000000001
93212,10.9,34565.0,753.0,0.003,25204.0,0.669
94603,11.76,40962.0,1168.0,0.11,32306.0,0.303
90606,11.92,63833.0,1231.0,0.02,32978.0,0.5
95605,12.39,38255.0,830.0,0.017,14326.0,0.634
90029,12.33,35253.0,977.0,0.29600000000000004,40161.0,0.43700000000000006
92843,11.81,52536.0,1246.0,0.036000000000000004,44468.0,0.341
90303,11.65,40807.0,1119.0,0.09300000000000001,26453.0,0.272
90018,11.74,32104.0,967.0,0.17600000000000002,48852.0,0.203
94601,11.74,39601.0,1006.0,0.20199999999999999,49990.0,0.38799999999999996
90062,11.12,32067.0,1013.0,0.177,32675.0,0.16
95206,11.32,42404.0,1092.0,0.011000000000000001,65324.0,0.355
91402,11.57,39009.0,1064.0,0.126,70781.0,0.47200000000000003
92316,11.3,48788.0,1096.0,0.025,31720.0,0.5539999999999999
95215,11.5,40753.0,928.0,0.006999999999999999,23764.0,0.633
93703,11.26,28406.0,825.0,0.032,34122.0,0.423
95832,11.87,42228.0,1120.0,0.044000000000000004,11908.0,0.32899999999999996
90021,11.55,12748.0,408.0,0.285,2913.0,0.382
92233,10.89,32328.0,746.0,0.01,10460.0,0.5820000000000001
95122,11.45,57470.0,1449.0,0.040999999999999995,57564.0,0.36200000000000004
95315,11.16,44771.0,976.0,0.001,12381.0,0.574
91605,11.95,43707.0,1090.0,0.065,56060.0,0.552
91766,11.79,48896.0,1179.0,0.026000000000000002,71851.0,0.672
91768,11.89,47177.0,1057.0,0.027999999999999997,36454.0,0.431
90220,11.63,45474.0,1070.0,0.073,50222.0,0.344
93638,10.67,36890.0,855.0,0.001,49761.0,0.841
95231,11.09,36167.0,987.0,0.004,4961.0,0.669
95824,11.2,28447.0,874.0,0.026000000000000002,29781.0,0.39399999999999996
90660,11.74,56607.0,1235.0,0.036000000000000004,63686.0,0.498
91352,11.75,49088.0,1161.0,0.07400000000000001,46874.0,0.7659999999999999
93305,11.27,29812.0,790.0,0.03,37871.0,0.669
92105,11.88,36893.0,974.0,0.068,71334.0,0.537
90007,11.87,22646.0,1038.0,0.177,43779.0,0.28800000000000003
90032,11.7,45208.0,1090.0,0.095,47309.0,0.524
90014,13.64,17134.0,615.0,0.187,6659.0,0.495
93286,11.52,41579.0,723.0,0.005,9942.0,0.8170000000000001
95116,11.7,47413.0,1230.0,0.054000000000000006,52597.0,0.39399999999999996
92335,11.04,43092.0,1019.0,0.026000000000000002,99580.0,0.552
93930,10.77,42454.0,1043.0,0.005,16843.0,0.836
93204,10.39,29302.0,707.0,0.054000000000000006,14553.0,0.5660000000000001
92805,11.63,54422.0,1320.0,0.059000000000000004,70839.0,0.7959999999999999
93033,10.96,55210.0,1262.0,0.013000000000000001,82263.0,0.731
93656,11.14,45485.0,844.0,0.003,7194.0,0.401
90723,11.08,43784.0,1179.0,0.053,54813.0,0.431
93725,11.05,35635.0,848.0,0.006,26879.0,0.32899999999999996
92231,11.35,34733.0,817.0,0.02,39675.0,0.664
91744,11.31,57789.0,1259.0,0.034,87096.0,0.574
94621,11.1,30528.0,1074.0,0.14800000000000002,32269.0,0.27699999999999997
93280,10.63,39206.0,680.0,0.004,27390.0,0.792
92704,11.39,59412.0,1417.0,0.06,87121.0,0.537
91746,11.38,59502.0,1339.0,0.034,29420.0,0.478
94964,11.78,106333.0,755.0,0.036000000000000004,4478.0,0.25
95012,10.64,52015.0,974.0,0.024,10470.0,0.7170000000000001
93721,11.0,11922.0,558.0,0.044000000000000004,6308.0,0.35200000000000004
91706,11.32,51234.0,1210.0,0.045,77692.0,0.35600000000000004
90057,11.22,26940.0,872.0,0.451,45747.0,0.23199999999999998
95351,11.12,34732.0,906.0,0.011000000000000001,48437.0,0.653
90061,11.17,34566.0,1114.0,0.115,28641.0,0.35
91732,11.28,41485.0,1124.0,0.059000000000000004,63849.0,0.479
92273,11.11,26852.0,688.0,0.031,1228.0,0.89
92707,11.04,57038.0,1466.0,0.054000000000000006,63595.0,0.38299999999999995
93270,10.61,27807.0,666.0,0.027000000000000003,5519.0,0.752
93247,10.98,34505.0,743.0,0.005,18932.0,0.8140000000000001
93263,11.07,40833.0,747.0,0.005,20204.0,0.847
92401,11.17,16649.0,765.0,0.078,2104.0,0.41200000000000003
92411,10.81,32747.0,992.0,0.038,26364.0,0.504
93609,10.79,43322.0,846.0,0.006999999999999999,5843.0,0.478
93650,11.41,31818.0,951.0,0.047,3767.0,0.5770000000000001
95961,12.24,46441.0,890.0,0.008,26979.0,0.6709999999999999
91731,11.28,36955.0,1005.0,0.075,29209.0,0.507
90040,10.89,44531.0,875.0,0.027000000000000003,12830.0,0.711
90716,11.21,39055.0,1187.0,0.06,14358.0,0.627
93926,10.9,51044.0,1210.0,0.004,9128.0,0.9259999999999999
93960,10.85,47098.0,1094.0,0.003,27212.0,0.708
92410,10.8,27120.0,853.0,0.031,47510.0,0.49
92173,10.97,35745.0,950.0,0.067,31518.0,0.8490000000000001
95202,11.54,15023.0,567.0,0.032,5409.0,0.43700000000000006
95002,12.92,73333.0,1210.0,0.016,1660.0,0.634
90044,11.32,28344.0,986.0,0.156,88412.0,0.294
90222,11.05,40056.0,1049.0,0.06,32362.0,0.396
93458,10.55,43803.0,1117.0,0.02,56514.0,0.7020000000000001
93706,11.27,29197.0,769.0,0.022000000000000002,39794.0,0.41200000000000003
90059,11.02,33678.0,899.0,0.105,42470.0,0.382
93307,10.79,34358.0,873.0,0.016,84184.0,0.633
93215,10.79,36321.0,767.0,0.006,56028.0,0.688
92281,10.93,32054.0,634.0,0.05,1960.0,0.861
95019,11.24,38491.0,1089.0,0.036000000000000004,7374.0,0.611
90015,11.92,28953.0,866.0,0.27399999999999997,18226.0,0.317
95205,10.78,33357.0,873.0,0.013000000000000001,36928.0,0.513
90221,10.84,42753.0,1104.0,0.066,53657.0,0.415
94104,14.75,80341.0,718.0,0.282,223.0,0.57
93434,11.05,45191.0,1029.0,0.044000000000000004,7178.0,0.71
90006,11.16,31403.0,940.0,0.34700000000000003,61419.0,0.18100000000000002
90744,10.98,41578.0,1020.0,0.066,58061.0,0.7240000000000001
91340,11.15,55217.0,1183.0,0.04,35455.0,0.67
92113,10.88,28185.0,962.0,0.078,57580.0,0.337
93250,10.19,34961.0,800.0,0.005,13925.0,0.8270000000000001
90280,10.8,43526.0,993.0,0.078,95515.0,0.489
91331,10.8,51345.0,1292.0,0.061,102367.0,0.625
90813,11.14,31215.0,959.0,0.17600000000000002,60017.0,0.529
93235,9.69,32783.0,695.0,0.011000000000000001,4044.0,0.789
90262,10.69,42057.0,1046.0,0.061,70650.0,0.406
90031,11.26,34656.0,996.0,0.14,39333.0,0.375
90002,10.61,30214.0,968.0,0.13699999999999998,50098.0,0.484
93256,9.71,27361.0,730.0,0.011000000000000001,6035.0,0.833
93223,10.86,32273.0,716.0,0.019,10759.0,0.8440000000000001
90037,10.41,26638.0,959.0,0.237,61536.0,0.201
93266,10.51,24122.0,647.0,0.043,1465.0,0.813
95328,11.42,41103.0,950.0,0.008,4717.0,0.675
93702,10.24,26031.0,780.0,0.032,47850.0,0.33899999999999997
91733,10.65,40930.0,1093.0,0.048,43790.0,0.638
90003,10.49,30016.0,1064.0,0.175,66913.0,0.22399999999999998
92703,10.62,50047.0,1335.0,0.071,69890.0,0.345
90022,10.52,39051.0,977.0,0.111,69516.0,0.6890000000000001
93927,10.78,52233.0,1129.0,0.011000000000000001,17697.0,0.723
93701,10.58,18553.0,688.0,0.045,10788.0,0.434
90255,10.22,35985.0,939.0,0.125,76206.0,0.6970000000000001
90304,10.54,36778.0,993.0,0.091,26936.0,0.408
90063,10.4,39206.0,1014.0,0.128,54353.0,0.446
90201,10.31,37013.0,1089.0,0.064,102515.0,0.6990000000000001
92701,10.41,39060.0,1067.0,0.10300000000000001,52588.0,0.5920000000000001
90058,9.55,15988.0,645.0,0.156,2748.0,0.354
93905,10.15,42807.0,1075.0,0.012,60887.0,0.8059999999999999
90033,10.55,27190.0,908.0,0.18100000000000002,48567.0,0.555
92274,10.28,27890.0,791.0,0.008,18937.0,0.408
92236,10.55,40897.0,890.0,0.012,43037.0,0.35700000000000004
90270,10.02,36450.0,1001.0,0.073,27663.0,0.8029999999999999
90001,10.14,34050.0,975.0,0.16699999999999998,56314.0,0.499
90023,10.31,37082.0,960.0,0.15,45886.0,0.516
93219,9.79,23458.0,669.0,0.013000000000000001,10378.0,0.809
93241,9.78,31886.0,727.0,0.006999999999999999,18474.0,0.792
93203,9.89,35429.0,796.0,0.017,21784.0,0.8290000000000001
90017,11.55,21009.0,848.0,0.374,23719.0,0.306
90011,9.8,29889.0,993.0,0.218,102926.0,0.293
93640,9.72,25741.0,663.0,0.016,12140.0,0.848
93234,9.49,29304.0,666.0,0.046,6896.0,0.502
