,Median_Rent_2014,zip
1,"$2,001",90067
2,"$2,001",90077
3,"$2,001",90094
4,"$2,001",90210
5,"$2,001",90265
6,"$2,001",90272
7,"$2,001",90274
8,"$2,001",90275
9,"$2,001",90292
10,"$2,001",91008
11,"$2,001",91011
12,"$2,001",91108
13,"$2,001",91210
14,"$2,001",91307
15,"$2,001",91377
16,"$2,001",91436
17,"$2,001",91708
18,"$2,001",91784
19,"$2,001",91914
20,"$2,001",91915
21,"$2,001",92067
22,"$2,001",92091
23,"$2,001",92118
24,"$2,001",92124
25,"$2,001",92130
26,"$2,001",92131
27,"$2,001",92282
28,"$2,001",92603
29,"$2,001",92618
30,"$2,001",92625
31,"$2,001",92657
32,"$2,001",92660
33,"$2,001",92673
34,"$2,001",92694
35,"$2,001",92782
36,"$2,001",92823
37,"$2,001",92861
38,"$2,001",92883
39,"$2,001",93108
40,"$2,001",93109
41,"$2,001",93432
42,"$2,001",93730
43,"$2,001",93923
44,"$2,001",93953
45,"$2,001",94022
46,"$2,001",94024
47,"$2,001",94027
48,"$2,001",94028
49,"$2,001",94065
50,"$2,001",94105
51,"$2,001",94107
52,"$2,001",94111
53,"$2,001",94127
54,"$2,001",94129
55,"$2,001",94158
56,"$2,001",94304
57,"$2,001",94404
58,"$2,001",94502
59,"$2,001",94505
60,"$2,001",94506
61,"$2,001",94507
62,"$2,001",94526
63,"$2,001",94552
64,"$2,001",94563
65,"$2,001",94592
66,"$2,001",94920
67,"$2,001",94957
68,"$2,001",94963
69,"$2,001",94970
70,"$2,001",95014
71,"$2,001",95054
72,"$2,001",95070
73,"$2,001",95120
74,"$2,001",95134
75,"$2,001",95138
76,"$2,001",95148
77,"$2,001",95391
78,"$2,001",95672
79,"$2,000",91354
80,"$1,994",94531
81,"$1,994",95762
82,"$1,989",94539
83,"$1,988",94708
84,"$1,987",90266
85,"$1,983",91302
86,"$1,978",92880
87,"$1,965",91301
88,"$1,963",90703
89,"$1,961",90290
90,"$1,958",91105
91,"$1,956",92679
92,"$1,952",92662
93,"$1,947",92055
94,"$1,942",96140
95,"$1,940",95030
96,"$1,925",94306
97,"$1,924",94301
98,"$1,918",91320
99,"$1,916",92011
100,"$1,908",91361
101,"$1,908",92807
102,"$1,907",92691
103,"$1,905",92014
104,"$1,902",90212
105,"$1,900",92614
106,"$1,899",94123
107,"$1,898",93111
108,"$1,896",92606
109,"$1,894",95119
110,"$1,889",94517
111,"$1,888",92612
112,"$1,887",92075
113,"$1,886",95121
114,"$1,885",91789
115,"$1,881",94568
116,"$1,875",95614
117,"$1,873",92508
118,"$1,872",90049
119,"$1,872",90743
120,"$1,869",94573
121,"$1,868",95131
122,"$1,865",90254
123,"$1,862",90024
124,"$1,862",94556
125,"$1,861",92620
126,"$1,861",92808
127,"$1,859",92651
128,"$1,858",94131
129,"$1,858",94403
130,"$1,857",92656
131,"$1,856",94588
132,"$1,854",94513
133,"$1,852",92010
134,"$1,849",90402
135,"$1,846",92007
136,"$1,845",92009
137,"$1,844",94114
138,"$1,843",92629
139,"$1,841",90713
140,"$1,839",94939
141,"$1,838",92602
142,"$1,837",93012
143,"$1,835",92127
144,"$1,834",94089
145,"$1,834",95742
146,"$1,833",94025
147,"$1,830",92860
148,"$1,827",92692
149,"$1,825",91709
150,"$1,825",95135
151,"$1,823",91913
152,"$1,823",92518
153,"$1,822",91362
154,"$1,822",94132
155,"$1,820",92677
156,"$1,818",90036
157,"$1,818",92653
158,"$1,817",92887
159,"$1,815",94965
160,"$1,812",94534
161,"$1,811",91360
162,"$1,811",91765
163,"$1,810",91364
164,"$1,810",95123
165,"$1,809",95377
166,"$1,808",94555
167,"$1,806",93510
168,"$1,802",92646
169,"$1,799",94044
170,"$1,798",94582
171,"$1,798",95035
172,"$1,787",91326
173,"$1,786",92123
174,"$1,780",91381
175,"$1,779",93924
176,"$1,779",94030
177,"$1,776",96073
178,"$1,773",90211
179,"$1,773",93035
180,"$1,773",94117
181,"$1,773",94599
182,"$1,772",92663
183,"$1,772",94535
184,"$1,772",95032
185,"$1,770",94598
186,"$1,768",94941
187,"$1,767",90293
188,"$1,767",92604
189,"$1,766",92610
190,"$1,762",90277
191,"$1,762",95129
192,"$1,761",92624
193,"$1,760",94019
194,"$1,759",92037
195,"$1,756",91367
196,"$1,756",93908
197,"$1,756",95065
198,"$1,753",92675
199,"$1,752",95746
200,"$1,750",94924
201,"$1,749",92121
202,"$1,741",95003
203,"$1,740",92108
204,"$1,739",92122
205,"$1,738",93065
206,"$1,737",93460
207,"$1,737",93619
208,"$1,736",91355
209,"$1,736",94041
210,"$1,736",94085
211,"$1,726",94903
212,"$1,725",94904
213,"$1,723",95132
214,"$1,721",92377
215,"$1,721",94925
216,"$1,721",95136
217,"$1,720",93021
218,"$1,720",94583
219,"$1,720",95051
220,"$1,719",94707
221,"$1,718",90291
222,"$1,718",92126
223,"$1,717",92128
224,"$1,717",94949
225,"$1,714",94122
226,"$1,709",92592
227,"$1,705",92626
228,"$1,701",94087
229,"$1,699",90403
230,"$1,699",92532
231,"$1,697",92129
232,"$1,696",92024
233,"$1,695",90048
234,"$1,694",91350
235,"$1,693",94938
236,"$1,692",92584
237,"$1,690",90045
238,"$1,690",90064
239,"$1,689",90732
240,"$1,689",92688
241,"$1,689",94043
242,"$1,685",94066
243,"$1,684",92336
244,"$1,683",94040
245,"$1,682",92596
246,"$1,681",90746
247,"$1,680",92563
248,"$1,679",90035
249,"$1,678",92649
250,"$1,675",91604
251,"$1,671",90603
252,"$1,670",94015
253,"$1,670",95066
254,"$1,667",91387
255,"$1,667",94070
256,"$1,667",94118
257,"$1,666",93063
258,"$1,666",95113
259,"$1,664",92661
260,"$1,661",94945
261,"$1,656",91739
262,"$1,655",94538
263,"$1,654",95139
264,"$1,653",91902
265,"$1,652",92630
266,"$1,649",90278
267,"$1,648",92886
268,"$1,648",94086
269,"$1,648",95492
270,"$1,647",94130
271,"$1,646",94037
272,"$1,645",93105
273,"$1,645",94947
274,"$1,642",92672
275,"$1,638",94566
276,"$1,637",90010
277,"$1,634",94303
278,"$1,633",95497
279,"$1,631",95037
280,"$1,630",94115
281,"$1,629",91745
282,"$1,629",92058
283,"$1,629",94061
284,"$1,625",91759
285,"$1,625",93437
286,"$1,623",95444
287,"$1,622",93921
288,"$1,619",94706
289,"$1,617",95118
290,"$1,616",94549
291,"$1,615",92708
292,"$1,613",90630
293,"$1,613",95046
294,"$1,612",91978
295,"$1,610",94402
296,"$1,609",90025
297,"$1,609",95757
298,"$1,607",94933
299,"$1,606",92555
300,"$1,606",94010
301,"$1,604",92869
302,"$1,604",95010
303,"$1,602",91214
304,"$1,601",92057
305,"$1,601",92587
306,"$1,600",90720
307,"$1,600",92106
308,"$1,595",95683
309,"$1,594",95829
310,"$1,591",94401
311,"$1,588",94503
312,"$1,586",94002
313,"$1,585",93551
314,"$1,584",94116
315,"$1,583",90620
316,"$1,583",91737
317,"$1,582",94574
318,"$1,578",95124
319,"$1,577",90742
320,"$1,576",90740
321,"$1,576",95033
322,"$1,574",92881
323,"$1,574",93312
324,"$1,573",93103
325,"$1,571",92648
326,"$1,571",92868
327,"$1,570",90069
328,"$1,570",94560
329,"$1,569",90815
330,"$1,568",95701
331,"$1,564",94930
332,"$1,564",95127
333,"$1,563",91403
334,"$1,563",93449
335,"$1,563",94954
336,"$1,562",92676
337,"$1,562",94937
338,"$1,561",91208
339,"$1,561",92056
340,"$1,559",93455
341,"$1,558",92344
342,"$1,558",95212
343,"$1,557",92865
344,"$1,557",94062
345,"$1,555",90245
346,"$1,554",94547
347,"$1,552",90401
348,"$1,552",94597
349,"$1,550",94536
350,"$1,549",91741
351,"$1,547",90405
352,"$1,544",92821
353,"$1,543",94960
354,"$1,541",91202
355,"$1,541",92870
356,"$1,539",94020
357,"$1,539",94551
358,"$1,539",95228
359,"$1,538",91344
360,"$1,534",90505
361,"$1,533",91390
362,"$1,531",90230
363,"$1,530",90638
364,"$1,528",94516
365,"$1,528",95008
366,"$1,527",95722
367,"$1,526",95648
368,"$1,525",94080
369,"$1,524",94305
370,"$1,522",94121
371,"$1,522",95060
372,"$1,521",91006
373,"$1,517",94618
374,"$1,516",94514
375,"$1,513",94587
376,"$1,512",91505
377,"$1,510",92595
378,"$1,508",90623
379,"$1,508",92008
380,"$1,505",93004
381,"$1,505",95946
382,"$1,504",91935
383,"$1,504",94523
384,"$1,503",92806
385,"$1,502",91773
386,"$1,501",95619
387,"$1,500",95064
388,"$1,500",95681
389,"$1,499",95125
390,"$1,495",94585
391,"$1,494",93003
392,"$1,493",95117
393,"$1,492",93041
394,"$1,491",95110
395,"$1,484",90503
396,"$1,484",91423
397,"$1,482",93552
398,"$1,482",94005
399,"$1,481",92867
400,"$1,481",94521
401,"$1,480",92647
402,"$1,480",95471
403,"$1,478",95903
404,"$1,476",92064
405,"$1,474",95330
406,"$1,473",92845
407,"$1,473",93010
408,"$1,471",90715
409,"$1,470",90232
410,"$1,469",92562
411,"$1,469",93955
412,"$1,469",94014
413,"$1,467",95624
414,"$1,466",92707
415,"$1,463",91351
416,"$1,463",93110
417,"$1,463",94579
418,"$1,462",90056
419,"$1,460",93463
420,"$1,460",94530
421,"$1,455",91316
422,"$1,453",90712
423,"$1,453",91792
424,"$1,453",94112
425,"$1,452",93543
426,"$1,452",94542
427,"$1,451",95050
428,"$1,451",95467
429,"$1,450",93117
430,"$1,450",94550
431,"$1,449",95122
432,"$1,448",95655
433,"$1,447",93950
434,"$1,447",94110
435,"$1,446",93636
436,"$1,445",92078
437,"$1,445",92627
438,"$1,444",93013
439,"$1,444",94580
440,"$1,444",95062
441,"$1,443",90068
442,"$1,442",91501
443,"$1,439",91001
444,"$1,439",94519
445,"$1,439",95758
446,"$1,438",91602
447,"$1,437",93940
448,"$1,437",94558
449,"$1,435",92120
450,"$1,434",90066
451,"$1,434",92019
452,"$1,434",95006
453,"$1,433",92109
454,"$1,433",92305
455,"$1,433",92637
456,"$1,432",93314
457,"$1,432",94038
458,"$1,432",95126
459,"$1,432",96161
460,"$1,431",94545
461,"$1,430",91024
462,"$1,430",95073
463,"$1,429",92337
464,"$1,429",94596
465,"$1,428",92591
466,"$1,427",90404
467,"$1,427",90808
468,"$1,427",94109
469,"$1,427",94586
470,"$1,426",91207
471,"$1,425",94709
472,"$1,425",95835
473,"$1,424",94901
474,"$1,424",94971
475,"$1,422",91106
476,"$1,421",92342
477,"$1,421",93022
478,"$1,419",92119
479,"$1,417",91311
480,"$1,417",92704
481,"$1,416",95630
482,"$1,415",92780
483,"$1,414",95650
484,"$1,413",95409
485,"$1,412",93444
486,"$1,412",95687
487,"$1,411",92253
488,"$1,409",92061
489,"$1,409",94561
490,"$1,409",95765
491,"$1,408",92879
492,"$1,407",91730
493,"$1,407",92571
494,"$1,407",92833
495,"$1,406",94946
496,"$1,403",90046
497,"$1,402",90034
498,"$1,399",91324
499,"$1,397",93101
500,"$1,397",93611
501,"$1,396",91107
502,"$1,395",92029
503,"$1,395",95618
504,"$1,394",91030
505,"$1,394",94553
506,"$1,394",95747
507,"$1,393",92333
508,"$1,392",91007
509,"$1,392",94564
510,"$1,390",94518
511,"$1,390",95368
512,"$1,388",92835
513,"$1,387",92321
514,"$1,387",95949
515,"$1,385",92844
516,"$1,385",93405
517,"$1,382",90701
518,"$1,382",92705
519,"$1,382",95128
520,"$1,381",91701
521,"$1,380",91740
522,"$1,380",95130
523,"$1,379",91750
524,"$1,379",92117
525,"$1,379",93313
526,"$1,378",95252
527,"$1,377",91722
528,"$1,377",95133
529,"$1,376",92139
530,"$1,375",94595
531,"$1,375",95405
532,"$1,374",91101
533,"$1,370",93311
534,"$1,370",95626
535,"$1,369",94546
536,"$1,367",92585
537,"$1,366",92110
538,"$1,366",94619
539,"$1,363",92551
540,"$1,362",90504
541,"$1,362",94510
542,"$1,361",90502
543,"$1,361",92866
544,"$1,359",91790
545,"$1,359",94591
546,"$1,358",92071
547,"$1,357",90803
548,"$1,356",95020
549,"$1,355",92683
550,"$1,353",90745
551,"$1,353",94063
552,"$1,352",92145
553,"$1,351",90240
554,"$1,351",94501
555,"$1,351",95843
556,"$1,350",90260
557,"$1,350",94548
558,"$1,350",94705
559,"$1,347",93066
560,"$1,346",93428
561,"$1,345",91711
562,"$1,345",94608
563,"$1,343",92582
564,"$1,340",95005
565,"$1,340",96145
566,"$1,339",90704
567,"$1,339",91746
568,"$1,339",92841
569,"$1,338",91321
570,"$1,338",92066
571,"$1,338",94589
572,"$1,338",94704
573,"$1,337",92557
574,"$1,337",95688
575,"$1,335",91504
576,"$1,335",92703
577,"$1,334",91724
578,"$1,334",91748
579,"$1,334",94952
580,"$1,333",92081
581,"$1,333",95304
582,"$1,332",93222
583,"$1,332",95452
584,"$1,331",92154
585,"$1,330",90039
586,"$1,330",92840
587,"$1,328",91010
588,"$1,328",91020
589,"$1,328",92655
590,"$1,327",90621
591,"$1,327",93720
592,"$1,326",91201
593,"$1,326",92801
594,"$1,321",91345
595,"$1,320",92107
596,"$1,320",92805
597,"$1,318",90650
598,"$1,318",91710
599,"$1,316",94133
600,"$1,315",96062
601,"$1,313",91342
602,"$1,312",95975
603,"$1,311",91761
604,"$1,311",92111
605,"$1,311",95220
606,"$1,310",91016
607,"$1,310",93402
608,"$1,309",91506
609,"$1,309",92832
610,"$1,308",93036
611,"$1,308",93430
612,"$1,307",92804
613,"$1,307",95403
614,"$1,307",95819
615,"$1,306",90631
616,"$1,306",93441
617,"$1,305",91325
618,"$1,303",94703
619,"$1,302",93523
620,"$1,302",94544
621,"$1,300",93626
622,"$1,300",95045
623,"$1,300",95476
624,"$1,298",94803
625,"$1,297",92270
626,"$1,297",95004
627,"$1,295",91916
628,"$1,295",94928
629,"$1,295",95233
630,"$1,292",91331
631,"$1,292",92831
632,"$1,292",94565
633,"$1,292",95432
634,"$1,292",95615
635,"$1,291",95677
636,"$1,290",93536
637,"$1,290",93907
638,"$1,289",91942
639,"$1,289",95448
640,"$1,287",94951
641,"$1,286",93604
642,"$1,286",94710
643,"$1,284",90680
644,"$1,284",91901
645,"$1,283",91755
646,"$1,283",92802
647,"$1,282",92101
648,"$1,282",95111
649,"$1,282",95436
650,"$1,282",95864
651,"$1,281",91780
652,"$1,280",94931
653,"$1,279",90605
654,"$1,279",93518
655,"$1,279",95977
656,"$1,278",91607
657,"$1,278",93420
658,"$1,278",95023
659,"$1,278",95663
660,"$1,276",91206
661,"$1,275",95662
662,"$1,274",90601
663,"$1,274",91104
664,"$1,274",91203
665,"$1,274",93030
666,"$1,273",91764
667,"$1,272",92026
668,"$1,272",95465
669,"$1,271",95376
670,"$1,268",95472
671,"$1,268",95631
672,"$1,267",95442
673,"$1,266",91384
674,"$1,266",91791
675,"$1,266",95407
676,"$1,263",90670
677,"$1,263",93023
678,"$1,263",94610
679,"$1,262",93033
680,"$1,261",93442
681,"$1,261",95017
682,"$1,259",91744
683,"$1,257",94571
684,"$1,256",91601
685,"$1,255",91502
686,"$1,255",92003
687,"$1,251",91776
688,"$1,250",91775
689,"$1,250",95401
690,"$1,249",92203
691,"$1,248",92382
692,"$1,246",91356
693,"$1,246",92843
694,"$1,245",92882
695,"$1,244",95678
696,"$1,243",91752
697,"$1,243",92276
698,"$1,243",95469
699,"$1,243",95661
700,"$1,242",94973
701,"$1,241",91103
702,"$1,241",92065
703,"$1,239",92211
704,"$1,238",95076
705,"$1,238",95247
706,"$1,236",92536
707,"$1,235",90660
708,"$1,235",94541
709,"$1,234",91303
710,"$1,234",94577
711,"$1,233",90242
712,"$1,233",90604
713,"$1,233",95363
714,"$1,232",91801
715,"$1,232",91941
716,"$1,232",92310
717,"$1,231",90606
718,"$1,231",90717
719,"$1,231",92054
720,"$1,230",93001
721,"$1,230",93906
722,"$1,230",95116
723,"$1,229",94805
724,"$1,228",91977
725,"$1,226",91754
726,"$1,225",92392
727,"$1,225",93401
728,"$1,223",92069
729,"$1,222",94559
730,"$1,222",94611
731,"$1,221",96141
732,"$1,220",95357
733,"$1,220",95404
734,"$1,219",90027
735,"$1,219",94702
736,"$1,216",90305
737,"$1,216",92505
738,"$1,216",95209
739,"$1,215",91205
740,"$1,215",91702
741,"$1,215",92278
742,"$1,214",92103
743,"$1,213",90501
744,"$1,211",91335
745,"$1,211",94509
746,"$1,210",91706
747,"$1,210",91911
748,"$1,210",93926
749,"$1,210",95002
750,"$1,208",92617
751,"$1,207",95112
752,"$1,204",90807
753,"$1,204",92114
754,"$1,202",91723
755,"$1,201",92084
756,"$1,201",92506
757,"$1,200",95329
758,"$1,200",95336
759,"$1,200",95668
760,"$1,199",90041
761,"$1,199",92083
762,"$1,199",94511
763,"$1,197",90241
764,"$1,197",91304
765,"$1,195",94134
766,"$1,195",95616
767,"$1,194",91932
768,"$1,191",92027
769,"$1,191",94520
770,"$1,190",92706
771,"$1,190",95918
772,"$1,190",96059
773,"$1,189",91910
774,"$1,189",95673
775,"$1,188",95237
776,"$1,187",90716
777,"$1,187",92394
778,"$1,186",93465
779,"$1,184",90814
780,"$1,184",94806
781,"$1,183",91340
782,"$1,183",91803
783,"$1,182",95337
784,"$1,181",91040
785,"$1,181",96084
786,"$1,180",95658
787,"$1,179",90723
788,"$1,179",91766
789,"$1,179",93932
790,"$1,179",94804
791,"$1,178",95251
792,"$1,177",90706
793,"$1,177",91401
794,"$1,175",90755
795,"$1,174",92313
796,"$1,174",95494
797,"$1,173",93453
798,"$1,171",93461
799,"$1,171",94578
800,"$1,171",95666
801,"$1,170",93933
802,"$1,169",90042
803,"$1,168",91770
804,"$1,168",94603
805,"$1,167",92040
806,"$1,167",95242
807,"$1,167",95717
808,"$1,166",91204
809,"$1,166",95039
810,"$1,165",91343
811,"$1,165",91786
812,"$1,165",92391
813,"$1,165",92503
814,"$1,161",91352
815,"$1,160",92553
816,"$1,159",91411
817,"$1,159",94602
818,"$1,158",93454
819,"$1,158",95485
820,"$1,157",92545
821,"$1,157",95524
822,"$1,157",95713
823,"$1,156",93446
824,"$1,155",91762
825,"$1,154",92509
826,"$1,154",92567
827,"$1,154",95620
828,"$1,153",91945
829,"$1,152",91306
830,"$1,152",93433
831,"$1,152",94533
832,"$1,152",95528
833,"$1,151",94515
834,"$1,150",93067
835,"$1,149",94572
836,"$1,148",92504
837,"$1,147",91042
838,"$1,147",95682
839,"$1,146",92358
840,"$1,145",92234
841,"$1,145",92372
842,"$1,145",93422
843,"$1,143",94609
844,"$1,142",90640
845,"$1,141",92115
846,"$1,139",93535
847,"$1,139",95372
848,"$1,138",93546
849,"$1,138",95634
850,"$1,137",90028
851,"$1,137",92397
852,"$1,137",93451
853,"$1,135",90019
854,"$1,135",92021
855,"$1,134",90248
856,"$1,134",95043
857,"$1,133",91962
858,"$1,133",92373
859,"$1,131",95831
860,"$1,130",91406
861,"$1,130",92530
862,"$1,130",95018
863,"$1,130",95425
864,"$1,130",95697
865,"$1,129",93927
866,"$1,126",95382
867,"$1,126",95959
868,"$1,125",90731
869,"$1,125",91606
870,"$1,125",93426
871,"$1,125",93723
872,"$1,125",94940
873,"$1,124",91732
874,"$1,124",92549
875,"$1,123",92374
876,"$1,123",93060
877,"$1,123",95356
878,"$1,123",95827
879,"$1,122",92025
880,"$1,122",93015
881,"$1,121",94605
882,"$1,121",95543
883,"$1,120",92116
884,"$1,120",93427
885,"$1,120",95421
886,"$1,120",95832
887,"$1,119",90020
888,"$1,119",90303
889,"$1,118",91767
890,"$1,118",92230
891,"$1,118",93591
892,"$1,118",95621
893,"$1,117",90804
894,"$1,117",93458
895,"$1,116",90012
896,"$1,116",90065
897,"$1,116",92407
898,"$1,114",90061
899,"$1,113",92260
900,"$1,112",95684
901,"$1,112",95776
902,"$1,109",95358
903,"$1,109",95628
904,"$1,108",95640
905,"$1,108",95828
906,"$1,107",95470
907,"$1,105",92507
908,"$1,105",95219
909,"$1,104",90221
910,"$1,104",90247
911,"$1,103",93614
912,"$1,102",95833
913,"$1,101",91763
914,"$1,101",92020
915,"$1,098",92354
916,"$1,096",92316
917,"$1,095",95632
918,"$1,094",90026
919,"$1,094",92399
920,"$1,094",93954
921,"$1,094",93960
922,"$1,093",91733
923,"$1,092",90302
924,"$1,092",93424
925,"$1,092",93664
926,"$1,092",95206
927,"$1,090",90032
928,"$1,090",91605
929,"$1,089",90201
930,"$1,089",95019
931,"$1,089",95451
932,"$1,089",95669
933,"$1,088",92028
934,"$1,086",90016
935,"$1,086",93445
936,"$1,085",92223
937,"$1,083",95553
938,"$1,078",91046
939,"$1,077",93711
940,"$1,077",93901
941,"$1,077",96034
942,"$1,076",93722
943,"$1,076",95627
944,"$1,076",95685
945,"$1,075",93905
946,"$1,074",94621
947,"$1,073",91405
948,"$1,073",95355
949,"$1,073",95446
950,"$1,073",95461
951,"$1,073",95665
952,"$1,072",90047
953,"$1,072",95603
954,"$1,070",90004
955,"$1,070",90220
956,"$1,070",95367
957,"$1,070",95960
958,"$1,069",92102
959,"$1,068",90602
960,"$1,067",92251
961,"$1,067",92701
962,"$1,067",95441
963,"$1,066",92104
964,"$1,066",93635
965,"$1,066",93644
966,"$1,066",95726
967,"$1,064",90003
968,"$1,064",91402
969,"$1,064",96022
970,"$1,063",90301
971,"$1,063",92586
972,"$1,063",95459
973,"$1,063",95674
974,"$1,060",90250
975,"$1,060",95623
976,"$1,059",90805
977,"$1,058",90710
978,"$1,058",92376
979,"$1,057",91768
980,"$1,057",95318
981,"$1,057",95366
982,"$1,054",92398
983,"$1,052",93532
984,"$1,051",90810
985,"$1,050",92678
986,"$1,050",95703
987,"$1,050",96093
988,"$1,049",90222
989,"$1,049",93541
990,"$1,048",90802
991,"$1,048",92301
992,"$1,047",94108
993,"$1,046",90262
994,"$1,045",96128
995,"$1,043",93930
996,"$1,042",95223
997,"$1,040",95320
998,"$1,039",94590
999,"$1,039",95457
1000,"$1,038",90007
1001,"$1,038",93651
1002,"$1,038",94525
1003,"$1,037",90806
1004,"$1,037",94508
1005,"$1,037",95691
1006,"$1,036",90038
1007,"$1,036",92082
1008,"$1,036",92570
1009,"$1,035",95565
1010,"$1,034",90249
1011,"$1,033",95437
1012,"$1,032",90008
1013,"$1,031",95834
1014,"$1,029",92314
1015,"$1,029",93434
1016,"$1,029",95460
1017,"$1,028",90043
1018,"$1,027",95633
1019,"$1,026",92548
1020,"$1,026",95820
1021,"$1,025",95258
1022,"$1,025",95361
1023,"$1,024",96065
1024,"$1,023",95653
1025,"$1,021",95660
1026,"$1,021",95709
1027,"$1,020",90744
1028,"$1,020",95310
1029,"$1,019",92335
1030,"$1,016",96003
1031,"$1,015",95210
1032,"$1,015",95468
1033,"$1,014",90063
1034,"$1,014",95323
1035,"$1,014",95326
1036,"$1,013",90062
1037,"$1,013",92371
1038,"$1,013",93560
1039,"$1,013",95822
1040,"$1,011",92385
1041,"$1,010",93226
1042,"$1,010",93436
1043,"$1,008",92347
1044,"$1,008",95490
1045,"$1,007",92320
1046,"$1,007",95551
1047,"$1,007",95602
1048,"$1,006",94601
1049,"$1,006",94801
1050,"$1,005",91731
1051,"$1,004",92345
1052,"$1,001",90270
1053,"$1,000",92322
1054,"$1,000",95564
1055,$999,92395
1056,$998,93292
1057,$997,95519
1058,$997,95694
1059,$996,90031
1060,$996,94606
1061,$994,95714
1062,$993,90011
1063,$993,90280
1064,$993,90304
1065,$993,95227
1066,$992,92264
1067,$992,92411
1068,$992,93550
1069,$990,92308
1070,$989,92324
1071,$989,95610
1072,$987,92004
1073,$987,95231
1074,$987,95245
1075,$986,90044
1076,$986,91950
1077,$985,95374
1078,$985,95912
1079,$985,96143
1080,$984,92346
1081,$984,95667
1082,$983,95842
1083,$983,95954
1084,$979,95638
1085,$978,92501
1086,$977,90022
1087,$977,90029
1088,$976,92307
1089,$976,95315
1090,$976,95838
1091,$976,96142
1092,$975,90001
1093,$975,92220
1094,$975,93637
1095,$975,94956
1096,$974,92105
1097,$974,95012
1098,$974,95307
1099,$974,95993
1100,$973,92352
1101,$972,96019
1102,$971,95439
1103,$971,96113
1104,$970,93245
1105,$970,95601
1106,$968,90002
1107,$968,92086
1108,$968,93527
1109,$968,95542
1110,$968,95945
1111,$967,90018
1112,$967,93563
1113,$965,92544
1114,$965,93928
1115,$963,95826
1116,$962,92113
1117,$962,95482
1118,$961,92284
1119,$961,95338
1120,$960,90023
1121,$960,93440
1122,$959,90037
1123,$959,90813
1124,$959,95445
1125,$957,96088
1126,$956,93225
1127,$956,95350
1128,$956,95360
1129,$956,95503
1130,$956,95914
1131,$954,92201
1132,$954,94060
1133,$954,95324
1134,$954,95536
1135,$953,95968
1136,$952,95525
1137,$952,96035
1138,$951,93650
1139,$951,95670
1140,$950,92173
1141,$950,93668
1142,$950,95328
1143,$950,95412
1144,$950,95449
1145,$950,96118
1146,$949,95642
1147,$948,93513
1148,$946,94103
1149,$945,94607
1150,$945,95987
1151,$944,92262
1152,$944,92315
1153,$943,95928
1154,$942,92561
1155,$941,93306
1156,$941,95938
1157,$940,90006
1158,$939,90005
1159,$939,90255
1160,$937,93277
1161,$936,92404
1162,$936,95426
1163,$935,93202
1164,$935,93610
1165,$935,95428
1166,$935,96024
1167,$933,95547
1168,$933,95982
1169,$932,96020
1170,$931,95462
1171,$931,96002
1172,$931,96067
1173,$930,92285
1174,$929,92386
1175,$929,93534
1176,$929,95383
1177,$928,92240
1178,$928,95215
1179,$928,95549
1180,$928,95823
1181,$927,95570
1182,$926,92405
1183,$926,95370
1184,$926,95973
1185,$925,95608
1186,$924,93667
1187,$923,95917
1188,$921,92277
1189,$921,92339
1190,$920,95204
1191,$920,95334
1192,$920,95629
1193,$919,96130
1194,$918,95240
1195,$918,95346
1196,$918,95379
1197,$917,93230
1198,$917,95693
1199,$916,95316
1200,$915,94124
1201,$914,94569
1202,$913,96150
1203,$909,93274
1204,$908,90033
1205,$908,92070
1206,$908,96146
1207,$907,92325
1208,$907,93309
1209,$906,92408
1210,$906,93920
1211,$906,95351
1212,$905,94612
1213,$905,95817
1214,$905,95966
1215,$903,95521
1216,$903,95815
1217,$902,95969
1218,$899,90059
1219,$897,95816
1220,$895,93040
1221,$895,95301
1222,$895,95695
1223,$892,93704
1224,$892,93925
1225,$892,96038
1226,$890,92236
1227,$890,93268
1228,$890,95222
1229,$890,95961
1230,$889,96047
1231,$887,93291
1232,$887,95354
1233,$887,95926
1234,$886,95841
1235,$886,96001
1236,$885,95692
1237,$884,93308
1238,$883,93657
1239,$883,95386
1240,$882,95991
1241,$880,95203
1242,$879,93710
1243,$879,95526
1244,$877,93561
1245,$877,93612
1246,$877,95327
1247,$875,90040
1248,$875,95380
1249,$874,92249
1250,$874,93654
1251,$874,95348
1252,$874,95550
1253,$874,95824
1254,$873,93307
1255,$873,95205
1256,$873,96052
1257,$872,90057
1258,$872,94102
1259,$871,95207
1260,$871,95423
1261,$870,91906
1262,$870,95825
1263,$869,95453
1264,$868,92590
1265,$868,93705
1266,$868,95420
1267,$868,96008
1268,$866,90015
1269,$866,92583
1270,$863,93514
1271,$862,95901
1272,$861,93238
1273,$861,95947
1274,$860,95335
1275,$859,92359
1276,$857,95971
1277,$857,96090
1278,$857,96148
1279,$856,93505
1280,$856,93602
1281,$856,96114
1282,$855,93638
1283,$855,95531
1284,$855,95554
1285,$854,92256
1286,$853,92410
1287,$853,93608
1288,$853,96094
1289,$850,94567
1290,$850,95321
1291,$850,95568
1292,$850,95922
1293,$849,93555
1294,$848,90017
1295,$848,93529
1296,$848,93725
1297,$846,93609
1298,$846,95458
1299,$845,92543
1300,$845,96021
1301,$844,93656
1302,$842,93675
1303,$841,93304
1304,$840,93221
1305,$840,93254
1306,$839,92252
1307,$839,95501
1308,$838,93653
1309,$836,93272
1310,$833,96109
1311,$832,96025
1312,$831,95388
1313,$831,96057
1314,$830,92275
1315,$830,95605
1316,$829,96033
1317,$828,96063
1318,$827,93240
1319,$826,95821
1320,$825,93276
1321,$825,93703
1322,$825,93727
1323,$825,95075
1324,$825,95422
1325,$824,95955
1326,$823,93673
1327,$823,95573
1328,$823,95953
1329,$822,95415
1330,$821,95811
1331,$820,93452
1332,$820,93662
1333,$819,96107
1334,$817,92231
1335,$817,95612
1336,$816,95540
1337,$815,95311
1338,$815,95641
1339,$814,93726
1340,$814,95645
1341,$814,96056
1342,$812,93630
1343,$812,95322
1344,$811,94922
1345,$811,95818
1346,$809,95652
1347,$809,95937
1348,$807,92036
1349,$807,95948
1350,$806,93625
1351,$805,96027
1352,$805,96055
1353,$805,96091
1354,$804,95340
1355,$803,95369
1356,$802,95341
1357,$800,93250
1358,$797,92210
1359,$797,95249
1360,$797,96007
1361,$796,93203
1362,$795,95979
1363,$794,93621
1364,$793,93207
1365,$793,96064
1366,$792,95527
1367,$791,92274
1368,$791,92539
1369,$790,93305
1370,$790,93728
1371,$790,95814
1372,$789,93553
1373,$788,93631
1374,$788,95720
1375,$788,96080
1376,$787,95932
1377,$787,96097
1378,$783,93618
1379,$783,96044
1380,$781,95560
1381,$780,93702
1382,$780,95306
1383,$780,95548
1384,$780,96075
1385,$780,96103
1386,$778,92368
1387,$778,93243
1388,$778,96017
1389,$777,95303
1390,$777,95943
1391,$773,96051
1392,$772,95965
1393,$771,96101
1394,$769,92227
1395,$769,93257
1396,$769,93706
1397,$767,93215
1398,$767,93218
1399,$767,93652
1400,$765,92401
1401,$765,96069
1402,$763,92311
1403,$761,95659
1404,$760,95567
1405,$758,95957
1406,$757,91963
1407,$757,96048
1408,$756,96122
1409,$755,92250
1410,$755,94964
1411,$754,95690
1412,$753,93212
1413,$748,92243
1414,$747,93263
1415,$747,93526
1416,$746,92233
1417,$745,95646
1418,$744,93210
1419,$744,96023
1420,$743,93247
1421,$743,93271
1422,$743,93962
1423,$743,96120
1424,$743,96137
1425,$736,93450
1426,$734,93545
1427,$734,93648
1428,$734,95562
1429,$733,93301
1430,$733,95236
1431,$732,95962
1432,$730,93256
1433,$727,93241
1434,$727,95988
1435,$725,96096
1436,$723,93286
1437,$721,93646
1438,$720,92059
1439,$720,93242
1440,$720,93606
1441,$718,94104
1442,$717,95552
1443,$716,92309
1444,$716,93223
1445,$714,92254
1446,$714,95319
1447,$714,95916
1448,$712,93239
1449,$710,93516
1450,$710,93615
1451,$710,95963
1452,$708,95313
1453,$707,93204
1454,$707,95939
1455,$704,93620
1456,$703,93224
1457,$701,93258
1458,$700,96032
1459,$698,95951
1460,$695,93235
1461,$693,95464
1462,$692,93252
1463,$692,95255
1464,$692,95970
1465,$691,95569
1466,$689,95450
1467,$688,92225
1468,$688,92273
1469,$688,93701
1470,$687,93622
1471,$686,90013
1472,$686,95454
1473,$683,95456
1474,$682,95466
1475,$680,93280
1476,$679,95934
1477,$678,95443
1478,$677,95410
1479,$676,95950
1480,$675,95558
1481,$673,93605
1482,$673,96041
1483,$671,95333
1484,$669,93219
1485,$669,93267
1486,$666,93234
1487,$666,93270
1488,$663,93205
1489,$663,93640
1490,$663,96010
1491,$661,95345
1492,$660,95555
1493,$657,92241
1494,$655,96039
1495,$653,96110
1496,$652,95387
1497,$652,96015
1498,$650,93501
1499,$650,95585
1500,$647,93266
1501,$645,90058
1502,$645,95365
1503,$645,95625
1504,$636,94923
1505,$634,92281
1506,$634,93601
1507,$629,91905
1508,$629,92356
1509,$628,96134
1510,$627,96104
1511,$622,93647
1512,$619,93249
1513,$616,93201
1514,$615,90014
1515,$614,92257
1516,$610,93261
1517,$604,96028
1518,$603,95686
1519,$599,92363
1520,$599,95919
1521,$598,93562
1522,$596,93206
1523,$596,96013
1524,$594,95563
1525,$588,93643
1526,$585,92242
1527,$582,93285
1528,$571,95920
1529,$569,96011
1530,$567,93244
1531,$567,95202
1532,$563,96086
1533,$558,93721
1534,$539,93616
1535,$539,93624
1536,$533,92283
1537,$532,93517
1538,$521,96058
1539,$518,95736
1540,$517,95385
1541,$505,92389
1542,$498,93283
1543,$495,93666
1544,$490,95546
1545,$469,96050
1546,$447,92327
1547,$444,92365
1548,$444,93660
1549,$442,95728
1550,$438,93265
1551,$425,95556
1552,$408,90021
1553,$404,92328
1554,$403,95230
1555,$390,95317
1556,$367,93251
1557,$313,92239
1558,$237,95389
1559,$213,96112
1560,$195,96087
