,white_pop_2014,zip
1,100.0%,91948
2,100.0%,92060
3,100.0%,92266
4,100.0%,92304
5,100.0%,92332
6,100.0%,92333
7,100.0%,92341
8,100.0%,92364
9,100.0%,92378
10,100.0%,92384
11,100.0%,92389
12,100.0%,93208
13,100.0%,93220
14,100.0%,93276
15,100.0%,93429
16,100.0%,93519
17,100.0%,93522
18,100.0%,93554
19,100.0%,93592
20,100.0%,93645
21,100.0%,93943
22,100.0%,94074
23,100.0%,94569
24,100.0%,94950
25,100.0%,94963
26,100.0%,94972
27,100.0%,95007
28,100.0%,95041
29,100.0%,95140
30,100.0%,95224
31,100.0%,95226
32,100.0%,95233
33,100.0%,95234
34,100.0%,95251
35,100.0%,95305
36,100.0%,95313
37,100.0%,95325
38,100.0%,95375
39,100.0%,95427
40,100.0%,95435
41,100.0%,95443
42,100.0%,95463
43,100.0%,95486
44,100.0%,95488
45,100.0%,95511
46,100.0%,95545
47,100.0%,95559
48,100.0%,95571
49,100.0%,95587
50,100.0%,95604
51,100.0%,95625
52,100.0%,95629
53,100.0%,95679
54,100.0%,95698
55,100.0%,95714
56,100.0%,95720
57,100.0%,95721
58,100.0%,95728
59,100.0%,95735
60,100.0%,95910
61,100.0%,95923
62,100.0%,95930
63,100.0%,95936
64,100.0%,95944
65,100.0%,95983
66,100.0%,95986
67,100.0%,96046
68,100.0%,96061
69,100.0%,96071
70,100.0%,96105
71,100.0%,96108
72,100.0%,96111
73,100.0%,96116
74,100.0%,96119
75,100.0%,96121
76,100.0%,96129
77,100.0%,96133
78,100.0%,96140
79,99.8%,93932
80,99.6%,93285
81,99.4%,96087
82,99.4%,93244
83,99.3%,96006
84,99.2%,96090
85,99.1%,96115
86,99.0%,95943
87,99.0%,94970
88,98.8%,92268
89,98.7%,95497
90,98.6%,95527
91,98.5%,92259
92,98.5%,96110
93,98.4%,91759
94,98.2%,92386
95,98.2%,91931
96,98.2%,95701
97,98.2%,96029
98,98.0%,95311
99,98.0%,94923
100,97.9%,95465
101,97.9%,95526
102,97.9%,96125
103,97.8%,96049
104,97.8%,92662
105,97.8%,96063
106,97.7%,95962
107,97.7%,96016
108,97.7%,95726
109,97.7%,93255
110,97.6%,95075
111,97.5%,95651
112,97.5%,93651
113,97.4%,93238
114,97.3%,96037
115,97.2%,95245
116,97.2%,95614
117,97.1%,95914
118,97.1%,96091
119,97.1%,94973
120,97.0%,93962
121,97.0%,96114
122,97.0%,93558
123,97.0%,95383
124,97.0%,93226
125,96.9%,93925
126,96.9%,95601
127,96.9%,96056
128,96.9%,92372
129,96.6%,95920
130,96.6%,93424
131,96.6%,95635
132,96.4%,95549
133,96.3%,95715
134,96.2%,95689
135,96.2%,93240
136,96.2%,92339
137,96.1%,95247
138,96.1%,94957
139,96.0%,95471
140,95.9%,95955
141,95.8%,96104
142,95.8%,96146
143,95.7%,92397
144,95.7%,95321
145,95.7%,95536
146,95.6%,96145
147,95.6%,95669
148,95.6%,96069
149,95.5%,96161
150,95.5%,95631
151,95.5%,94514
152,95.4%,93207
153,95.3%,95636
154,95.3%,93601
155,95.3%,96118
156,95.3%,95947
157,95.2%,93251
158,95.1%,96103
159,95.1%,95335
160,95.1%,96033
161,95.0%,92549
162,95.0%,96048
163,94.9%,93603
164,94.9%,95316
165,94.6%,93224
166,94.6%,95254
167,94.6%,95228
168,94.5%,96134
169,94.5%,93442
170,94.4%,96123
171,94.4%,95938
172,94.3%,96107
173,94.3%,96013
174,94.2%,95222
175,94.2%,95664
176,94.2%,95949
177,94.2%,95310
178,94.2%,95045
179,94.1%,95942
180,94.1%,92322
181,94.0%,95232
182,94.0%,95372
183,94.0%,91963
184,94.0%,92036
185,93.9%,95684
186,93.9%,96117
187,93.8%,93923
188,93.8%,95665
189,93.8%,95713
190,93.8%,93272
191,93.8%,91962
192,93.8%,95387
193,93.7%,95722
194,93.7%,96141
195,93.7%,94511
196,93.7%,92385
197,93.7%,95550
198,93.7%,93669
199,93.6%,91917
200,93.5%,95429
201,93.5%,95623
202,93.5%,93644
203,93.5%,94020
204,93.3%,94940
205,93.3%,95452
206,93.3%,93249
207,93.3%,93430
208,93.2%,95969
209,93.2%,96132
210,93.2%,95634
211,93.2%,93225
212,93.2%,95456
213,93.2%,96124
214,93.2%,95650
215,93.1%,93532
216,93.1%,93660
217,93.1%,93265
218,93.1%,96044
219,93.1%,96062
220,93.0%,96040
221,92.9%,96020
222,92.9%,95223
223,92.9%,92091
224,92.8%,91210
225,92.8%,95954
226,92.7%,95257
227,92.7%,94037
228,92.7%,95248
229,92.7%,95619
230,92.6%,93926
231,92.6%,93453
232,92.6%,95956
233,92.5%,95682
234,92.4%,96067
235,92.4%,93527
236,92.4%,95006
237,92.4%,92067
238,92.4%,93626
239,92.3%,93222
240,92.3%,94567
241,92.3%,93664
242,92.3%,95945
243,92.3%,96057
244,92.3%,95982
245,92.2%,93432
246,92.2%,96109
247,92.2%,96142
248,92.2%,96137
249,92.1%,93449
250,92.1%,95018
251,92.1%,95562
252,92.1%,95553
253,92.1%,95612
254,92.0%,93920
255,92.0%,95685
256,92.0%,94548
257,92.0%,93271
258,91.9%,95703
259,91.9%,92676
260,91.8%,95658
261,91.8%,95589
262,91.8%,94937
263,91.7%,92109
264,91.7%,93428
265,91.6%,95946
266,91.6%,95017
267,91.5%,95970
268,91.5%,94920
269,91.4%,93205
270,91.3%,95524
271,91.3%,95445
272,91.2%,92314
273,91.2%,95005
274,91.2%,94946
275,91.2%,92107
276,91.1%,93924
277,91.1%,95602
278,91.1%,92328
279,91.1%,95668
280,91.1%,92398
281,91.1%,95633
282,91.0%,96096
283,91.0%,95709
284,91.0%,96092
285,90.9%,96064
286,90.9%,93108
287,90.8%,95469
288,90.8%,95461
289,90.8%,96007
290,90.8%,92242
291,90.8%,92382
292,90.7%,95957
293,90.7%,95033
294,90.7%,92270
295,90.6%,96017
296,90.6%,95528
297,90.6%,95237
298,90.6%,93614
299,90.5%,96027
300,90.5%,95666
301,90.4%,95426
302,90.4%,92651
303,90.4%,94924
304,90.3%,95370
305,90.3%,95252
306,90.2%,92118
307,90.2%,93531
308,90.2%,94929
309,90.2%,93023
310,90.2%,95564
311,90.2%,96059
312,90.1%,95959
313,90.1%,96101
314,90.1%,94021
315,90.0%,92007
316,90.0%,92320
317,90.0%,95318
318,90.0%,95442
319,90.0%,96143
320,90.0%,93529
321,89.9%,92536
322,89.9%,95662
323,89.9%,95324
324,89.8%,95003
325,89.8%,96034
326,89.8%,95563
327,89.8%,91935
328,89.8%,95389
329,89.8%,92661
330,89.8%,96148
331,89.7%,93022
332,89.7%,95667
333,89.7%,95385
334,89.7%,95466
335,89.7%,95542
336,89.6%,94516
337,89.6%,92014
338,89.5%,92285
339,89.5%,93422
340,89.5%,94930
341,89.5%,95423
342,89.4%,94507
343,89.4%,93562
344,89.4%,96009
345,89.3%,93267
346,89.3%,96022
347,89.3%,92065
348,89.3%,96073
349,89.2%,95607
350,89.2%,96041
351,89.2%,95361
352,89.1%,93561
353,89.1%,93243
354,89.1%,93441
355,89.1%,94599
356,89.1%,95681
357,89.1%,90272
358,89.1%,95322
359,89.1%,95410
360,89.0%,92273
361,89.0%,96003
362,89.0%,96038
363,89.0%,93953
364,88.8%,95603
365,88.8%,95547
366,88.8%,92024
367,88.8%,95460
368,88.7%,93268
369,88.7%,93221
370,88.7%,96128
371,88.6%,93621
372,88.6%,96052
373,88.6%,95258
374,88.6%,95366
375,88.5%,90290
376,88.5%,96055
377,88.5%,94960
378,88.5%,92561
379,88.5%,93426
380,88.4%,94939
381,88.4%,96025
382,88.4%,95922
383,88.4%,94060
384,88.4%,95642
385,88.3%,95490
386,88.2%,95432
387,88.2%,95323
388,88.2%,92210
389,88.2%,93420
390,88.2%,95971
391,88.1%,95320
392,88.1%,92004
393,88.1%,95255
394,88.1%,90402
395,88.1%,92678
396,88.1%,95558
397,88.0%,91901
398,88.0%,92008
399,88.0%,92625
400,88.0%,95345
401,87.9%,96028
402,87.9%,94904
403,87.9%,93653
404,87.9%,93921
405,87.8%,92352
406,87.8%,95421
407,87.8%,96051
408,87.7%,92590
409,87.7%,93201
410,87.7%,95963
411,87.7%,95467
412,87.6%,95975
413,87.6%,95439
414,87.6%,95472
415,87.6%,95987
416,87.6%,96019
417,87.6%,92315
418,87.6%,95565
419,87.5%,92040
420,87.5%,95837
421,87.5%,95013
422,87.5%,96080
423,87.5%,90254
424,87.5%,91436
425,87.5%,95979
426,87.4%,95717
427,87.4%,95916
428,87.3%,93218
429,87.3%,95379
430,87.3%,90077
431,87.2%,95628
432,87.2%,93287
433,87.2%,96058
434,87.2%,92356
435,87.2%,94528
436,87.2%,93461
437,87.1%,96122
438,87.1%,95663
439,87.1%,96035
440,87.0%,94028
441,87.0%,95446
442,86.9%,93602
443,86.8%,95450
444,86.8%,96047
445,86.8%,93636
446,86.8%,92663
447,86.8%,95065
448,86.7%,94971
449,86.7%,92325
450,86.7%,96054
451,86.7%,95326
452,86.7%,95338
453,86.6%,95555
454,86.5%,93545
455,86.5%,95436
456,86.5%,93928
457,86.4%,95030
458,86.4%,95973
459,86.4%,91906
460,86.4%,92342
461,86.3%,95220
462,86.3%,93465
463,86.3%,96023
464,86.2%,95066
465,86.2%,90210
466,86.2%,93460
467,86.2%,95977
468,86.2%,93908
469,86.1%,90265
470,86.1%,92281
471,86.1%,95409
472,86.1%,95525
473,86.1%,95519
474,86.1%,93109
475,86.1%,96031
476,86.0%,95560
477,86.0%,96094
478,85.9%,91361
479,85.8%,95306
480,85.8%,92358
481,85.8%,93546
482,85.7%,95004
483,85.7%,93402
484,85.7%,92066
485,85.7%,95462
486,85.7%,93308
487,85.7%,95819
488,85.7%,92660
489,85.7%,93950
490,85.7%,92264
491,85.6%,92010
492,85.6%,95437
493,85.6%,96001
494,85.5%,93518
495,85.4%,93206
496,85.4%,93514
497,85.3%,92103
498,85.3%,94938
499,85.3%,94941
500,85.3%,94526
501,85.3%,92371
502,85.3%,91916
503,85.2%,90049
504,85.2%,93604
505,85.2%,96076
506,85.2%,92029
507,85.2%,95360
508,85.1%,93105
509,85.1%,95543
510,85.1%,95551
511,85.1%,94576
512,85.1%,92321
513,85.1%,96050
514,85.0%,95493
515,85.0%,92106
516,85.0%,95690
517,85.0%,95329
518,85.0%,92629
519,85.0%,96024
520,84.9%,92173
521,84.9%,95648
522,84.8%,93640
523,84.8%,91301
524,84.8%,94505
525,84.7%,95485
526,84.7%,93263
527,84.7%,93440
528,84.7%,94517
529,84.7%,95417
530,84.7%,90403
531,84.6%,95554
532,84.6%,95043
533,84.6%,95062
534,84.6%,92260
535,84.6%,90742
536,84.6%,96093
537,84.5%,95242
538,84.5%,93401
539,84.5%,93463
540,84.5%,95928
541,84.4%,90803
542,84.4%,93223
543,84.4%,95677
544,84.4%,92211
545,84.4%,93668
546,84.3%,93444
547,84.3%,95010
548,84.3%,92084
549,84.2%,92011
550,84.2%,92637
551,84.2%,92256
552,84.2%,94558
553,84.2%,95380
554,84.1%,94595
555,84.1%,95073
556,84.1%,93638
557,84.1%,93620
558,84.0%,94129
559,84.0%,96106
560,83.9%,95960
561,83.9%,94549
562,83.8%,92624
563,83.8%,92119
564,83.8%,95023
565,83.8%,93675
566,83.8%,95661
567,83.7%,90704
568,83.7%,95912
569,83.7%,96021
570,83.6%,93455
571,83.6%,94123
572,83.6%,92025
573,83.6%,92539
574,83.6%,93930
575,83.6%,93277
576,83.5%,92009
577,83.5%,95988
578,83.4%,93510
579,83.4%,92679
580,83.4%,92308
581,83.3%,95319
582,83.3%,93641
583,83.3%,94062
584,83.3%,93256
585,83.2%,95521
586,83.1%,95552
587,83.1%,95405
588,83.0%,92365
589,83.0%,95503
590,83.0%,95470
591,83.0%,90067
592,82.9%,92227
593,82.9%,93203
594,82.9%,92071
595,82.9%,91302
596,82.9%,95638
597,82.8%,91040
598,82.8%,95926
599,82.8%,92253
600,82.7%,93250
601,82.7%,95570
602,82.7%,93274
603,82.7%,94947
604,82.7%,95246
605,82.7%,90266
606,82.6%,93446
607,82.6%,93615
608,82.5%,93283
609,82.4%,90245
610,82.4%,95746
611,82.4%,95464
612,82.4%,94925
613,82.4%,95672
614,82.3%,95683
615,82.3%,96002
616,82.3%,95476
617,82.2%,92305
618,82.2%,94550
619,82.2%,92399
620,82.1%,93530
621,82.1%,92026
622,82.1%,94952
623,82.0%,95346
624,81.9%,90211
625,81.9%,95621
626,81.9%,95420
627,81.9%,94574
628,81.8%,94027
629,81.8%,94708
630,81.8%,91377
631,81.8%,90048
632,81.8%,92037
633,81.8%,93314
634,81.7%,93286
635,81.7%,95585
636,81.7%,95610
637,81.7%,93433
638,81.7%,93643
639,81.7%,92586
640,81.7%,95540
641,81.7%,94525
642,81.6%,95457
643,81.6%,92673
644,81.6%,91604
645,81.6%,92691
646,81.5%,93258
647,81.5%,92692
648,81.5%,91423
649,81.5%,95249
650,81.4%,93247
651,81.4%,92252
652,81.3%,95425
653,81.3%,92075
654,81.3%,93266
655,81.3%,94559
656,81.2%,91403
657,81.2%,94707
658,81.2%,95762
659,81.1%,96088
660,81.1%,93292
661,81.1%,93004
662,81.1%,90740
663,81.1%,95595
664,81.1%,94951
665,81.0%,93003
666,80.9%,93219
667,80.9%,91316
668,80.9%,94019
669,80.8%,92082
670,80.8%,95686
671,80.8%,95431
672,80.8%,93622
673,80.8%,95060
674,80.7%,94515
675,80.7%,92587
676,80.7%,91741
677,80.7%,92518
678,80.7%,95674
679,80.7%,92506
680,80.7%,92672
681,80.7%,93901
682,80.6%,93667
683,80.6%,93905
684,80.6%,91362
685,80.5%,94705
686,80.5%,92284
687,80.5%,96097
688,80.5%,92021
689,80.5%,92028
690,80.5%,92646
691,80.5%,93252
692,80.4%,94586
693,80.3%,94931
694,80.3%,95415
695,80.3%,92120
696,80.3%,90270
697,80.3%,93013
698,80.2%,95453
699,80.1%,92548
700,80.1%,94596
701,80.1%,90292
702,80.0%,92110
703,80.0%,95951
704,80.0%,90743
705,80.0%,93637
706,80.0%,93730
707,80.0%,90291
708,80.0%,93001
709,80.0%,90046
710,79.9%,93257
711,79.9%,94954
712,79.9%,95608
713,79.9%,94114
714,79.8%,95935
715,79.8%,94563
716,79.7%,95864
717,79.7%,95482
718,79.7%,96032
719,79.6%,95451
720,79.6%,92083
721,79.6%,92805
722,79.5%,92278
723,79.5%,93312
724,79.5%,94598
725,79.4%,95312
726,79.3%,95382
727,79.3%,92648
728,79.3%,95573
729,79.3%,95641
730,79.3%,95919
731,79.3%,91201
732,79.2%,92307
733,79.2%,92694
734,79.2%,95303
735,79.2%,94070
736,79.2%,93230
737,79.2%,93241
738,79.2%,93280
739,79.1%,91207
740,79.1%,93940
741,79.1%,95626
742,79.0%,93065
743,79.0%,95640
744,79.0%,95816
745,78.9%,90405
746,78.9%,92257
747,78.9%,93235
748,78.9%,95367
749,78.8%,92078
750,78.8%,93523
751,78.8%,95567
752,78.7%,92027
753,78.7%,90277
754,78.7%,93553
755,78.7%,95501
756,78.6%,92567
757,78.6%,93021
758,78.6%,92140
759,78.6%,92019
760,78.5%,95678
761,78.5%,95032
762,78.4%,95401
763,78.4%,93619
764,78.4%,91360
765,78.3%,95747
766,78.3%,93555
767,78.3%,92086
768,78.3%,90069
769,78.3%,95765
770,78.2%,94965
771,78.2%,96150
772,78.2%,95659
773,78.1%,93291
774,78.1%,92688
775,78.1%,96086
776,78.0%,95448
777,78.0%,93606
778,78.0%,95404
779,78.0%,93635
780,78.0%,95966
781,77.9%,93618
782,77.9%,94553
783,77.9%,90212
784,77.8%,91202
785,77.8%,94903
786,77.7%,92649
787,77.6%,93063
788,77.5%,91934
789,77.5%,91607
790,77.4%,94571
791,77.4%,93012
792,77.4%,91046
793,77.3%,92064
794,77.3%,92544
795,77.3%,92677
796,77.3%,95531
797,77.3%,93254
798,77.3%,92504
799,77.2%,93608
800,77.1%,90068
801,77.1%,95606
802,77.1%,93111
803,77.1%,93711
804,77.1%,91364
805,77.1%,91390
806,77.1%,95350
807,77.0%,94949
808,77.0%,91320
809,77.0%,93036
810,77.0%,92657
811,77.0%,93512
812,77.0%,94551
813,76.9%,90401
814,76.9%,94945
815,76.9%,93526
816,76.9%,92705
817,76.8%,91941
818,76.8%,92003
819,76.7%,95492
820,76.6%,96084
821,76.6%,91352
822,76.6%,90814
823,76.5%,91208
824,76.5%,95950
825,76.5%,91911
826,76.5%,95459
827,76.5%,93030
828,76.5%,92345
829,76.5%,92116
830,76.5%,94556
831,76.4%,92886
832,76.4%,95368
833,76.3%,96075
834,76.3%,93427
835,76.3%,95917
836,76.2%,92807
837,76.2%,96065
838,76.2%,93405
839,76.1%,92373
840,76.1%,92845
841,76.1%,96011
842,76.1%,95374
843,76.1%,94523
844,76.1%,95693
845,76.1%,92081
846,76.1%,94928
847,76.0%,93673
848,75.9%,95948
849,75.9%,95386
850,75.9%,93015
851,75.9%,95039
852,75.9%,95915
853,75.8%,91205
854,75.8%,93666
855,75.7%,95403
856,75.7%,91024
857,75.7%,95355
858,75.7%,93110
859,75.7%,93665
860,75.6%,92117
861,75.6%,92234
862,75.6%,91784
863,75.6%,91355
864,75.6%,92054
865,75.5%,94933
866,75.5%,95695
867,75.4%,92101
868,75.4%,93260
869,75.4%,92262
870,75.4%,93445
871,75.2%,95918
872,75.2%,93270
873,75.2%,91701
874,75.2%,91356
875,75.2%,93010
876,75.1%,92585
877,75.0%,90720
878,75.0%,91750
879,75.0%,94513
880,74.9%,92344
881,74.9%,90732
882,74.9%,91505
883,74.8%,93035
884,74.7%,93067
885,74.7%,94519
886,74.6%,91978
887,74.6%,91740
888,74.5%,91942
889,74.5%,91206
890,74.5%,94597
891,74.5%,94025
892,74.5%,91602
893,74.5%,92359
894,74.4%,91501
895,74.4%,92860
896,74.4%,95569
897,74.3%,95458
898,74.3%,94117
899,74.3%,92870
900,74.3%,92562
901,74.2%,91350
902,74.2%,92545
903,74.1%,95236
904,74.0%,95692
905,74.0%,96015
906,73.9%,94301
907,73.9%,92882
908,73.9%,93451
909,73.9%,92020
910,73.8%,91502
911,73.8%,96010
912,73.7%,92592
913,73.7%,93450
914,73.7%,94506
915,73.7%,92861
916,73.6%,93630
917,73.6%,93954
918,73.5%,92368
919,73.4%,92591
920,73.4%,93631
921,73.4%,90815
922,73.3%,94061
923,73.3%,92104
924,73.3%,92277
925,73.2%,92821
926,73.2%,95354
927,73.1%,93605
928,73.1%,95076
929,73.1%,92391
930,73.1%,93033
931,73.1%,93907
932,73.1%,95307
933,73.1%,94510
934,73.1%,95821
935,73.0%,94535
936,73.0%,90808
937,73.0%,95688
938,73.0%,92887
939,73.0%,95454
940,72.9%,91411
941,72.9%,90240
942,72.8%,94518
943,72.8%,91506
944,72.8%,95363
945,72.8%,95620
946,72.7%,93060
947,72.6%,95225
948,72.6%,96068
949,72.6%,92135
950,72.5%,93066
951,72.5%,93610
952,72.4%,93611
953,72.4%,90744
954,72.4%,92806
955,72.4%,92363
956,72.3%,93927
957,72.3%,92220
958,72.3%,92505
959,72.2%,90232
960,72.2%,96120
961,72.2%,92056
962,72.2%,95694
963,72.2%,93040
964,72.2%,95327
965,72.1%,95449
966,72.1%,92626
967,72.1%,95422
968,72.1%,91367
969,72.1%,91504
970,72.0%,91203
971,72.0%,95818
972,72.0%,95932
973,71.9%,92124
974,71.9%,92055
975,71.9%,90404
976,71.9%,90035
977,71.9%,91902
978,71.8%,96008
979,71.8%,93309
980,71.8%,91351
981,71.8%,95965
982,71.7%,93720
983,71.7%,95012
984,71.7%,92647
985,71.6%,92802
986,71.6%,92883
987,71.6%,91307
988,71.6%,93516
989,71.5%,95841
990,71.5%,92374
991,71.4%,91910
992,71.4%,92596
993,71.4%,92282
994,71.4%,95468
995,71.4%,93306
996,71.4%,91042
997,71.3%,90278
998,71.3%,92584
999,71.3%,92881
1000,71.2%,90064
1001,71.2%,95673
1002,71.2%,91932
1003,71.2%,91711
1004,71.1%,90040
1005,71.1%,91321
1006,71.1%,91335
1007,71.0%,92675
1008,71.0%,92069
1009,71.0%,93434
1010,71.0%,94618
1011,71.0%,91905
1012,71.0%,95991
1013,70.9%,95336
1014,70.9%,95830
1015,70.8%,92250
1016,70.8%,95020
1017,70.8%,95124
1018,70.8%,93960
1019,70.8%,95632
1020,70.8%,92865
1021,70.7%,92203
1022,70.6%,94521
1023,70.5%,92610
1024,70.4%,94304
1025,70.4%,92313
1026,70.4%,94402
1027,70.4%,93544
1028,70.3%,95630
1029,70.3%,94508
1030,70.2%,93458
1031,70.2%,95333
1032,70.2%,95369
1033,70.1%,94566
1034,70.1%,91767
1035,70.0%,96085
1036,70.0%,92595
1037,70.0%,91977
1038,70.0%,93041
1039,69.9%,92241
1040,69.9%,92102
1041,69.9%,95008
1042,69.9%,90274
1043,69.9%,90201
1044,69.9%,91105
1045,69.9%,95645
1046,69.9%,92867
1047,69.8%,94024
1048,69.7%,90255
1049,69.7%,93101
1050,69.7%,95240
1051,69.6%,95337
1052,69.5%,92223
1053,69.5%,93513
1054,69.5%,92656
1055,69.5%,91354
1056,69.4%,91104
1057,69.4%,93454
1058,69.4%,95903
1059,69.3%,92808
1060,69.3%,94611
1061,69.3%,93505
1062,69.2%,92543
1063,69.1%,90293
1064,69.1%,93704
1065,69.1%,95627
1066,69.1%,93536
1067,69.1%,95901
1068,69.0%,92108
1069,68.9%,96130
1070,68.9%,94022
1071,68.9%,94038
1072,68.9%,90603
1073,68.9%,92653
1074,68.9%,90022
1075,68.8%,93215
1076,68.7%,92392
1077,68.7%,92866
1078,68.6%,92154
1079,68.5%,95441
1080,68.5%,92395
1081,68.5%,91342
1082,68.5%,93906
1083,68.5%,92131
1084,68.4%,95358
1085,68.4%,95139
1086,68.4%,92879
1087,68.3%,95357
1088,68.3%,91011
1089,68.3%,94575
1090,68.2%,94956
1091,68.1%,93117
1092,68.0%,94561
1093,68.0%,95037
1094,67.9%,92128
1095,67.9%,90731
1096,67.9%,93647
1097,67.8%,93436
1098,67.8%,94010
1099,67.7%,93524
1100,67.7%,92251
1101,67.6%,95356
1102,67.6%,94573
1103,67.5%,95328
1104,67.4%,92147
1105,67.4%,95953
1106,67.3%,95826
1107,67.3%,92276
1108,67.3%,93311
1109,67.2%,91766
1110,67.1%,95204
1111,67.1%,93728
1112,67.1%,94131
1113,67.1%,95937
1114,67.1%,95961
1115,67.0%,91980
1116,67.0%,91340
1117,67.0%,92835
1118,67.0%,93612
1119,66.9%,95231
1120,66.9%,93212
1121,66.9%,93657
1122,66.9%,95118
1123,66.9%,95125
1124,66.9%,93103
1125,66.9%,93305
1126,66.9%,91601
1127,66.9%,95340
1128,66.8%,91381
1129,66.7%,90640
1130,66.7%,92508
1131,66.7%,92630
1132,66.6%,95827
1133,66.6%,91204
1134,66.5%,94041
1135,66.5%,90027
1136,66.4%,95304
1137,66.4%,92231
1138,66.4%,93560
1139,66.4%,91773
1140,66.3%,94901
1141,66.2%,90713
1142,66.0%,91384
1143,65.9%,91303
1144,65.8%,91387
1145,65.8%,93437
1146,65.8%,92311
1147,65.7%,95670
1148,65.6%,94063
1149,65.6%,90036
1150,65.6%,95046
1151,65.5%,92130
1152,65.4%,90026
1153,65.4%,92249
1154,65.3%,92275
1155,65.3%,95351
1156,65.2%,91008
1157,65.2%,92869
1158,65.1%,90604
1159,65.1%,95660
1160,65.0%,93549
1161,65.0%,94403
1162,64.8%,95811
1163,64.6%,93452
1164,64.5%,95814
1165,64.5%,95843
1166,64.5%,95618
1167,64.5%,95776
1168,64.5%,93245
1169,64.4%,94546
1170,64.4%,92310
1171,64.4%,91915
1172,64.4%,95842
1173,64.3%,95691
1174,64.2%,92582
1175,64.2%,93535
1176,64.2%,92058
1177,64.1%,91214
1178,64.1%,95376
1179,64.0%,94002
1180,64.0%,93239
1181,63.9%,94520
1182,63.9%,95301
1183,63.8%,94044
1184,63.8%,91733
1185,63.8%,95227
1186,63.7%,91737
1187,63.7%,92831
1188,63.6%,93541
1189,63.6%,91311
1190,63.5%,92243
1191,63.4%,91344
1192,63.4%,95002
1193,63.4%,95605
1194,63.4%,95687
1195,63.3%,92111
1196,63.3%,95215
1197,63.3%,90822
1198,63.3%,92501
1199,63.3%,93307
1200,63.3%,92230
1201,63.3%,93301
1202,63.2%,92376
1203,63.1%,95120
1204,63.0%,95615
1205,63.0%,93501
1206,62.9%,90066
1207,62.8%,95993
1208,62.8%,92155
1209,62.7%,92057
1210,62.7%,90716
1211,62.5%,91331
1212,62.5%,94709
1213,62.5%,92309
1214,62.5%,95968
1215,62.4%,95053
1216,62.4%,90025
1217,62.4%,95941
1218,62.3%,91730
1219,62.3%,92061
1220,62.2%,94583
1221,62.1%,93563
1222,62.1%,93304
1223,62.0%,91107
1224,61.9%,96039
1225,61.9%,95064
1226,61.9%,95412
1227,61.9%,93551
1228,61.8%,90275
1229,61.8%,94115
1230,61.8%,92115
1231,61.8%,94710
1232,61.7%,93261
1233,61.7%,93625
1234,61.6%,93710
1235,61.6%,90045
1236,61.6%,92407
1237,61.5%,90620
1238,61.5%,95925
1239,61.4%,92070
1240,61.4%,93210
1241,61.3%,90631
1242,61.3%,94043
1243,61.2%,95123
1244,61.2%,96014
1245,61.1%,95616
1246,61.1%,93646
1247,61.1%,92347
1248,61.1%,95407
1249,61.1%,93654
1250,61.1%,95019
1251,61.0%,90034
1252,61.0%,93662
1253,60.9%,92134
1254,60.9%,92324
1255,60.8%,94110
1256,60.8%,90717
1257,60.8%,93534
1258,60.7%,92240
1259,60.7%,90024
1260,60.7%,92532
1261,60.6%,93313
1262,60.6%,93242
1263,60.5%,92122
1264,60.5%,91106
1265,60.5%,93723
1266,60.3%,90241
1267,60.3%,92507
1268,60.2%,90230
1269,60.2%,95646
1270,60.1%,92627
1271,60.1%,95934
1272,60.1%,92603
1273,60.1%,92604
1274,60.1%,93648
1275,60.0%,91016
1276,60.0%,92346
1277,59.9%,92832
1278,59.9%,90028
1279,59.7%,95117
1280,59.7%,94703
1281,59.7%,90804
1282,59.7%,95119
1283,59.6%,91020
1284,59.5%,92583
1285,59.5%,93528
1286,59.4%,94588
1287,59.4%,92530
1288,59.3%,95211
1289,59.3%,91101
1290,59.3%,92563
1291,59.3%,95050
1292,59.2%,92701
1293,59.2%,90670
1294,59.2%,94109
1295,59.2%,94107
1296,59.2%,91764
1297,59.1%,94592
1298,59.1%,96112
1299,59.0%,94305
1300,59.0%,94401
1301,58.9%,91950
1302,58.8%,95939
1303,58.7%,92557
1304,58.7%,95365
1305,58.7%,91945
1306,58.6%,95428
1307,58.5%,95219
1308,58.5%,92405
1309,58.5%,92503
1310,58.3%,91325
1311,58.3%,91401
1312,58.3%,94040
1313,58.3%,91001
1314,58.3%,95825
1315,58.3%,94127
1316,58.3%,95348
1317,58.2%,91606
1318,58.2%,92233
1319,58.0%,94610
1320,57.9%,90630
1321,57.9%,91739
1322,57.9%,94306
1323,57.8%,92225
1324,57.7%,93650
1325,57.7%,94118
1326,57.7%,91345
1327,57.7%,90505
1328,57.7%,91761
1329,57.6%,92123
1330,57.5%,91752
1331,57.5%,91724
1332,57.4%,91744
1333,57.4%,92614
1334,57.4%,94111
1335,57.4%,95315
1336,57.3%,95128
1337,57.3%,95203
1338,57.3%,91710
1339,57.2%,91326
1340,57.1%,92301
1341,57.1%,95652
1342,57.0%,90605
1343,57.0%,94530
1344,57.0%,94104
1345,56.7%,92129
1346,56.7%,94509
1347,56.6%,92127
1348,56.6%,93204
1349,56.5%,95130
1350,56.5%,90638
1351,56.5%,93955
1352,56.4%,93202
1353,56.4%,94105
1354,56.4%,92258
1355,56.2%,95388
1356,55.9%,90039
1357,55.8%,90802
1358,55.7%,94702
1359,55.6%,93624
1360,55.5%,90033
1361,55.5%,92780
1362,55.5%,94706
1363,55.4%,90601
1364,55.4%,92316
1365,55.4%,93722
1366,55.2%,91605
1367,55.2%,92335
1368,55.1%,92553
1369,54.9%,94534
1370,54.8%,91030
1371,54.8%,95110
1372,54.7%,90260
1373,54.6%,92377
1374,54.5%,92612
1375,54.5%,93933
1376,54.4%,95548
1377,54.4%,95556
1378,54.3%,90041
1379,54.3%,90242
1380,54.3%,95317
1381,54.3%,95820
1382,54.2%,90712
1383,54.2%,95230
1384,54.1%,91786
1385,54.1%,95655
1386,54.1%,91103
1387,53.8%,93705
1388,53.8%,91762
1389,53.7%,91343
1390,53.7%,92105
1391,53.7%,92336
1392,53.7%,93042
1393,53.7%,92704
1394,53.6%,95742
1395,53.6%,90263
1396,53.6%,90650
1397,53.6%,92880
1398,53.5%,92708
1399,53.4%,95817
1400,53.4%,90621
1401,53.1%,94805
1402,53.1%,92509
1403,53.0%,92337
1404,52.9%,92801
1405,52.9%,90813
1406,52.8%,92239
1407,52.7%,93591
1408,52.6%,91914
1409,52.6%,94065
1410,52.6%,94590
1411,52.5%,95624
1412,52.5%,91913
1413,52.5%,95833
1414,52.4%,90032
1415,52.3%,94005
1416,52.1%,95377
1417,52.1%,95494
1418,52.1%,92782
1419,52.0%,90042
1420,51.9%,92618
1421,51.9%,95815
1422,51.9%,92823
1423,51.8%,91324
1424,51.8%,95209
1425,51.6%,90023
1426,51.6%,91010
1427,51.6%,95126
1428,51.5%,90710
1429,51.5%,94568
1430,51.4%,90073
1431,51.4%,92404
1432,51.3%,95205
1433,51.1%,95070
1434,51.1%,90089
1435,51.0%,95444
1436,51.0%,94922
1437,51.0%,91722
1438,51.0%,94303
1439,50.9%,94512
1440,50.9%,95136
1441,50.9%,91723
1442,50.9%,94609
1443,50.8%,94066
1444,50.7%,91731
1445,50.7%,91709
1446,50.6%,90602
1447,50.6%,94128
1448,50.5%,93726
1449,50.5%,95822
1450,50.4%,90680
1451,50.4%,94564
1452,50.4%,92411
1453,50.3%,94501
1454,50.2%,94572
1455,50.2%,95330
1456,50.2%,94541
1457,50.2%,93234
1458,50.0%,90606
1459,50.0%,95514
1460,49.9%,90001
1461,49.8%,90660
1462,49.7%,90755
1463,49.5%,90014
1464,49.3%,91304
1465,49.3%,94580
1466,49.2%,94803
1467,49.2%,92617
1468,49.1%,92868
1469,49.1%,91406
1470,49.0%,92201
1471,49.0%,92410
1472,49.0%,92145
1473,49.0%,92840
1474,48.9%,90280
1475,48.9%,92804
1476,48.8%,95207
1477,48.8%,94704
1478,48.7%,92555
1479,48.7%,94089
1480,48.7%,90094
1481,48.6%,94085
1482,48.5%,95341
1483,48.4%,90503
1484,48.4%,95736
1485,48.4%,90002
1486,48.4%,94086
1487,48.3%,94030
1488,48.2%,92121
1489,48.1%,92570
1490,48.0%,92551
1491,48.0%,92394
1492,47.9%,91732
1493,47.9%,94806
1494,47.8%,91746
1495,47.8%,93609
1496,47.7%,94801
1497,47.5%,94087
1498,47.4%,95831
1499,47.4%,95829
1500,47.4%,90250
1501,47.2%,92354
1502,47.2%,91402
1503,47.1%,93627
1504,47.0%,94578
1505,47.0%,90065
1506,46.9%,95537
1507,46.9%,92841
1508,46.7%,93634
1509,46.6%,94158
1510,46.5%,94552
1511,46.3%,94404
1512,46.3%,95639
1513,46.2%,96074
1514,46.2%,94121
1515,46.0%,94602
1516,45.8%,95758
1517,45.6%,94613
1518,45.6%,91745
1519,45.4%,95334
1520,45.3%,95111
1521,45.3%,94103
1522,45.1%,93517
1523,44.6%,90063
1524,44.5%,95112
1525,44.4%,93652
1526,44.4%,90807
1527,44.4%,92606
1528,44.3%,96113
1529,44.2%,92408
1530,44.0%,91108
1531,43.8%,94577
1532,43.7%,92139
1533,43.7%,95202
1534,43.7%,93543
1535,43.7%,90029
1536,43.6%,91791
1537,43.6%,94542
1538,43.5%,94608
1539,43.5%,94533
1540,43.4%,93701
1541,43.3%,94502
1542,43.3%,94503
1543,43.1%,90723
1544,43.1%,95051
1545,43.1%,91768
1546,43.0%,91708
1547,43.0%,91306
1548,43.0%,94102
1549,42.9%,91405
1550,42.8%,95653
1551,42.8%,95835
1552,42.8%,95138
1553,42.7%,94122
1554,42.6%,93727
1555,42.5%,92620
1556,42.5%,92602
1557,42.4%,95675
1558,42.3%,93703
1559,42.3%,91763
1560,42.2%,90623
1561,42.1%,91702
1562,42.1%,90806
1563,41.8%,90810
1564,41.5%,90221
1565,41.4%,94133
1566,41.3%,90501
1567,41.2%,93706
1568,41.2%,92401
1569,41.1%,90706
1570,40.9%,95113
1571,40.9%,95834
1572,40.8%,92274
1573,40.8%,90304
1574,40.6%,91330
1575,40.6%,90262
1576,40.3%,95838
1577,40.3%,92833
1578,40.2%,90038
1579,40.1%,92706
1580,40.1%,93656
1581,40.0%,90504
1582,39.9%,94804
1583,39.9%,90701
1584,39.8%,94565
1585,39.6%,94544
1586,39.6%,90222
1587,39.5%,95697
1588,39.5%,94531
1589,39.5%,95135
1590,39.4%,95116
1591,39.4%,95568
1592,39.4%,95824
1593,39.0%,91790
1594,38.9%,92283
1595,38.9%,92254
1596,38.8%,94579
1597,38.8%,94601
1598,38.7%,92683
1599,38.7%,92655
1600,38.6%,93552
1601,38.5%,92571
1602,38.5%,94720
1603,38.3%,92707
1604,38.3%,94591
1605,38.2%,94619
1606,38.2%,90059
1607,38.2%,90021
1608,38.2%,94132
1609,38.1%,94536
1610,38.1%,94116
1611,38.1%,94080
1612,37.9%,93623
1613,37.9%,94560
1614,37.9%,94582
1615,37.8%,92126
1616,37.5%,90031
1617,37.5%,94589
1618,37.5%,94130
1619,37.2%,90019
1620,37.2%,95699
1621,37.1%,95823
1622,36.3%,95127
1623,36.2%,90502
1624,36.2%,95122
1625,35.9%,95828
1626,35.8%,94585
1627,35.8%,92327
1628,35.7%,92236
1629,35.6%,91006
1630,35.6%,91706
1631,35.5%,95206
1632,35.4%,95210
1633,35.4%,90058
1634,35.2%,93721
1635,35.1%,93550
1636,35.0%,90301
1637,35.0%,90061
1638,34.6%,90715
1639,34.5%,90004
1640,34.5%,92703
1641,34.4%,90220
1642,34.1%,92843
1643,34.0%,91765
1644,33.9%,93702
1645,33.9%,95391
1646,33.8%,90745
1647,33.7%,92113
1648,33.6%,91775
1649,33.2%,94545
1650,33.2%,95757
1651,33.1%,93628
1652,33.0%,90805
1653,32.9%,95832
1654,32.9%,93725
1655,32.9%,95134
1656,32.5%,94108
1657,32.5%,95212
1658,32.5%,93616
1659,32.1%,94538
1660,32.0%,90013
1661,31.9%,94612
1662,31.7%,90015
1663,31.7%,95121
1664,31.1%,90248
1665,31.0%,95014
1666,30.8%,92059
1667,30.6%,90017
1668,30.6%,94112
1669,30.3%,94603
1670,29.7%,91007
1671,29.4%,90044
1672,29.3%,90011
1673,29.3%,95129
1674,28.9%,96136
1675,28.9%,95054
1676,28.8%,90007
1677,28.5%,90012
1678,28.5%,90016
1679,28.0%,90302
1680,27.7%,94621
1681,27.4%,94605
1682,27.3%,91780
1683,27.2%,90303
1684,27.1%,94547
1685,27.1%,92844
1686,27.1%,91792
1687,27.0%,90249
1688,26.4%,95637
1689,26.4%,91803
1690,26.3%,91789
1691,25.6%,96126
1692,25.5%,94607
1693,25.1%,94014
1694,25.0%,94964
1695,25.0%,90020
1696,24.7%,94606
1697,24.1%,91748
1698,24.1%,90247
1699,23.6%,95133
1700,23.5%,90703
1701,23.4%,92114
1702,23.2%,90057
1703,22.9%,91801
1704,22.9%,94015
1705,22.9%,91770
1706,22.4%,90003
1707,21.9%,95132
1708,21.5%,95148
1709,21.2%,94587
1710,21.0%,94555
1711,20.3%,90018
1712,20.3%,95035
1713,20.2%,94134
1714,20.1%,91754
1715,20.1%,90037
1716,19.7%,90010
1717,19.6%,90005
1718,19.3%,94539
1719,18.1%,90006
1720,17.7%,91776
1721,17.1%,91755
1722,17.0%,90746
1723,16.9%,90043
1724,16.2%,94124
1725,16.1%,90047
1726,16.0%,90062
1727,15.8%,95131
1728,13.3%,95546
1729,12.2%,90008
1730,12.0%,90056
1731,11.8%,95981
1732,9.7%,90305
