zip,Average Education Index 2000,Average Education Index 2014,Index Change
94305,17.76,17.69,-0.07000000000000028
95041,17.12,15.65,-1.4700000000000006
94708,17.01,17.12,0.10999999999999943
94304,17.0,17.02,0.019999999999999574
94707,16.83,17.15,0.3200000000000003
94028,16.83,16.76,-0.06999999999999673
94709,16.61,16.83,0.21999999999999886
94705,16.59,16.66,0.07000000000000028
94301,16.59,17.07,0.4800000000000004
95064,16.51,16.77,0.259999999999998
94027,16.36,16.76,0.40000000000000213
90743,16.33,15.49,-0.8399999999999981
95618,16.33,16.21,-0.11999999999999744
94618,16.33,16.69,0.360000000000003
94022,16.32,16.99,0.6699999999999982
94306,16.31,16.62,0.3100000000000023
94563,16.3,16.37,0.07000000000000028
92130,16.27,16.66,0.39000000000000057
92121,16.26,16.53,0.2699999999999996
92091,16.26,15.95,-0.3100000000000023
92014,16.24,16.39,0.15000000000000213
94024,16.23,16.8,0.5700000000000003
90077,16.18,16.62,0.4400000000000013
90272,16.17,16.53,0.35999999999999943
92657,16.16,16.2,0.03999999999999915
94941,16.14,16.32,0.17999999999999972
94920,16.14,16.32,0.17999999999999972
90402,16.13,16.42,0.2900000000000027
95497,16.12,16.37,0.25
95616,16.05,16.31,0.259999999999998
92037,16.04,16.57,0.5300000000000011
90049,16.03,16.44,0.41000000000000014
91108,16.03,16.04,0.00999999999999801
94123,16.01,16.19,0.17999999999999972
94704,16.01,15.92,-0.09000000000000163
92612,16.0,15.62,-0.3800000000000008
95030,16.0,16.3,0.3000000000000007
95070,15.99,16.59,0.5999999999999996
94939,15.94,15.82,-0.11999999999999922
94556,15.9,16.39,0.4900000000000002
94129,15.89,16.91,1.0199999999999996
92602,15.89,15.56,-0.33000000000000007
92122,15.88,16.33,0.4499999999999975
90274,15.88,16.23,0.34999999999999964
94065,15.86,16.24,0.379999999999999
90266,15.86,16.17,0.3100000000000023
90024,15.86,16.19,0.33000000000000185
94611,15.85,16.22,0.3699999999999992
94549,15.85,16.22,0.3699999999999992
95014,15.82,16.46,0.6400000000000006
92067,15.81,16.51,0.7000000000000011
93953,15.81,15.96,0.15000000000000036
93634,15.79,14.14,-1.6499999999999986
94904,15.77,15.97,0.20000000000000107
91011,15.75,16.26,0.5100000000000016
90254,15.75,15.92,0.16999999999999993
94114,15.72,16.48,0.7599999999999998
92131,15.72,15.91,0.1899999999999995
92625,15.71,15.88,0.16999999999999993
93108,15.7,16.01,0.3100000000000023
94507,15.7,15.99,0.2900000000000009
94506,15.66,16.07,0.41000000000000014
90290,15.64,15.54,-0.10000000000000142
94706,15.61,16.34,0.7300000000000004
92660,15.6,15.76,0.16000000000000014
94130,15.58,13.85,-1.7300000000000004
95120,15.58,15.81,0.23000000000000043
94965,15.57,15.69,0.11999999999999922
94105,15.57,16.83,1.259999999999998
94960,15.57,15.87,0.29999999999999893
90293,15.55,15.5,-0.05000000000000071
91105,15.55,16.19,0.6400000000000006
90265,15.54,15.58,0.040000000000000924
94970,15.53,16.47,0.9399999999999995
94598,15.5,15.87,0.3699999999999992
92662,15.49,15.69,0.1999999999999993
90403,15.49,16.2,0.7099999999999991
90292,15.46,15.94,0.47999999999999865
94925,15.46,15.51,0.049999999999998934
94117,15.45,15.95,0.5
94131,15.45,15.96,0.5100000000000016
90275,15.45,15.89,0.4400000000000013
95033,15.45,15.82,0.370000000000001
92614,15.44,15.64,0.20000000000000107
92861,15.43,15.4,-0.02999999999999936
90212,15.42,16.02,0.5999999999999996
94404,15.42,15.73,0.3100000000000005
93921,15.41,15.41,0.0
94963,15.41,16.29,0.879999999999999
92651,15.41,15.93,0.5199999999999996
91436,15.41,15.85,0.4399999999999995
91302,15.39,15.95,0.5599999999999987
92782,15.39,15.68,0.28999999999999915
95410,15.39,14.21,-1.1799999999999997
94610,15.36,16.03,0.6700000000000017
95032,15.35,15.88,0.5300000000000011
94526,15.33,15.57,0.2400000000000002
95524,15.33,15.14,-0.1899999999999995
92661,15.32,15.87,0.5499999999999989
90803,15.31,15.64,0.33000000000000007
91030,15.29,15.6,0.3100000000000005
94087,15.29,15.99,0.7000000000000011
92620,15.29,15.72,0.4300000000000015
94539,15.28,16.05,0.7700000000000014
93923,15.27,15.67,0.40000000000000036
92075,15.27,15.19,-0.08000000000000007
94025,15.26,15.99,0.7300000000000004
90056,15.24,15.47,0.23000000000000043
95129,15.21,15.84,0.629999999999999
90405,15.21,15.73,0.5199999999999996
94530,15.21,15.46,0.25
94933,15.2,15.07,-0.129999999999999
91361,15.2,15.5,0.3000000000000007
93645,15.19,12.46,-2.7299999999999986
92679,15.19,15.45,0.2599999999999998
90036,15.19,15.61,0.41999999999999993
94929,15.19,14.95,-0.2400000000000002
94956,15.17,14.66,-0.5099999999999998
91377,15.17,15.62,0.4499999999999993
91711,15.17,15.44,0.2699999999999996
92009,15.16,15.58,0.41999999999999993
92118,15.16,15.77,0.6099999999999994
94020,15.15,15.28,0.129999999999999
94010,15.14,15.71,0.5700000000000003
94502,15.14,15.62,0.47999999999999865
92606,15.13,15.53,0.3999999999999986
94037,15.11,14.91,-0.1999999999999993
90742,15.11,15.16,0.05000000000000071
94583,15.1,15.39,0.2900000000000009
94596,15.1,15.47,0.370000000000001
94924,15.1,15.44,0.33999999999999986
94703,15.1,15.57,0.47000000000000064
95762,15.09,15.16,0.07000000000000028
94062,15.09,15.42,0.33000000000000007
91604,15.08,15.48,0.40000000000000036
90068,15.08,15.69,0.6099999999999994
90277,15.06,15.64,0.5800000000000001
94973,15.06,15.94,0.879999999999999
94950,15.05,14.32,-0.7300000000000004
94002,15.05,15.46,0.41000000000000014
91024,15.05,15.73,0.6799999999999997
95746,15.05,15.25,0.1999999999999993
92887,15.04,15.26,0.22000000000000064
94127,15.04,15.85,0.8100000000000005
94040,15.04,15.97,0.9300000000000015
95456,15.04,14.4,-0.6399999999999988
94115,15.04,15.62,0.5800000000000001
90210,15.03,15.45,0.41999999999999993
91364,15.03,15.0,-0.02999999999999936
92128,15.01,15.42,0.41000000000000014
92127,15.01,15.89,0.8800000000000008
92663,14.99,15.46,0.47000000000000064
91301,14.99,15.13,0.14000000000000057
94930,14.98,15.62,0.6399999999999988
94111,14.98,15.11,0.129999999999999
92610,14.98,15.5,0.5199999999999996
90069,14.98,15.46,0.4800000000000004
94552,14.97,15.18,0.20999999999999908
91403,14.96,15.47,0.5099999999999998
94070,14.96,15.66,0.6999999999999993
92129,14.95,15.27,0.3200000000000003
94588,14.94,15.47,0.5300000000000011
92109,14.94,15.49,0.5500000000000007
94508,14.94,14.85,-0.08999999999999986
94576,14.94,13.91,-1.0299999999999994
93109,14.93,15.69,0.7599999999999998
94107,14.93,15.86,0.9299999999999997
94402,14.93,15.45,0.5199999999999996
92108,14.93,15.28,0.34999999999999964
93924,14.92,14.89,-0.02999999999999936
92604,14.92,15.22,0.3000000000000007
92106,14.92,15.21,0.2900000000000009
95318,14.91,15.23,0.3200000000000003
95765,14.91,14.85,-0.0600000000000005
94595,14.91,15.51,0.5999999999999996
95864,14.9,15.42,0.5199999999999996
92677,14.9,15.23,0.33000000000000007
90025,14.89,15.44,0.5499999999999989
95819,14.89,15.7,0.8099999999999987
92103,14.89,15.49,0.5999999999999996
95432,14.89,15.08,0.1899999999999995
90064,14.88,15.68,0.7999999999999989
92124,14.88,14.98,0.09999999999999964
90211,14.88,15.3,0.41999999999999993
94043,14.88,15.52,0.6399999999999988
96146,14.88,15.28,0.3999999999999986
92656,14.87,15.18,0.3100000000000005
95003,14.87,15.09,0.22000000000000064
92808,14.87,15.42,0.5500000000000007
92321,14.86,14.19,-0.6699999999999999
91208,14.86,14.98,0.120000000000001
91106,14.84,15.21,0.370000000000001
95463,14.84,19.0,4.16
94041,14.83,15.46,0.6300000000000008
94118,14.82,15.37,0.5499999999999989
95135,14.82,15.44,0.6199999999999992
92007,14.82,15.31,0.4900000000000002
94586,14.82,14.65,-0.16999999999999993
91362,14.81,15.15,0.33999999999999986
92518,14.81,14.09,-0.7200000000000006
91326,14.81,15.01,0.1999999999999993
93603,14.8,12.41,-2.3900000000000006
92024,14.8,15.18,0.379999999999999
95452,14.79,14.58,-0.20999999999999908
93105,14.78,15.29,0.5099999999999998
93424,14.77,15.3,0.5300000000000011
94517,14.77,14.89,0.120000000000001
91354,14.77,15.04,0.2699999999999996
91914,14.77,14.66,-0.10999999999999943
93720,14.75,14.57,-0.17999999999999972
90067,14.75,15.23,0.4800000000000004
92373,14.75,15.0,0.25
93262,14.75,11.41,-3.34
91784,14.75,14.65,-0.09999999999999964
91381,14.75,14.99,0.2400000000000002
95138,14.73,15.13,0.40000000000000036
92692,14.73,15.0,0.2699999999999996
91423,14.73,15.24,0.5099999999999998
96140,14.71,14.68,-0.030000000000001137
95460,14.7,14.96,0.26000000000000156
93908,14.7,14.61,-0.08999999999999986
94903,14.69,14.87,0.17999999999999972
93940,14.69,15.01,0.3200000000000003
91207,14.68,15.05,0.370000000000001
95233,14.67,13.28,-1.3900000000000006
94086,14.67,15.36,0.6899999999999995
91367,14.67,15.12,0.4499999999999993
93950,14.66,15.05,0.39000000000000057
94946,14.66,14.8,0.14000000000000057
92835,14.66,15.01,0.34999999999999964
92673,14.65,15.24,0.5899999999999999
94566,14.65,15.22,0.5700000000000003
92333,14.65,13.78,-0.870000000000001
93711,14.65,14.49,-0.16000000000000014
92694,14.65,15.79,1.1399999999999988
93529,14.65,14.2,-0.45000000000000107
94923,14.64,14.96,0.3200000000000003
95831,14.64,14.61,-0.030000000000001137
92688,14.63,14.88,0.25
91602,14.63,14.95,0.3199999999999985
95066,14.63,14.98,0.34999999999999964
94555,14.63,15.1,0.46999999999999886
95549,14.62,14.2,-0.41999999999999993
90048,14.61,15.62,1.0099999999999998
95683,14.61,14.71,0.10000000000000142
90046,14.6,15.16,0.5600000000000005
92107,14.59,15.26,0.6699999999999999
92210,14.56,15.25,0.6899999999999995
91759,14.56,15.27,0.7099999999999991
93437,14.54,14.23,-0.3099999999999987
90035,14.54,15.29,0.75
92629,14.54,15.1,0.5600000000000005
96145,14.54,14.72,0.1800000000000015
94937,14.54,15.11,0.5700000000000003
90401,14.53,15.4,0.870000000000001
95134,14.52,15.88,1.3600000000000012
92649,14.52,14.8,0.28000000000000114
96141,14.51,14.81,0.3000000000000007
90505,14.51,14.85,0.33999999999999986
95816,14.5,15.1,0.5999999999999996
92120,14.5,14.8,0.3000000000000007
92354,14.5,14.67,0.16999999999999993
94938,14.49,15.32,0.8300000000000001
94523,14.49,15.03,0.5399999999999991
91355,14.48,14.61,0.129999999999999
95054,14.48,15.68,1.1999999999999993
95465,14.47,15.18,0.7099999999999991
94109,14.47,15.18,0.7099999999999991
94038,14.47,13.83,-0.6400000000000006
93401,14.47,15.0,0.5299999999999994
90245,14.47,14.81,0.33999999999999986
93531,14.46,15.14,0.6799999999999997
91101,14.46,15.28,0.8199999999999985
90278,14.45,15.07,0.620000000000001
91915,14.45,14.51,0.0600000000000005
95060,14.44,14.86,0.41999999999999993
93012,14.44,15.05,0.6100000000000012
95018,14.43,14.63,0.20000000000000107
94542,14.43,14.39,-0.03999999999999915
92648,14.42,14.67,0.25
90503,14.42,14.82,0.40000000000000036
92676,14.42,14.86,0.4399999999999995
90045,14.42,15.11,0.6899999999999995
95065,14.41,14.8,0.39000000000000057
90815,14.41,14.74,0.33000000000000007
92064,14.41,14.73,0.3200000000000003
92618,14.4,15.78,1.379999999999999
90814,14.4,14.95,0.5499999999999989
90703,14.4,14.71,0.3100000000000005
91765,14.4,14.63,0.23000000000000043
94132,14.4,14.36,-0.040000000000000924
95427,14.39,13.3,-1.0899999999999999
92119,14.39,14.94,0.5499999999999989
94949,14.39,14.96,0.5700000000000003
95628,14.39,14.47,0.08000000000000007
92886,14.38,14.93,0.5499999999999989
94005,14.38,14.51,0.129999999999999
95758,14.37,14.06,-0.3099999999999987
95450,14.37,14.21,-0.15999999999999837
93402,14.37,14.54,0.16999999999999993
93920,14.36,14.66,0.3000000000000007
95051,14.36,15.23,0.870000000000001
92549,14.36,14.59,0.23000000000000043
95006,14.36,14.47,0.11000000000000121
91006,14.35,14.74,0.39000000000000057
95005,14.35,14.65,0.3000000000000007
91107,14.34,14.93,0.5899999999999999
95722,14.34,14.48,0.14000000000000057
94951,14.34,14.26,-0.08000000000000007
90720,14.33,14.89,0.5600000000000005
93110,14.33,14.63,0.3000000000000007
93311,14.33,14.23,-0.09999999999999964
91320,14.32,14.8,0.4800000000000004
93111,14.32,14.66,0.33999999999999986
91214,14.32,14.94,0.6199999999999992
92691,14.32,14.45,0.129999999999999
93449,14.31,14.57,0.2599999999999998
92646,14.31,14.68,0.3699999999999992
90291,14.3,15.26,0.9599999999999991
91316,14.29,14.92,0.6300000000000008
92352,14.29,14.61,0.3200000000000003
93441,14.28,15.14,0.8600000000000012
92110,14.28,14.78,0.5
95008,14.27,14.72,0.45000000000000107
95010,14.27,14.41,0.14000000000000057
95405,14.27,14.65,0.3800000000000008
91356,14.27,14.6,0.33000000000000007
92029,14.27,14.25,-0.019999999999999574
91902,14.27,14.28,0.009999999999999787
92270,14.26,14.77,0.5099999999999998
91307,14.26,14.75,0.4900000000000002
94510,14.25,14.71,0.46000000000000085
95073,14.25,14.61,0.35999999999999943
94403,14.24,14.84,0.5999999999999996
94122,14.23,14.77,0.5399999999999991
92823,14.23,14.65,0.41999999999999993
94702,14.23,15.32,1.0899999999999999
92807,14.22,14.49,0.2699999999999996
94945,14.22,14.62,0.3999999999999986
91913,14.22,14.14,-0.08000000000000007
90740,14.21,14.85,0.6399999999999988
95959,14.21,14.66,0.4499999999999993
95570,14.21,14.86,0.6499999999999986
91007,14.21,14.54,0.3299999999999983
95409,14.21,14.83,0.6199999999999992
94947,14.2,14.48,0.28000000000000114
93067,14.2,15.62,1.42
93628,14.2,15.64,1.4400000000000013
95472,14.2,14.65,0.45000000000000107
91789,14.2,14.65,0.45000000000000107
95125,14.19,14.73,0.5400000000000009
93460,14.19,14.09,-0.09999999999999964
95747,14.19,14.67,0.4800000000000004
94121,14.19,14.62,0.4299999999999997
95219,14.19,14.46,0.27000000000000135
93428,14.18,14.72,0.5400000000000009
92211,14.18,14.49,0.3100000000000005
91741,14.18,14.62,0.4399999999999995
90808,14.17,14.58,0.41000000000000014
94710,14.17,14.83,0.6600000000000001
95436,14.16,14.24,0.08000000000000007
91360,14.16,14.32,0.16000000000000014
93430,14.16,14.42,0.2599999999999998
92060,14.16,15.5,1.3399999999999999
92008,14.16,14.59,0.4299999999999997
92506,14.15,14.46,0.3100000000000005
95672,14.15,14.82,0.6699999999999999
95661,14.14,14.48,0.33999999999999986
96142,14.14,13.85,-0.2900000000000009
91709,14.14,14.54,0.3999999999999986
92397,14.14,14.5,0.35999999999999943
91001,14.14,14.58,0.4399999999999995
90623,14.13,14.38,0.25
95521,14.13,14.7,0.5699999999999985
95663,14.13,14.43,0.29999999999999893
95131,14.13,14.64,0.5099999999999998
95130,14.13,14.75,0.6199999999999992
95124,14.12,14.76,0.6400000000000006
95139,14.12,14.6,0.4800000000000004
92310,14.12,14.41,0.2900000000000009
95926,14.11,14.42,0.3100000000000005
95946,14.11,14.4,0.2900000000000009
92653,14.1,14.47,0.370000000000001
94602,14.1,14.58,0.4800000000000004
95903,14.1,14.27,0.16999999999999993
95714,14.09,15.33,1.2400000000000002
91935,14.09,13.86,-0.23000000000000043
94567,14.09,12.83,-1.2599999999999998
95837,14.09,15.37,1.2799999999999994
93604,14.08,14.25,0.16999999999999993
94547,14.07,14.46,0.39000000000000057
94501,14.06,14.54,0.47999999999999865
95630,14.06,14.61,0.5499999999999989
95608,14.05,14.36,0.3099999999999987
94901,14.05,14.09,0.03999999999999915
94044,14.05,14.55,0.5
95420,14.04,15.27,1.2300000000000004
92624,14.04,14.54,0.5
92305,14.03,14.62,0.5899999999999999
95825,14.03,13.83,-0.1999999999999993
94971,14.03,15.17,1.1400000000000006
94535,14.03,14.2,0.16999999999999993
90732,14.02,14.15,0.13000000000000078
94940,14.02,15.25,1.2300000000000004
91737,14.02,14.44,0.41999999999999993
96087,14.02,13.62,-0.40000000000000036
91775,14.01,14.37,0.35999999999999943
95682,14.0,14.06,0.0600000000000005
95140,14.0,15.18,1.1799999999999997
96119,14.0,9.34,-4.66
96161,14.0,14.61,0.6099999999999994
95136,14.0,14.28,0.27999999999999936
96103,13.99,14.48,0.4900000000000002
93523,13.99,14.21,0.22000000000000064
95614,13.98,14.58,0.5999999999999996
94536,13.98,14.38,0.40000000000000036
95677,13.98,14.1,0.11999999999999922
91941,13.98,14.53,0.5499999999999989
95119,13.97,14.22,0.25
90034,13.97,14.67,0.6999999999999993
92672,13.97,14.55,0.5800000000000001
91311,13.97,14.25,0.27999999999999936
92278,13.97,13.62,-0.3500000000000014
95936,13.97,14.43,0.4599999999999991
92708,13.97,14.11,0.1399999999999988
90232,13.97,14.66,0.6899999999999995
94550,13.96,14.52,0.5599999999999987
92630,13.96,14.22,0.2599999999999998
95062,13.95,14.49,0.5400000000000009
93010,13.95,14.2,0.25
92821,13.95,14.42,0.47000000000000064
91942,13.95,14.09,0.14000000000000057
95404,13.94,14.32,0.3800000000000008
93222,13.94,14.04,0.09999999999999964
95445,13.94,13.95,0.009999999999999787
95007,13.93,15.13,1.200000000000001
93463,13.93,14.35,0.41999999999999993
94521,13.93,14.37,0.4399999999999995
92592,13.93,14.22,0.2900000000000009
95462,13.93,14.38,0.45000000000000107
90807,13.93,14.27,0.33999999999999986
93611,13.92,14.01,0.08999999999999986
96124,13.92,12.43,-1.4900000000000002
91750,13.92,14.3,0.3800000000000008
91202,13.91,14.08,0.16999999999999993
91325,13.91,14.12,0.20999999999999908
93271,13.9,14.6,0.6999999999999993
93546,13.9,13.48,-0.41999999999999993
95818,13.9,14.91,1.0099999999999998
95589,13.9,13.27,-0.6300000000000008
94019,13.89,14.52,0.629999999999999
92126,13.89,14.44,0.5499999999999989
96073,13.89,14.46,0.5700000000000003
95426,13.89,14.17,0.27999999999999936
94116,13.89,14.11,0.21999999999999886
95050,13.88,14.31,0.4299999999999997
95938,13.88,14.24,0.35999999999999943
95587,13.88,14.84,0.9599999999999991
96067,13.87,14.63,0.7600000000000016
93117,13.87,14.35,0.4800000000000004
92705,13.87,14.11,0.2400000000000002
95720,13.87,13.26,-0.6099999999999994
93003,13.87,14.27,0.40000000000000036
95942,13.87,14.52,0.6500000000000004
90630,13.86,14.36,0.5
92626,13.85,14.33,0.4800000000000004
94518,13.85,14.1,0.25
94574,13.85,14.25,0.40000000000000036
95650,13.85,14.45,0.5999999999999996
90305,13.84,14.1,0.2599999999999998
92268,13.84,13.37,-0.47000000000000064
90230,13.84,14.56,0.7200000000000006
92123,13.84,14.26,0.41999999999999993
92561,13.84,14.34,0.5
95693,13.84,13.85,0.009999999999999787
92036,13.83,14.14,0.3100000000000005
94061,13.83,13.99,0.16000000000000014
94089,13.83,14.33,0.5
92845,13.83,14.08,0.25
95646,13.83,14.71,0.8800000000000008
95843,13.82,13.44,-0.3800000000000008
93442,13.82,14.43,0.6099999999999994
91501,13.81,14.21,0.40000000000000036
92116,13.81,14.86,1.049999999999999
90010,13.81,14.6,0.7899999999999991
95004,13.8,13.49,-0.3100000000000005
95446,13.8,14.57,0.7699999999999996
92339,13.8,14.69,0.8899999999999988
95728,13.8,15.07,1.2699999999999996
91607,13.8,14.47,0.6699999999999999
91739,13.79,14.38,0.5900000000000016
94553,13.79,14.0,0.21000000000000085
95651,13.79,14.05,0.26000000000000156
93023,13.79,14.13,0.34000000000000163
95247,13.78,14.23,0.45000000000000107
95826,13.78,13.98,0.20000000000000107
92313,13.78,13.55,-0.22999999999999865
91701,13.78,13.99,0.21000000000000085
95658,13.77,14.35,0.5800000000000001
92117,13.77,14.18,0.41000000000000014
95037,13.77,14.07,0.3000000000000007
94538,13.77,14.34,0.5700000000000003
95118,13.77,14.26,0.4900000000000002
93465,13.77,14.1,0.33000000000000007
91350,13.76,14.24,0.4800000000000004
94030,13.76,14.49,0.7300000000000004
90404,13.76,14.71,0.9500000000000011
91344,13.76,13.93,0.16999999999999993
94609,13.75,14.88,1.1300000000000008
92382,13.75,14.15,0.40000000000000036
92831,13.75,14.04,0.28999999999999915
93928,13.74,14.29,0.5499999999999989
92508,13.74,14.01,0.2699999999999996
95035,13.74,14.04,0.29999999999999893
94952,13.74,14.19,0.4499999999999993
93021,13.74,14.06,0.3200000000000003
95123,13.74,13.92,0.17999999999999972
93208,13.74,14.58,0.8399999999999999
91773,13.73,14.29,0.5599999999999987
96014,13.73,13.5,-0.23000000000000043
95325,13.73,17.25,3.5199999999999996
94514,13.72,12.96,-0.7599999999999998
94525,13.72,14.01,0.28999999999999915
94619,13.72,14.34,0.6199999999999992
95117,13.72,13.82,0.09999999999999964
91962,13.72,14.17,0.4499999999999993
94021,13.71,13.53,-0.1800000000000015
93420,13.71,14.35,0.6399999999999988
94569,13.71,13.07,-0.6400000000000006
92078,13.7,14.06,0.3600000000000012
94074,13.7,14.05,0.3500000000000014
95928,13.7,14.3,0.6000000000000014
95132,13.7,13.93,0.23000000000000043
95601,13.69,13.16,-0.5299999999999994
95962,13.69,15.14,1.450000000000001
93004,13.69,14.06,0.370000000000001
90066,13.69,14.6,0.9100000000000001
94568,13.69,14.79,1.0999999999999996
94015,13.68,13.85,0.16999999999999993
92003,13.68,14.05,0.370000000000001
94803,13.67,14.12,0.4499999999999993
92562,13.67,14.09,0.41999999999999993
92328,13.67,13.16,-0.5099999999999998
95709,13.67,13.83,0.16000000000000014
95835,13.67,14.39,0.7200000000000006
93453,13.67,13.53,-0.14000000000000057
92869,13.67,13.82,0.15000000000000036
91206,13.66,14.04,0.379999999999999
92056,13.66,13.92,0.2599999999999998
96132,13.66,12.67,-0.9900000000000002
95017,13.65,14.51,0.8599999999999994
95488,13.65,13.78,0.129999999999999
95476,13.64,13.76,0.11999999999999922
95223,13.64,14.21,0.5700000000000003
92260,13.64,13.97,0.33000000000000007
95542,13.64,13.05,-0.5899999999999999
92264,13.64,14.2,0.5599999999999987
95602,13.64,13.78,0.1399999999999988
93312,13.63,14.16,0.5299999999999994
95949,13.63,14.12,0.48999999999999844
95624,13.63,13.86,0.22999999999999865
95973,13.63,14.01,0.379999999999999
95662,13.62,13.86,0.2400000000000002
93551,13.62,13.76,0.14000000000000057
94546,13.61,14.0,0.39000000000000057
95829,13.61,13.55,-0.05999999999999872
96121,13.61,13.89,0.28000000000000114
95346,13.61,13.05,-0.5599999999999987
92881,13.6,13.85,0.25
91020,13.59,14.54,0.9499999999999993
91505,13.59,14.26,0.6699999999999999
95637,13.59,14.12,0.5299999999999994
92591,13.59,13.81,0.22000000000000064
95345,13.58,14.31,0.7300000000000004
95910,13.58,13.86,0.27999999999999936
95664,13.58,13.76,0.17999999999999972
93066,13.58,14.05,0.47000000000000064
92883,13.58,14.05,0.47000000000000064
92019,13.57,13.64,0.07000000000000028
95603,13.57,13.83,0.2599999999999998
96091,13.56,13.24,-0.3200000000000003
92341,13.56,15.38,1.8200000000000003
96037,13.56,13.37,-0.19000000000000128
93035,13.55,13.74,0.1899999999999995
94564,13.55,13.97,0.41999999999999993
93265,13.55,14.04,0.48999999999999844
95128,13.55,14.07,0.5199999999999996
95971,13.54,13.7,0.16000000000000014
95519,13.54,13.88,0.34000000000000163
90603,13.53,13.96,0.4300000000000015
95685,13.53,13.91,0.3800000000000008
93555,13.52,13.8,0.28000000000000114
93065,13.52,13.99,0.47000000000000064
94928,13.52,13.42,-0.09999999999999964
93623,13.52,11.66,-1.8599999999999994
94954,13.52,13.78,0.2599999999999998
92675,13.51,13.7,0.1899999999999995
95412,13.51,12.86,-0.6500000000000004
93455,13.5,13.77,0.2699999999999996
92870,13.5,13.76,0.2599999999999998
96133,13.49,13.14,-0.34999999999999964
95713,13.49,13.6,0.10999999999999943
95383,13.49,13.74,0.25
96107,13.49,13.52,0.02999999999999936
91504,13.49,13.91,0.41999999999999993
95670,13.49,13.8,0.3100000000000005
91748,13.48,13.7,0.21999999999999886
95545,13.48,12.93,-0.5500000000000007
95923,13.48,16.92,3.4400000000000013
95568,13.48,13.82,0.33999999999999986
91901,13.48,13.8,0.3200000000000003
95638,13.48,12.91,-0.5700000000000003
94805,13.48,13.79,0.3099999999999987
92253,13.48,14.12,0.6399999999999988
94591,13.47,13.77,0.29999999999999893
93528,13.46,12.38,-1.08
92647,13.46,13.82,0.35999999999999943
92358,13.46,13.34,-0.120000000000001
95665,13.46,13.54,0.0799999999999983
95703,13.45,13.93,0.4800000000000004
95126,13.45,14.24,0.7900000000000009
95448,13.45,13.99,0.5400000000000009
94972,13.45,14.0,0.5500000000000007
95715,13.44,13.01,-0.4299999999999997
95536,13.44,13.71,0.27000000000000135
93432,13.43,13.71,0.28000000000000114
93422,13.43,13.93,0.5
96063,13.43,15.09,1.6600000000000001
96120,13.43,13.87,0.4399999999999995
92555,13.43,13.23,-0.1999999999999993
91506,13.42,14.14,0.7200000000000006
95421,13.42,14.32,0.9000000000000004
95689,13.42,13.69,0.2699999999999996
94585,13.42,13.35,-0.07000000000000028
95669,13.42,13.45,0.02999999999999936
90504,13.41,14.0,0.5899999999999999
91351,13.41,13.24,-0.16999999999999993
93704,13.41,13.66,0.25
96096,13.41,13.91,0.5
95678,13.41,13.87,0.4599999999999991
96001,13.41,13.84,0.4299999999999997
91780,13.4,13.83,0.4299999999999997
92065,13.4,13.3,-0.09999999999999964
92342,13.4,13.72,0.3200000000000003
95321,13.4,13.55,0.15000000000000036
95633,13.39,13.64,0.25
94599,13.39,14.43,1.0399999999999991
95610,13.39,13.37,-0.02000000000000135
95688,13.39,13.64,0.25
95684,13.39,13.46,0.07000000000000028
93063,13.38,13.94,0.5599999999999987
90713,13.38,13.79,0.40999999999999837
95821,13.38,13.59,0.20999999999999908
95558,13.38,14.62,1.2399999999999984
93710,13.38,13.45,0.06999999999999851
91745,13.38,13.69,0.3099999999999987
95944,13.38,12.0,-1.3800000000000008
95636,13.38,13.98,0.5999999999999996
92101,13.37,14.84,1.4700000000000006
90027,13.37,14.44,1.0700000000000003
95667,13.37,13.83,0.46000000000000085
93664,13.37,14.46,1.0900000000000016
95492,13.37,13.64,0.27000000000000135
96126,13.37,11.36,-2.01
95403,13.36,13.44,0.08000000000000007
95356,13.36,13.74,0.3800000000000008
91040,13.36,13.63,0.27000000000000135
96106,13.35,15.5,2.1500000000000004
94066,13.35,13.88,0.5300000000000011
95251,13.35,13.15,-0.1999999999999993
95469,13.35,13.39,0.040000000000000924
95726,13.35,13.61,0.2599999999999998
93605,13.34,14.27,0.9299999999999997
90638,13.33,13.76,0.4299999999999997
92587,13.33,13.32,-0.009999999999999787
94931,13.33,14.02,0.6899999999999995
93962,13.33,14.14,0.8100000000000005
96027,13.32,13.38,0.0600000000000005
93651,13.32,14.45,1.129999999999999
96114,13.32,13.61,0.28999999999999915
92865,13.32,13.88,0.5600000000000005
93013,13.32,13.47,0.15000000000000036
92028,13.32,13.32,0.0
91978,13.32,13.62,0.29999999999999893
95503,13.31,13.63,0.3200000000000003
96008,13.31,12.23,-1.08
92325,13.3,13.53,0.22999999999999865
95833,13.3,13.44,0.1399999999999988
92867,13.3,13.64,0.33999999999999986
93541,13.3,16.36,3.0599999999999987
96150,13.29,13.51,0.22000000000000064
95148,13.29,13.68,0.39000000000000057
92071,13.29,13.74,0.45000000000000107
93644,13.28,13.6,0.3200000000000003
92374,13.28,13.64,0.3600000000000012
94587,13.27,13.69,0.41999999999999993
90041,13.27,14.2,0.9299999999999997
94558,13.27,13.44,0.16999999999999993
94519,13.27,13.64,0.370000000000001
94608,13.27,14.97,1.700000000000001
92315,13.26,13.32,0.0600000000000005
91724,13.26,13.66,0.40000000000000036
95642,13.26,13.51,0.25
95945,13.25,13.93,0.6799999999999997
94303,13.25,14.16,0.9100000000000001
92082,13.25,13.33,0.08000000000000007
91324,13.24,13.84,0.5999999999999996
93614,13.24,13.77,0.5299999999999994
93527,13.24,13.41,0.16999999999999993
95956,13.24,14.67,1.4299999999999997
94515,13.24,13.44,0.1999999999999993
93601,13.24,13.47,0.23000000000000043
95525,13.24,13.95,0.7099999999999991
95827,13.24,13.54,0.29999999999999893
93022,13.24,13.61,0.3699999999999992
95560,13.24,13.42,0.17999999999999972
95553,13.24,14.99,1.75
90712,13.23,13.7,0.46999999999999886
93103,13.23,13.38,0.15000000000000036
95306,13.23,13.53,0.29999999999999893
96062,13.23,13.77,0.5399999999999991
90008,13.22,13.38,0.16000000000000014
96136,13.22,14.27,1.049999999999999
95977,13.22,13.6,0.379999999999999
92833,13.22,13.84,0.6199999999999992
93532,13.22,13.87,0.6499999999999986
94110,13.22,14.51,1.2899999999999991
95468,13.22,14.15,0.9299999999999997
91791,13.22,13.57,0.34999999999999964
95370,13.2,13.67,0.47000000000000064
95547,13.2,13.84,0.6400000000000006
95969,13.2,13.67,0.47000000000000064
96069,13.2,13.28,0.08000000000000007
95986,13.19,8.0,-5.1899999999999995
95935,13.19,12.61,-0.5800000000000001
92384,13.18,12.71,-0.46999999999999886
93510,13.18,13.62,0.4399999999999995
96032,13.18,13.75,0.5700000000000003
93309,13.18,12.94,-0.2400000000000002
91910,13.17,13.13,-0.03999999999999915
93667,13.17,12.99,-0.17999999999999972
96094,13.17,13.89,0.7200000000000006
96020,13.17,13.61,0.4399999999999995
95246,13.17,13.5,0.33000000000000007
95242,13.17,13.64,0.47000000000000064
95338,13.17,13.45,0.27999999999999936
95442,13.15,14.33,1.1799999999999997
91792,13.15,13.36,0.20999999999999908
93001,13.15,13.52,0.3699999999999992
95918,13.15,14.1,0.9499999999999993
95461,13.14,14.06,0.9199999999999999
95228,13.14,13.74,0.5999999999999996
95212,13.14,12.95,-0.19000000000000128
96115,13.13,13.65,0.5199999999999996
95621,13.13,13.31,0.17999999999999972
95701,13.13,14.13,1.0
93643,13.13,13.7,0.5699999999999985
96016,13.13,13.02,-0.11000000000000121
95417,13.13,14.03,0.8999999999999986
92057,13.13,13.35,0.21999999999999886
96137,13.12,13.96,0.8400000000000016
94605,13.12,13.6,0.4800000000000004
92111,13.12,13.63,0.5100000000000016
93277,13.12,13.31,0.19000000000000128
95310,13.12,13.7,0.5800000000000001
95443,13.12,13.57,0.45000000000000107
95382,13.11,13.68,0.5700000000000003
92584,13.11,13.53,0.41999999999999993
92386,13.11,14.02,0.9100000000000001
95659,13.11,13.37,0.2599999999999998
90601,13.11,13.4,0.2900000000000009
95573,13.1,14.24,1.1400000000000006
96015,13.1,12.98,-0.11999999999999922
95623,13.1,13.51,0.41000000000000014
95258,13.1,14.14,1.040000000000001
92026,13.1,13.2,0.09999999999999964
92866,13.1,13.22,0.120000000000001
92115,13.09,13.34,0.25
96003,13.09,13.6,0.5099999999999998
95227,13.09,14.23,1.1400000000000006
90039,13.08,14.19,1.1099999999999994
96128,13.08,13.35,0.2699999999999996
96046,13.08,12.32,-0.7599999999999998
94577,13.08,13.43,0.34999999999999964
92256,13.08,13.09,0.009999999999999787
94509,13.07,12.78,-0.2900000000000009
95983,13.07,13.96,0.8900000000000006
95389,13.06,13.65,0.5899999999999999
92139,13.06,13.1,0.03999999999999915
92307,13.06,13.31,0.25
91016,13.06,13.87,0.8099999999999987
96093,13.06,13.6,0.5399999999999991
93433,13.06,13.16,0.09999999999999964
92563,13.05,13.85,0.7999999999999989
93536,13.05,13.26,0.20999999999999908
95606,13.05,11.33,-1.7200000000000006
93907,13.05,12.96,-0.08999999999999986
93427,13.05,13.73,0.6799999999999997
95960,13.05,12.8,-0.25
90746,13.04,13.7,0.6600000000000001
96024,13.04,14.19,1.1500000000000004
96051,13.04,13.66,0.620000000000001
93512,13.04,13.53,0.4900000000000002
95245,13.04,13.87,0.8300000000000001
95631,13.03,13.72,0.6900000000000013
92104,13.03,14.25,1.2200000000000006
93514,13.03,13.46,0.4300000000000015
93225,13.03,13.52,0.4900000000000002
91104,13.03,13.84,0.8100000000000005
94533,13.03,12.72,-0.3099999999999987
92086,13.03,13.41,0.3800000000000008
93426,13.03,13.29,0.2599999999999998
96097,13.02,13.11,0.08999999999999986
94513,13.02,13.78,0.7599999999999998
91916,13.02,13.51,0.4900000000000002
95841,13.01,13.06,0.05000000000000071
93101,13.01,13.21,0.20000000000000107
95222,13.01,13.71,0.7000000000000011
93933,13.01,13.51,0.5
92880,13.01,13.79,0.7799999999999994
93526,13.01,13.64,0.6300000000000008
95355,13.0,13.38,0.3800000000000008
95209,13.0,13.55,0.5500000000000007
92262,12.99,13.69,0.6999999999999993
95687,12.99,13.44,0.4499999999999993
92557,12.99,12.81,-0.17999999999999972
95834,12.99,13.88,0.8900000000000006
94560,12.98,13.54,0.5599999999999987
93226,12.98,13.44,0.4599999999999991
94401,12.98,13.36,0.379999999999999
91740,12.98,13.35,0.3699999999999992
91304,12.97,13.25,0.27999999999999936
94922,12.97,11.71,-1.2599999999999998
95556,12.97,14.23,1.2599999999999998
96125,12.97,14.69,1.7199999999999989
96076,12.97,13.12,0.14999999999999858
93446,12.97,13.42,0.4499999999999993
92314,12.97,13.01,0.03999999999999915
92040,12.96,13.35,0.3899999999999988
95249,12.96,13.63,0.6699999999999999
93563,12.96,13.05,0.08999999999999986
90717,12.95,13.37,0.41999999999999993
95401,12.95,12.97,0.02000000000000135
95634,12.95,13.36,0.41000000000000014
92536,12.95,12.9,-0.049999999999998934
94133,12.95,13.78,0.8300000000000001
94102,12.95,13.71,0.7600000000000016
94080,12.95,13.45,0.5
95922,12.95,13.44,0.4900000000000002
95335,12.94,13.89,0.9500000000000011
96048,12.94,13.15,0.21000000000000085
94572,12.94,13.3,0.3600000000000012
93553,12.94,13.14,0.20000000000000107
92359,12.94,13.27,0.33000000000000007
96017,12.93,13.46,0.5300000000000011
91801,12.92,13.48,0.5600000000000005
95501,12.92,13.52,0.5999999999999996
95666,12.92,13.72,0.8000000000000007
95954,12.91,13.19,0.27999999999999936
95975,12.91,13.4,0.4900000000000002
96002,12.91,13.33,0.41999999999999993
93444,12.91,13.79,0.879999999999999
96028,12.91,13.12,0.20999999999999908
93405,12.9,13.77,0.8699999999999992
95585,12.9,13.8,0.9000000000000004
96050,12.9,13.48,0.5800000000000001
91723,12.9,13.32,0.41999999999999993
92780,12.9,13.15,0.25
95490,12.89,13.1,0.20999999999999908
94571,12.89,13.68,0.7899999999999991
90240,12.89,12.9,0.009999999999999787
95466,12.89,13.13,0.2400000000000002
95311,12.88,12.71,-0.16999999999999993
92061,12.88,13.55,0.6699999999999999
94579,12.88,12.99,0.10999999999999943
94559,12.88,13.29,0.40999999999999837
95437,12.88,13.46,0.5800000000000001
95842,12.86,12.86,0.0
92020,12.85,13.02,0.16999999999999993
95629,12.85,12.88,0.030000000000001137
95470,12.85,13.38,0.5300000000000011
96057,12.84,13.74,0.9000000000000004
91203,12.84,13.29,0.4499999999999993
92320,12.84,13.05,0.21000000000000085
91042,12.84,13.33,0.4900000000000002
93505,12.84,12.68,-0.16000000000000014
95648,12.84,14.17,1.33
95366,12.84,13.71,0.870000000000001
92083,12.84,12.02,-0.8200000000000003
96047,12.83,13.22,0.39000000000000057
91754,12.83,13.28,0.4499999999999993
90715,12.83,13.04,0.20999999999999908
90802,12.83,13.94,1.1099999999999994
92532,12.83,13.5,0.6699999999999999
91786,12.82,13.41,0.5899999999999999
95451,12.82,13.18,0.35999999999999943
95981,12.82,14.0,1.1799999999999997
95329,12.82,13.04,0.21999999999999886
92004,12.82,12.91,0.08999999999999986
91321,12.82,13.0,0.17999999999999972
93932,12.82,14.25,1.4299999999999997
95133,12.82,13.22,0.40000000000000036
95914,12.82,12.46,-0.35999999999999943
95635,12.82,13.85,1.0299999999999994
95204,12.82,12.95,0.129999999999999
94103,12.81,13.77,0.9599999999999991
93244,12.81,13.24,0.4299999999999997
93440,12.81,13.74,0.9299999999999997
93207,12.81,13.77,0.9599999999999991
95252,12.81,13.32,0.5099999999999998
95993,12.81,13.19,0.379999999999999
93517,12.8,12.81,0.009999999999999787
92346,12.8,12.9,0.09999999999999964
95379,12.8,13.52,0.7199999999999989
96084,12.8,13.59,0.7899999999999991
93669,12.8,13.2,0.3999999999999986
90620,12.79,13.41,0.620000000000001
92332,12.79,10.29,-2.5
96033,12.79,12.96,0.1700000000000017
91917,12.79,12.39,-0.3999999999999986
94014,12.79,13.14,0.3500000000000014
94545,12.78,13.28,0.5
91977,12.78,12.99,0.21000000000000085
92627,12.78,13.46,0.6800000000000015
95459,12.77,13.55,0.7800000000000011
95236,12.77,13.6,0.8300000000000001
91730,12.77,13.68,0.9100000000000001
90020,12.77,13.38,0.6100000000000012
92084,12.77,12.56,-0.20999999999999908
92399,12.77,13.32,0.5500000000000007
95429,12.76,12.74,-0.019999999999999574
96065,12.76,13.15,0.39000000000000057
96088,12.76,13.73,0.9700000000000006
92882,12.76,13.12,0.35999999999999943
95045,12.76,13.5,0.7400000000000002
94804,12.76,12.84,0.08000000000000007
95563,12.76,13.72,0.9600000000000009
93436,12.76,12.75,-0.009999999999999787
96112,12.75,12.98,0.23000000000000043
90631,12.75,13.18,0.4299999999999997
95814,12.75,13.6,0.8499999999999996
92070,12.75,12.9,0.15000000000000036
93561,12.75,13.0,0.25
94561,12.75,12.88,0.13000000000000078
95625,12.75,13.12,0.3699999999999992
91945,12.75,12.65,-0.09999999999999964
96104,12.74,13.89,1.1500000000000004
95540,12.73,13.15,0.41999999999999993
93602,12.73,13.54,0.8099999999999987
95694,12.72,13.18,0.4599999999999991
95551,12.72,13.26,0.5399999999999991
92054,12.71,13.14,0.4299999999999997
93238,12.71,13.8,1.0899999999999999
92372,12.71,12.44,-0.27000000000000135
95947,12.71,13.2,0.48999999999999844
96064,12.7,13.19,0.4900000000000002
91201,12.7,13.3,0.6000000000000014
95482,12.69,13.06,0.370000000000001
95675,12.69,14.0,1.3100000000000005
96025,12.69,13.37,0.6799999999999997
94578,12.68,12.75,0.07000000000000028
95453,12.68,13.26,0.5800000000000001
95372,12.68,13.75,1.0700000000000003
93612,12.68,12.82,0.14000000000000057
94580,12.68,12.94,0.2599999999999998
95207,12.68,12.96,0.28000000000000114
91384,12.67,13.11,0.4399999999999995
93292,12.67,12.8,0.13000000000000078
95941,12.67,11.52,-1.1500000000000004
94589,12.67,12.93,0.2599999999999998
95735,12.67,16.17,3.5000000000000018
96092,12.67,14.33,1.6600000000000001
95350,12.66,12.92,0.2599999999999998
91905,12.66,12.93,0.2699999999999996
92879,12.66,12.77,0.10999999999999943
90043,12.66,13.07,0.41000000000000014
95548,12.65,12.43,-0.22000000000000064
92069,12.65,12.82,0.16999999999999993
96130,12.65,12.45,-0.20000000000000107
91401,12.65,13.24,0.5899999999999999
96006,12.65,13.32,0.6699999999999999
93722,12.65,12.82,0.16999999999999993
92377,12.64,12.72,0.08000000000000007
93544,12.64,12.71,0.07000000000000028
96122,12.64,13.08,0.4399999999999995
95471,12.64,14.4,1.7599999999999998
92277,12.64,13.11,0.46999999999999886
95494,12.64,10.64,-2.0
93245,12.63,13.09,0.4599999999999991
96061,12.63,13.26,0.629999999999999
92544,12.63,12.66,0.02999999999999936
95454,12.62,12.98,0.3600000000000012
95376,12.62,12.68,0.0600000000000005
95527,12.62,12.99,0.370000000000001
91948,12.62,12.0,-0.6199999999999992
90704,12.61,12.58,-0.02999999999999936
92308,12.61,12.93,0.3200000000000003
95046,12.61,13.14,0.5300000000000011
93313,12.61,12.44,-0.16999999999999993
94060,12.61,11.98,-0.629999999999999
92027,12.6,12.43,-0.16999999999999993
96022,12.6,12.87,0.2699999999999996
95620,12.6,12.89,0.2900000000000009
92284,12.6,12.85,0.25
96143,12.6,13.01,0.41000000000000014
91306,12.6,12.58,-0.019999999999999574
92507,12.6,12.89,0.2900000000000009
95528,12.59,13.26,0.6699999999999999
94108,12.59,13.06,0.47000000000000064
95970,12.59,12.34,-0.25
93675,12.59,13.31,0.7200000000000006
93513,12.58,13.38,0.8000000000000007
95692,12.57,13.11,0.5399999999999991
92021,12.57,12.82,0.25
95982,12.57,13.5,0.9299999999999997
95493,12.57,12.16,-0.41000000000000014
94592,12.57,16.15,3.5799999999999983
96148,12.57,13.27,0.6999999999999993
90501,12.56,13.37,0.8099999999999987
90249,12.56,12.94,0.379999999999999
96086,12.56,13.51,0.9499999999999993
90028,12.56,13.73,1.17
93041,12.56,12.72,0.16000000000000014
93260,12.55,12.67,0.11999999999999922
96108,12.55,13.14,0.5899999999999999
96059,12.55,13.22,0.6699999999999999
94612,12.55,13.55,1.0
91906,12.55,12.91,0.35999999999999943
90502,12.55,13.41,0.8599999999999994
92806,12.55,12.88,0.33000000000000007
95830,12.55,13.9,1.3499999999999996
95316,12.54,12.8,0.26000000000000156
95828,12.54,12.17,-0.3699999999999992
95571,12.54,13.91,1.370000000000001
96052,12.53,13.04,0.5099999999999998
96040,12.52,12.13,-0.3899999999999988
92282,12.52,12.31,-0.20999999999999908
94590,12.52,13.05,0.5300000000000011
93534,12.52,12.47,-0.049999999999998934
96011,12.52,13.43,0.9100000000000001
92595,12.52,13.02,0.5
96034,12.51,12.73,0.22000000000000064
95695,12.51,12.97,0.46000000000000085
95550,12.51,14.88,2.370000000000001
91803,12.51,13.1,0.5899999999999999
95569,12.5,12.55,0.05000000000000071
96080,12.5,13.05,0.5500000000000007
95425,12.5,13.12,0.6199999999999992
95361,12.5,13.17,0.6699999999999999
95220,12.5,13.28,0.7799999999999994
95020,12.49,13.09,0.5999999999999996
95934,12.49,13.18,0.6899999999999995
91010,12.48,13.05,0.5700000000000003
93454,12.48,12.28,-0.20000000000000107
95559,12.48,10.66,-1.8200000000000003
95717,12.48,13.17,0.6899999999999995
92392,12.48,12.69,0.20999999999999908
95668,12.48,12.82,0.33999999999999986
93545,12.48,12.51,0.02999999999999936
95619,12.48,13.18,0.6999999999999993
95564,12.47,13.73,1.2599999999999998
94112,12.47,12.96,0.4900000000000002
95023,12.47,12.63,0.16000000000000014
95368,12.47,12.44,-0.030000000000001137
95674,12.46,13.17,0.7099999999999991
96101,12.46,13.1,0.6399999999999988
92364,12.46,14.0,1.5399999999999991
90710,12.46,13.07,0.6099999999999994
95817,12.46,13.48,1.0199999999999996
96117,12.45,13.67,1.2200000000000006
95230,12.44,12.07,-0.3699999999999992
95554,12.44,13.33,0.8900000000000006
95595,12.44,15.08,2.6400000000000006
96110,12.44,12.41,-0.02999999999999936
95552,12.44,13.84,1.4000000000000004
95822,12.43,12.92,0.4900000000000002
93530,12.43,16.94,4.510000000000002
95348,12.43,12.77,0.33999999999999986
95428,12.43,13.28,0.8499999999999996
92311,12.43,12.62,0.1899999999999995
95919,12.43,13.7,1.2699999999999996
90248,12.43,12.84,0.41000000000000014
96031,12.42,13.48,1.0600000000000005
92504,12.42,12.8,0.3800000000000008
94541,12.42,12.87,0.4499999999999993
95555,12.42,13.57,1.1500000000000004
95742,12.42,14.87,2.4499999999999993
93626,12.41,13.93,1.5199999999999996
91932,12.41,12.77,0.35999999999999943
95237,12.41,12.42,0.009999999999999787
92545,12.41,12.78,0.3699999999999992
93306,12.4,12.6,0.1999999999999993
91601,12.4,13.55,1.1500000000000004
93518,12.39,12.86,0.46999999999999886
95916,12.39,12.7,0.3099999999999987
92365,12.39,12.81,0.41999999999999993
92407,12.39,12.21,-0.17999999999999972
93631,12.39,13.07,0.6799999999999997
95607,12.39,13.22,0.8300000000000001
95121,12.39,12.86,0.46999999999999886
94511,12.38,12.95,0.5699999999999985
92066,12.38,12.74,0.35999999999999943
92114,12.38,12.55,0.16999999999999993
95336,12.38,12.59,0.20999999999999908
90621,12.38,13.16,0.7799999999999994
91790,12.37,12.81,0.4400000000000013
95626,12.37,12.63,0.26000000000000156
92683,12.37,12.62,0.25
92220,12.37,12.63,0.26000000000000156
95257,12.36,13.2,0.8399999999999999
96039,12.36,12.9,0.5400000000000009
92860,12.36,12.88,0.5200000000000014
95357,12.35,12.57,0.22000000000000064
90241,12.35,12.74,0.39000000000000057
91204,12.35,12.88,0.5300000000000011
91722,12.35,12.71,0.3600000000000012
92868,12.34,13.13,0.7900000000000009
91205,12.34,12.99,0.6500000000000004
91755,12.34,12.75,0.41000000000000014
93562,12.34,12.28,-0.0600000000000005
92394,12.34,12.01,-0.33000000000000007
95565,12.34,13.04,0.6999999999999993
92596,12.34,13.66,1.3200000000000003
92586,12.34,12.9,0.5600000000000005
92567,12.33,12.37,0.03999999999999915
90604,12.33,12.93,0.5999999999999996
94565,12.33,12.61,0.27999999999999936
93535,12.32,12.23,-0.08999999999999986
96055,12.32,12.71,0.39000000000000057
93221,12.32,12.73,0.41000000000000014
92252,12.32,13.19,0.8699999999999992
93451,12.31,12.84,0.5299999999999994
93560,12.31,12.44,0.129999999999999
95930,12.31,13.03,0.7199999999999989
95612,12.31,14.08,1.7699999999999996
96007,12.31,12.73,0.41999999999999993
93308,12.3,12.81,0.5099999999999998
96118,12.3,13.07,0.7699999999999996
96085,12.3,13.4,1.0999999999999996
90731,12.3,12.72,0.41999999999999993
95537,12.3,13.91,1.6099999999999994
95632,12.3,12.82,0.5199999999999996
91931,12.3,12.91,0.6099999999999994
92327,12.3,14.21,1.9100000000000001
92832,12.3,12.97,0.6699999999999999
95691,12.29,13.48,1.1900000000000013
95526,12.29,12.71,0.4200000000000017
95543,12.28,13.69,1.4100000000000001
95254,12.28,14.44,2.16
93726,12.28,12.45,0.16999999999999993
90804,12.28,12.89,0.6100000000000012
90822,12.28,13.35,1.0700000000000003
96044,12.28,13.13,0.8500000000000014
91335,12.27,12.6,0.33000000000000007
93653,12.27,13.3,1.0300000000000011
92590,12.27,13.62,1.3499999999999996
92551,12.27,12.12,-0.15000000000000036
91103,12.27,13.06,0.7900000000000009
94520,12.27,12.58,0.3100000000000005
96013,12.26,12.67,0.41000000000000014
95673,12.26,12.52,0.2599999999999998
96113,12.26,11.48,-0.7799999999999994
96029,12.25,13.39,1.1400000000000006
92371,12.25,12.41,0.16000000000000014
96038,12.25,12.62,0.3699999999999992
92223,12.24,13.53,1.2899999999999991
95991,12.24,12.5,0.2599999999999998
95641,12.24,12.42,0.17999999999999972
92539,12.23,12.22,-0.009999999999999787
95323,12.23,12.59,0.35999999999999943
93230,12.22,12.66,0.4399999999999995
92582,12.22,12.64,0.41999999999999993
95043,12.22,13.64,1.42
92025,12.22,12.43,0.20999999999999908
92804,12.22,12.47,0.25
94544,12.21,12.49,0.27999999999999936
95988,12.21,12.9,0.6899999999999995
95449,12.21,13.14,0.9299999999999997
95320,12.21,12.93,0.7199999999999989
93516,12.19,12.11,-0.08000000000000007
95337,12.19,12.9,0.7100000000000009
95457,12.19,12.87,0.6799999999999997
92505,12.19,12.43,0.2400000000000002
92241,12.19,12.52,0.33000000000000007
95966,12.18,12.72,0.5400000000000009
91406,12.18,12.74,0.5600000000000005
95823,12.18,12.24,0.0600000000000005
91345,12.17,12.49,0.3200000000000003
93285,12.17,13.6,1.4299999999999997
90302,12.17,12.87,0.6999999999999993
92259,12.17,12.86,0.6899999999999995
93554,12.16,13.22,1.0600000000000005
96041,12.16,13.52,1.3599999999999994
95979,12.16,12.17,0.009999999999999787
95423,12.16,12.66,0.5
92234,12.16,12.4,0.2400000000000002
93301,12.16,12.38,0.22000000000000064
95439,12.16,11.85,-0.3100000000000005
93552,12.15,11.83,-0.3200000000000003
96056,12.15,13.5,1.3499999999999996
92840,12.15,12.45,0.29999999999999893
92503,12.15,12.33,0.17999999999999972
95458,12.15,12.36,0.20999999999999908
95127,12.14,12.34,0.1999999999999993
95224,12.14,12.77,0.629999999999999
93727,12.14,12.73,0.5899999999999999
93901,12.14,13.03,0.8899999999999988
92251,12.14,12.65,0.5099999999999998
90019,12.14,12.88,0.7400000000000002
95925,12.13,13.01,0.879999999999999
96109,12.13,13.21,1.08
92398,12.13,13.48,1.3499999999999996
92336,12.13,13.2,1.0699999999999985
95113,12.13,15.4,3.2699999999999996
95112,12.13,13.18,1.049999999999999
95255,12.12,12.95,0.8300000000000001
96071,12.12,12.39,0.27000000000000135
96105,12.11,12.56,0.45000000000000107
95932,12.11,12.54,0.4299999999999997
93522,12.11,16.22,4.109999999999999
95655,12.11,14.28,2.17
93705,12.1,12.01,-0.08999999999999986
91411,12.1,13.08,0.9800000000000004
96010,12.1,12.77,0.6699999999999999
95776,12.1,13.15,1.0500000000000007
92404,12.1,11.93,-0.16999999999999993
90745,12.1,12.82,0.7200000000000006
95415,12.1,11.8,-0.29999999999999893
95485,12.09,12.83,0.7400000000000002
95301,12.08,12.36,0.27999999999999936
91776,12.08,12.67,0.5899999999999999
92841,12.08,12.61,0.5299999999999994
90602,12.08,12.51,0.4299999999999997
94806,12.07,12.25,0.17999999999999972
95340,12.07,13.35,1.2799999999999994
90706,12.07,12.46,0.39000000000000057
95441,12.07,13.16,1.0899999999999999
92585,12.07,12.79,0.7199999999999989
93461,12.06,12.41,0.34999999999999964
91502,12.06,12.98,0.9199999999999999
95330,12.06,12.51,0.4499999999999993
95531,12.06,12.8,0.7400000000000002
92239,12.05,11.18,-0.870000000000001
91911,12.05,12.24,0.1899999999999995
92501,12.05,12.67,0.6199999999999992
92345,12.05,12.18,0.129999999999999
91710,12.05,12.82,0.7699999999999996
92356,12.05,12.74,0.6899999999999995
93254,12.04,12.41,0.370000000000001
93251,12.03,11.47,-0.5599999999999987
93906,12.03,12.02,-0.009999999999999787
95562,12.02,12.75,0.7300000000000004
90701,12.02,12.93,0.9100000000000001
95039,12.02,11.41,-0.6099999999999994
95232,12.0,13.03,1.0299999999999994
95736,12.0,17.68,5.68
93728,12.0,12.81,0.8100000000000005
95640,12.0,12.7,0.6999999999999993
93501,11.99,11.91,-0.08000000000000007
90242,11.99,12.55,0.5600000000000005
93641,11.99,12.43,0.4399999999999995
92324,11.99,11.99,0.0
92285,11.98,12.4,0.41999999999999993
90250,11.98,12.58,0.5999999999999996
95965,11.98,12.67,0.6899999999999995
90047,11.97,12.59,0.6199999999999992
94606,11.97,12.71,0.7400000000000002
92337,11.96,12.24,0.27999999999999936
93591,11.95,12.04,0.08999999999999986
93955,11.95,12.63,0.6800000000000015
91343,11.95,12.55,0.6000000000000014
92363,11.95,12.62,0.6699999999999999
95327,11.95,12.28,0.33000000000000007
95660,11.95,12.62,0.6699999999999999
93243,11.94,12.4,0.46000000000000085
90247,11.93,12.7,0.7699999999999996
95917,11.92,12.21,0.2900000000000009
92243,11.91,12.17,0.2599999999999998
95407,11.91,12.17,0.2599999999999998
95963,11.91,12.41,0.5
92240,11.9,12.05,0.15000000000000036
96019,11.89,12.93,1.0399999999999991
93429,11.89,10.92,-0.9700000000000006
95386,11.88,11.71,-0.16999999999999993
95681,11.88,12.74,0.8599999999999994
92530,11.88,12.0,0.11999999999999922
92276,11.88,12.61,0.7299999999999986
92154,11.88,12.2,0.3199999999999985
93268,11.88,12.22,0.33999999999999986
92347,11.88,12.5,0.6199999999999992
95901,11.88,12.58,0.6999999999999993
92844,11.87,12.3,0.4300000000000015
93445,11.86,12.19,0.33000000000000007
90605,11.86,12.42,0.5600000000000005
93637,11.86,12.14,0.28000000000000114
94134,11.86,12.35,0.4900000000000002
95354,11.85,12.43,0.5800000000000001
95690,11.85,13.29,1.4399999999999995
95240,11.84,12.22,0.3800000000000008
90004,11.83,12.93,1.0999999999999996
92242,11.83,12.7,0.8699999999999992
95627,11.83,12.2,0.3699999999999992
94512,11.82,13.33,1.5099999999999998
90065,11.81,12.66,0.8499999999999996
92655,11.81,12.37,0.5599999999999987
93625,11.81,12.3,0.4900000000000002
95326,11.81,12.57,0.7599999999999998
92801,11.81,12.45,0.6399999999999988
96054,11.8,12.41,0.6099999999999994
93621,11.8,12.83,1.0299999999999994
90260,11.79,12.33,0.5400000000000009
90013,11.79,13.22,1.4300000000000015
93635,11.78,11.73,-0.049999999999998934
92389,11.78,12.57,0.7900000000000009
95514,11.78,12.42,0.6400000000000006
92583,11.77,12.1,0.33000000000000007
96023,11.77,12.36,0.5899999999999999
93543,11.77,11.68,-0.08999999999999986
93015,11.77,11.99,0.22000000000000064
95367,11.76,12.43,0.6699999999999999
96134,11.76,12.81,1.0500000000000007
94607,11.76,13.26,1.5
91767,11.76,12.23,0.47000000000000064
95838,11.75,11.94,0.1899999999999995
91761,11.75,12.18,0.4299999999999997
93549,11.74,12.7,0.9599999999999991
96021,11.73,12.12,0.3899999999999988
93550,11.73,11.68,-0.05000000000000071
92543,11.73,12.03,0.29999999999999893
95444,11.72,12.72,1.0
92405,11.72,11.94,0.21999999999999886
92553,11.71,11.6,-0.11000000000000121
95955,11.71,12.45,0.7399999999999984
95464,11.7,12.39,0.6900000000000013
95567,11.7,12.4,0.7000000000000011
95546,11.7,12.84,1.1400000000000006
95615,11.7,13.0,1.3000000000000007
95820,11.7,12.52,0.8200000000000003
91963,11.69,11.56,-0.129999999999999
93654,11.68,11.91,0.23000000000000043
93291,11.68,12.75,1.0700000000000003
90806,11.68,12.23,0.5500000000000007
90680,11.67,12.18,0.5099999999999998
95111,11.67,11.9,0.23000000000000043
95360,11.67,11.84,0.16999999999999993
94124,11.67,12.55,0.8800000000000008
90640,11.67,12.12,0.4499999999999993
95939,11.66,12.48,0.8200000000000003
95210,11.66,12.06,0.40000000000000036
90016,11.66,12.51,0.8499999999999996
92301,11.66,11.73,0.07000000000000028
95511,11.66,11.76,0.09999999999999964
95203,11.65,12.34,0.6899999999999995
93210,11.64,12.02,0.379999999999999
93224,11.64,12.09,0.4499999999999993
95422,11.64,12.38,0.7400000000000002
90026,11.63,13.09,1.459999999999999
93287,11.63,12.97,1.3399999999999999
95948,11.63,12.13,0.5
93240,11.63,12.9,1.2699999999999996
96009,11.62,13.12,1.5
92250,11.61,11.56,-0.049999999999998934
95363,11.6,12.08,0.4800000000000004
96074,11.6,10.81,-0.7899999999999991
91342,11.6,12.12,0.5199999999999996
93030,11.6,11.88,0.28000000000000114
93205,11.59,13.13,1.540000000000001
93657,11.59,12.23,0.6400000000000006
95957,11.59,12.74,1.1500000000000004
90670,11.58,12.36,0.7799999999999994
92802,11.58,12.05,0.47000000000000064
91762,11.57,11.96,0.39000000000000057
95303,11.56,12.38,0.8200000000000003
95369,11.56,12.68,1.1199999999999992
94801,11.56,11.9,0.33999999999999986
93252,11.56,11.11,-0.45000000000000107
96058,11.55,12.55,1.0
95380,11.55,12.19,0.6399999999999988
95076,11.55,11.81,0.2599999999999998
91606,11.55,12.3,0.75
96075,11.55,12.59,1.0399999999999991
90650,11.54,12.24,0.7000000000000011
91702,11.53,12.27,0.7400000000000002
93255,11.53,13.39,1.8600000000000012
92706,11.52,12.03,0.5099999999999998
90042,11.52,12.52,1.0
91405,11.51,12.23,0.7200000000000006
95815,11.51,11.96,0.45000000000000107
92571,11.5,11.59,0.08999999999999986
92509,11.49,11.72,0.23000000000000043
92203,11.49,13.77,2.2799999999999994
94063,11.49,11.91,0.41999999999999993
95943,11.49,13.06,1.5700000000000003
92201,11.49,11.79,0.29999999999999893
95307,11.48,11.67,0.1899999999999995
95912,11.46,12.0,0.5399999999999991
93274,11.46,11.93,0.46999999999999886
93304,11.46,11.7,0.23999999999999844
91752,11.45,12.39,0.9400000000000013
91303,11.45,12.41,0.9600000000000009
90805,11.44,11.9,0.46000000000000085
95313,11.44,11.08,-0.35999999999999943
92548,11.43,11.45,0.019999999999999574
92376,11.42,11.54,0.11999999999999922
93060,11.42,11.97,0.5500000000000007
95358,11.42,11.72,0.3000000000000007
91934,11.41,14.13,2.7200000000000006
91763,11.4,11.84,0.4399999999999995
92408,11.4,12.1,0.6999999999999993
90810,11.39,12.32,0.9299999999999997
93202,11.38,11.14,-0.2400000000000002
90005,11.37,12.27,0.9000000000000004
92257,11.36,10.91,-0.4499999999999993
93257,11.36,11.6,0.2400000000000002
93452,11.34,12.34,1.0
93652,11.34,9.97,-1.3699999999999992
91764,11.33,11.83,0.5
95324,11.33,12.0,0.6699999999999999
95110,11.33,12.82,1.4900000000000002
93276,11.32,11.21,-0.10999999999999943
91950,11.32,12.01,0.6899999999999995
92227,11.31,12.03,0.7199999999999989
96090,11.28,13.09,1.8100000000000005
90012,11.27,12.32,1.0500000000000007
90301,11.27,11.82,0.5500000000000007
90038,11.27,12.75,1.4800000000000004
95322,11.26,11.66,0.40000000000000036
91770,11.26,11.95,0.6899999999999995
93610,11.25,11.74,0.4900000000000002
93283,11.23,12.75,1.5199999999999996
96035,11.23,12.13,0.9000000000000004
93662,11.23,11.43,0.1999999999999993
92225,11.22,11.8,0.5800000000000001
92570,11.22,11.31,0.08999999999999986
92368,11.21,11.63,0.41999999999999993
92102,11.21,12.46,1.25
93212,11.21,10.9,-0.3100000000000005
92309,11.2,11.08,-0.11999999999999922
94603,11.2,11.76,0.5600000000000005
95968,11.19,11.18,-0.009999999999999787
90606,11.19,11.92,0.7300000000000004
92230,11.18,11.79,0.6099999999999994
95605,11.18,12.39,1.2100000000000009
95374,11.18,11.84,0.6600000000000001
90029,11.17,12.33,1.1600000000000001
95639,11.17,11.73,0.5600000000000005
92843,11.16,11.81,0.6500000000000004
90303,11.16,11.65,0.4900000000000002
90018,11.15,11.74,0.5899999999999999
95953,11.14,11.83,0.6899999999999995
95226,11.14,13.73,2.59
95333,11.13,11.24,0.10999999999999943
96116,11.12,12.4,1.2800000000000011
95950,11.12,11.09,-0.02999999999999936
94601,11.11,11.74,0.6300000000000008
92275,11.09,11.95,0.8599999999999994
90062,11.09,11.12,0.02999999999999936
95206,11.09,11.32,0.23000000000000043
91402,11.08,11.57,0.4900000000000002
92316,11.08,11.3,0.22000000000000064
95215,11.07,11.5,0.4299999999999997
93703,11.07,11.26,0.1899999999999995
95832,11.07,11.87,0.7999999999999989
90021,11.06,11.55,0.4900000000000002
92233,11.06,10.89,-0.16999999999999993
95122,11.05,11.45,0.3999999999999986
95315,11.05,11.16,0.10999999999999943
91605,11.04,11.95,0.9100000000000001
95388,11.04,10.95,-0.08999999999999986
91766,11.03,11.79,0.7599999999999998
91768,11.03,11.89,0.8600000000000012
90220,11.03,11.63,0.6000000000000014
93668,11.03,10.94,-0.08999999999999986
92283,11.02,11.95,0.9299999999999997
93638,11.0,10.67,-0.33000000000000007
93040,11.0,11.47,0.47000000000000064
95231,10.99,11.09,0.09999999999999964
95920,10.99,11.37,0.379999999999999
95824,10.99,11.2,0.20999999999999908
92059,10.98,12.18,1.1999999999999993
90660,10.98,11.74,0.7599999999999998
91352,10.97,11.75,0.7799999999999994
93450,10.97,9.76,-1.2100000000000009
93305,10.96,11.27,0.3099999999999987
92105,10.95,11.88,0.9300000000000015
90007,10.94,11.87,0.9299999999999997
90032,10.93,11.7,0.7699999999999996
90014,10.93,13.64,2.710000000000001
93286,10.92,11.52,0.5999999999999996
95987,10.92,11.18,0.2599999999999998
95116,10.88,11.7,0.8199999999999985
92335,10.87,11.04,0.16999999999999993
93930,10.87,10.77,-0.09999999999999964
93204,10.87,10.39,-0.47999999999999865
95317,10.86,10.38,-0.47999999999999865
92805,10.85,11.63,0.7800000000000011
93033,10.85,10.96,0.11000000000000121
93218,10.84,10.95,0.10999999999999943
93618,10.84,11.07,0.23000000000000043
93242,10.82,11.62,0.7999999999999989
93656,10.81,11.14,0.33000000000000007
93620,10.81,11.31,0.5
90723,10.81,11.08,0.2699999999999996
93630,10.79,11.37,0.5800000000000001
93616,10.79,11.28,0.4900000000000002
93725,10.78,11.05,0.27000000000000135
96123,10.77,10.92,0.15000000000000036
92231,10.77,11.35,0.5800000000000001
91744,10.76,11.31,0.5500000000000007
94621,10.75,11.1,0.34999999999999964
93280,10.73,10.63,-0.09999999999999964
95305,10.73,11.85,1.1199999999999992
93925,10.72,11.22,0.5
92704,10.72,11.39,0.6699999999999999
91746,10.71,11.38,0.6699999999999999
91980,10.7,13.02,2.3200000000000003
94964,10.7,11.78,1.08
95012,10.69,10.64,-0.049999999999998934
93721,10.68,11.0,0.3200000000000003
91706,10.67,11.32,0.6500000000000004
90057,10.65,11.22,0.5700000000000003
95351,10.65,11.12,0.46999999999999886
90061,10.63,11.17,0.5399999999999991
91732,10.61,11.28,0.6699999999999999
92273,10.6,11.11,0.5099999999999998
92266,10.59,10.9,0.3100000000000005
93267,10.59,11.3,0.7100000000000009
92707,10.58,11.04,0.4599999999999991
93270,10.58,10.61,0.02999999999999936
93247,10.57,10.98,0.41000000000000014
93263,10.57,11.07,0.5
92401,10.56,11.17,0.6099999999999994
92411,10.56,10.81,0.25
95645,10.56,11.41,0.8499999999999996
93609,10.54,10.79,0.25
93650,10.54,11.41,0.870000000000001
95961,10.54,12.24,1.700000000000001
91731,10.54,11.28,0.7400000000000002
90040,10.53,10.89,0.3600000000000012
96068,10.53,13.01,2.4800000000000004
90716,10.5,11.21,0.7100000000000009
93926,10.49,10.9,0.41000000000000014
93960,10.46,10.85,0.3899999999999988
92410,10.46,10.8,0.33999999999999986
92258,10.45,11.96,1.5100000000000016
92173,10.45,10.97,0.5200000000000014
95202,10.45,11.54,1.0899999999999999
95686,10.44,11.59,1.1500000000000004
95002,10.44,12.92,2.4800000000000004
90044,10.44,11.32,0.8800000000000008
90222,10.44,11.05,0.6100000000000012
93458,10.43,10.55,0.120000000000001
93706,10.41,11.27,0.8599999999999994
90059,10.4,11.02,0.6199999999999992
93307,10.38,10.79,0.40999999999999837
93215,10.35,10.79,0.4399999999999995
92281,10.32,10.93,0.6099999999999994
95019,10.3,11.24,0.9399999999999995
90015,10.3,11.92,1.6199999999999992
95205,10.29,10.78,0.4900000000000002
95385,10.29,11.95,1.6600000000000001
90221,10.29,10.84,0.5500000000000007
95951,10.29,10.95,0.6600000000000001
94104,10.27,14.75,4.48
92249,10.26,11.84,1.58
95334,10.26,11.03,0.7699999999999996
93434,10.26,11.05,0.7900000000000009
90006,10.25,11.16,0.9100000000000001
90744,10.21,10.98,0.7699999999999996
91340,10.2,11.15,0.9500000000000011
92113,10.19,10.88,0.6900000000000013
93250,10.16,10.19,0.02999999999999936
90280,10.13,10.8,0.6699999999999999
91331,10.12,10.8,0.6800000000000015
93647,10.11,10.2,0.08999999999999986
93201,10.09,10.53,0.4399999999999995
90813,10.09,11.14,1.0500000000000007
93235,10.08,9.69,-0.39000000000000057
90262,10.07,10.69,0.6199999999999992
90031,10.07,11.26,1.1899999999999995
90002,10.06,10.61,0.5499999999999989
93256,10.05,9.71,-0.33999999999999986
93223,10.05,10.86,0.8099999999999987
93272,10.03,10.21,0.1800000000000015
90037,10.01,10.41,0.40000000000000036
93206,10.0,10.85,0.8499999999999996
93266,9.94,10.51,0.5700000000000003
95328,9.94,11.42,1.4800000000000004
93702,9.93,10.24,0.3100000000000005
91733,9.92,10.65,0.7300000000000004
93622,9.92,10.42,0.5
90003,9.91,10.49,0.5800000000000001
92703,9.91,10.62,0.7099999999999991
90022,9.89,10.52,0.629999999999999
93927,9.87,10.78,0.9100000000000001
93606,9.87,9.81,-0.05999999999999872
93701,9.86,10.58,0.7200000000000006
93666,9.82,9.27,-0.5500000000000007
95387,9.82,10.76,0.9399999999999995
90255,9.82,10.22,0.40000000000000036
93648,9.81,10.49,0.6799999999999997
90304,9.8,10.54,0.7399999999999984
93665,9.78,11.65,1.870000000000001
90063,9.78,10.4,0.620000000000001
90201,9.77,10.31,0.5400000000000009
92701,9.73,10.41,0.6799999999999997
90058,9.73,9.55,-0.17999999999999972
93905,9.68,10.15,0.47000000000000064
93954,9.66,11.01,1.3499999999999996
90033,9.65,10.55,0.9000000000000004
92274,9.63,10.28,0.6499999999999986
92236,9.62,10.55,0.9300000000000015
93646,9.61,10.48,0.870000000000001
93673,9.57,9.81,0.2400000000000002
90270,9.52,10.02,0.5
95653,9.51,12.12,2.6099999999999994
93624,9.51,9.37,-0.14000000000000057
90001,9.49,10.14,0.6500000000000004
90023,9.46,10.31,0.8499999999999996
93615,9.44,10.08,0.6400000000000006
93219,9.42,9.79,0.3699999999999992
95365,9.42,10.6,1.1799999999999997
93241,9.41,9.78,0.3699999999999992
93203,9.41,9.89,0.4800000000000004
90017,9.4,11.55,2.1500000000000004
90011,9.32,9.8,0.4800000000000004
93239,9.28,10.51,1.2300000000000004
92254,9.27,9.66,0.39000000000000057
93660,9.12,9.78,0.6600000000000001
93640,9.09,9.72,0.6300000000000008
93261,9.0,9.68,0.6799999999999997
93234,8.96,9.49,0.5299999999999994
93608,8.9,9.35,0.4499999999999993
93249,8.82,9.22,0.40000000000000036
95312,8.74,12.1,3.3599999999999994
95431,8.37,11.86,3.49
93627,8.37,11.65,3.280000000000001
92280,8.0,12.0,4.0
