,Median_Household_Income_2014,Zip
1,"$236,912",94027
2,"$228,587",92145
3,"$200,325",91980
4,"$187,857",94957
5,"$182,750",94022
6,"$180,174",94028
7,"$176,241",94506
8,"$172,443",90077
9,"$170,656",94105
10,"$167,546",94024
11,"$167,386",95070
12,"$166,750",95140
13,"$166,147",94563
14,"$163,486",92657
15,"$163,219",94507
16,"$162,328",94528
17,"$157,938",90272
18,"$157,879",91210
19,"$156,250",90274
20,"$154,107",95030
21,"$153,269",94074
22,"$152,721",95120
23,"$152,210",91011
24,"$150,864",92861
25,"$149,821",95007
26,"$149,538",92679
27,"$147,568",94037
28,"$145,610",94708
29,"$145,505",95138
30,"$144,886",94129
31,"$144,152",94539
32,"$142,071",90266
33,"$138,750",90210
34,"$138,371",94582
35,"$137,344",94549
36,"$137,122",92694
37,"$136,331",94707
38,"$135,076",96136
39,"$134,907",94301
40,"$133,333",95053
41,"$133,088",94556
42,"$132,826",94552
43,"$132,486",94920
44,"$132,462",94065
45,"$131,607",90402
46,"$131,166",92130
47,"$131,108",94127
48,"$130,961",95014
49,"$128,802",94526
50,"$128,654",95135
51,"$128,060",91436
52,"$127,684",94588
53,"$126,984",92887
54,"$126,557",94062
55,"$126,397",95033
56,"$125,735",92625
57,"$125,629",92673
58,"$125,335",94070
59,"$125,272",93108
60,"$124,814",90265
61,"$124,712",92823
62,"$124,375",95663
63,"$123,575",94618
64,"$123,459",92127
65,"$122,970",94114
66,"$122,354",94087
67,"$121,948",94583
68,"$121,715",91302
69,"$121,367",94517
70,"$121,337",94598
71,"$121,209",94941
72,"$121,200",94123
73,"$120,984",92610
74,"$120,893",95032
75,"$120,742",90275
76,"$120,686",92603
77,"$120,672",93730
78,"$120,610",94107
79,"$120,401",94566
80,"$120,208",95041
81,"$120,152",91108
82,"$119,939",92067
83,"$119,924",92131
84,"$119,095",94025
85,"$118,919",95746
86,"$118,750",91708
87,"$118,125",94010
88,"$117,700",95762
89,"$117,326",91377
90,"$116,855",95054
91,"$116,732",90049
92,"$115,807",94402
93,"$114,779",94404
94,"$114,777",92014
95,"$114,757",95134
96,"$114,608",91381
97,"$114,603",94555
98,"$114,542",95587
99,"$113,826",93908
100,"$113,616",94568
101,"$113,281",94946
102,"$113,279",94925
103,"$112,008",92660
104,"$111,833",94505
105,"$111,602",94306
106,"$111,098",91354
107,"$110,964",92808
108,"$110,343",91914
109,"$110,236",95837
110,"$110,054",92886
111,"$109,913",91301
112,"$109,545",96125
113,"$109,267",92129
114,"$108,919",95066
115,"$108,882",91105
116,"$108,366",95131
117,"$108,295",94960
118,"$108,205",95046
119,"$107,768",94970
120,"$107,660",94592
121,"$107,577",94611
122,"$107,493",95129
123,"$107,324",95148
124,"$107,095",95391
125,"$106,750",90290
126,"$106,660",95124
127,"$106,458",90743
128,"$106,365",91320
129,"$106,333",94964
130,"$105,985",94002
131,"$105,659",91390
132,"$105,480",94502
133,"$105,029",90254
134,"$104,934",90278
135,"$104,557",93619
136,"$104,167",95742
137,"$104,149",92602
138,"$104,125",92060
139,"$103,598",92121
140,"$103,472",94111
141,"$103,378",94019
142,"$103,333",94117
143,"$103,319",90292
144,"$103,319",95119
145,"$103,306",91361
146,"$102,952",94550
147,"$102,872",95318
148,"$102,755",92782
149,"$102,500",92364
150,"$102,479",95125
151,"$102,396",93953
152,"$102,273",91384
153,"$102,237",94904
154,"$102,212",92009
155,"$102,160",92620
156,"$102,045",92692
157,"$102,030",92011
158,"$101,932",94304
159,"$101,912",94040
160,"$101,303",92880
161,"$101,292",92656
162,"$101,292",95051
163,"$100,844",94043
164,"$100,750",94516
165,"$100,747",91362
166,"$100,694",92688
167,"$100,398",91962
168,"$100,380",92385
169,"$100,308",95630
170,"$100,215",94086
171,"$100,204",94547
172,"$100,139",95683
173,"$100,114",94131
174,"$100,049",91739
175,"$99,638",93109
176,"$99,606",91915
177,"$99,537",93021
178,"$99,398",90277
179,"$99,167",95227
180,"$98,990",95130
181,"$98,899",95035
182,"$98,831",91326
183,"$98,697",92651
184,"$98,655",91307
185,"$98,407",91737
186,"$98,400",95139
187,"$98,321",94551
188,"$98,315",91008
189,"$98,264",92677
190,"$98,219",93923
191,"$98,026",95132
192,"$97,921",91350
193,"$97,609",91709
194,"$97,470",92618
195,"$96,860",95377
196,"$96,824",90808
197,"$96,719",94044
198,"$96,563",93664
199,"$96,537",94705
200,"$96,446",93314
201,"$96,297",92064
202,"$96,281",94938
203,"$96,010",90094
204,"$95,984",92614
205,"$95,975",91784
206,"$95,806",92010
207,"$95,631",90720
208,"$95,625",93441
209,"$95,435",95037
210,"$95,306",92037
211,"$95,189",94403
212,"$94,933",93111
213,"$94,712",93932
214,"$94,697",92807
215,"$94,420",94569
216,"$94,318",92091
217,"$94,196",92881
218,"$94,173",93065
219,"$93,919",91364
220,"$93,917",92883
221,"$93,889",92007
222,"$93,810",94021
223,"$93,750",94939
224,"$93,713",92691
225,"$93,588",93312
226,"$93,529",93645
227,"$93,523",93012
228,"$93,509",91789
229,"$93,393",95571
230,"$93,389",94951
231,"$93,099",92661
232,"$93,092",91935
233,"$93,049",94930
234,"$92,806",92653
235,"$92,684",92508
236,"$92,678",95747
237,"$92,489",94085
238,"$92,464",95672
239,"$92,402",92024
240,"$92,397",92835
241,"$92,356",94020
242,"$92,137",93924
243,"$92,107",94536
244,"$92,006",94030
245,"$91,882",94534
246,"$91,737",93460
247,"$91,617",91360
248,"$91,518",95638
249,"$91,180",92604
250,"$90,984",95118
251,"$90,966",91765
252,"$90,903",95614
253,"$90,881",95123
254,"$90,876",92118
255,"$90,833",92075
256,"$90,780",91024
257,"$90,613",90703
258,"$90,528",91604
259,"$90,298",92128
260,"$90,228",92606
261,"$90,179",93651
262,"$89,849",91214
263,"$89,715",94965
264,"$89,607",94513
265,"$89,596",91355
266,"$89,541",92592
267,"$89,508",91711
268,"$89,500",90067
269,"$89,500",94510
270,"$89,464",94303
271,"$89,403",93510
272,"$89,026",92845
273,"$88,987",95008
274,"$88,971",90742
275,"$88,955",91208
276,"$88,929",91207
277,"$88,926",91902
278,"$88,810",94041
279,"$88,797",94089
280,"$88,750",93208
281,"$88,750",94973
282,"$88,693",94531
283,"$88,384",92629
284,"$88,333",95493
285,"$88,160",92869
286,"$88,012",94597
287,"$87,782",95757
288,"$87,738",95655
289,"$87,720",93311
290,"$87,652",94538
291,"$87,598",94530
292,"$87,596",96121
293,"$87,500",95136
294,"$87,425",92336
295,"$87,361",92532
296,"$87,251",90603
297,"$87,156",95819
298,"$87,110",92646
299,"$87,100",95765
300,"$87,095",90713
301,"$86,967",92663
302,"$86,573",90064
303,"$86,521",94560
304,"$86,505",93010
305,"$86,469",92649
306,"$86,196",94903
307,"$86,070",94122
308,"$86,031",95065
309,"$85,914",92596
310,"$85,857",92648
311,"$85,707",92126
312,"$85,655",91001
313,"$85,514",95121
314,"$85,361",92860
315,"$85,330",94115
316,"$85,251",92865
317,"$85,200",93551
318,"$85,000",94548
319,"$85,000",94586
320,"$84,828",94116
321,"$84,819",94521
322,"$84,785",92630
323,"$84,761",91107
324,"$84,750",92676
325,"$84,741",91913
326,"$84,620",91775
327,"$84,588",90293
328,"$84,537",90732
329,"$84,516",90212
330,"$84,488",94110
331,"$84,250",92678
332,"$84,133",95650
333,"$84,051",90630
334,"$84,021",91006
335,"$84,004",90245
336,"$83,974",93063
337,"$83,902",95003
338,"$83,767",90623
339,"$83,638",94945
340,"$83,542",94158
341,"$83,467",95864
342,"$83,269",92210
343,"$83,194",93465
344,"$83,038",93035
345,"$82,993",94118
346,"$82,917",93605
347,"$82,857",92662
348,"$82,748",95020
349,"$82,675",92705
350,"$82,564",94587
351,"$82,313",90505
352,"$82,076",91387
353,"$82,005",92708
354,"$81,980",94954
355,"$81,973",92106
356,"$81,918",94503
357,"$81,907",94061
358,"$81,879",94947
359,"$81,860",95688
360,"$81,788",94574
361,"$81,746",94706
362,"$81,685",94523
363,"$81,667",94525
364,"$81,622",94038
365,"$81,471",95618
366,"$81,379",91901
367,"$81,369",94066
368,"$81,328",96073
369,"$81,308",93105
370,"$81,250",91741
371,"$81,093",95492
372,"$81,025",90291
373,"$80,729",92384
374,"$80,625",92124
375,"$80,479",91030
376,"$80,449",95835
377,"$80,341",94104
378,"$80,327",94542
379,"$80,313",96106
380,"$80,288",93962
381,"$80,279",91311
382,"$80,278",90620
383,"$80,233",94005
384,"$80,233",95624
385,"$80,163",92821
386,"$80,133",95073
387,"$80,132",92626
388,"$80,130",92377
389,"$80,037",92870
390,"$79,895",92120
391,"$79,858",90638
392,"$79,525",90815
393,"$79,485",94963
394,"$79,457",95372
395,"$79,348",92082
396,"$79,327",95664
397,"$79,121",95693
398,"$78,856",94596
399,"$78,756",90405
400,"$78,750",96061
401,"$78,676",94619
402,"$78,640",95304
403,"$78,630",92561
404,"$78,607",90069
405,"$78,564",94015
406,"$78,558",95251
407,"$78,501",91773
408,"$78,378",94080
409,"$78,175",90712
410,"$78,116",92506
411,"$78,114",95452
412,"$78,082",90045
413,"$78,072",92867
414,"$77,930",93611
415,"$77,706",94561
416,"$77,679",91505
417,"$77,679",93424
418,"$77,583",95918
419,"$77,416",95682
420,"$77,361",92065
421,"$77,305",94923
422,"$77,250",93928
423,"$77,247",91344
424,"$77,188",95699
425,"$77,152",91367
426,"$77,105",92563
427,"$77,092",93720
428,"$77,047",90503
429,"$76,994",91701
430,"$76,912",91750
431,"$76,909",94901
432,"$76,688",90056
433,"$76,669",94553
434,"$76,542",95236
435,"$76,526",92251
436,"$76,447",91745
437,"$76,389",95722
438,"$76,232",94803
439,"$76,027",93004
440,"$75,928",92584
441,"$75,915",93110
442,"$75,862",93067
443,"$75,750",95637
444,"$75,714",95697
445,"$75,671",91423
446,"$75,556",95639
447,"$75,510",95006
448,"$75,500",94546
449,"$75,481",94579
450,"$75,448",92562
451,"$75,420",91724
452,"$75,411",92672
453,"$75,380",93066
454,"$75,334",91403
455,"$75,327",90035
456,"$75,309",95219
457,"$75,300",95366
458,"$75,221",94952
459,"$75,180",90504
460,"$75,172",96161
461,"$75,163",95625
462,"$75,160",93636
463,"$75,031",90746
464,"$74,797",92019
465,"$74,637",92647
466,"$74,583",95674
467,"$74,530",95829
468,"$74,393",92071
469,"$74,283",94564
470,"$74,009",94949
471,"$73,870",94591
472,"$73,850",94610
473,"$73,786",90230
474,"$73,684",95687
475,"$73,621",94924
476,"$73,542",95439
477,"$73,433",93022
478,"$73,373",90068
479,"$73,352",92555
480,"$73,333",95002
481,"$73,125",95429
482,"$73,040",94518
483,"$72,939",95368
484,"$72,913",90048
485,"$72,877",95126
486,"$72,739",95628
487,"$72,720",94558
488,"$72,607",95444
489,"$72,479",92352
490,"$72,465",92675
491,"$72,459",95133
492,"$72,459",95661
493,"$72,452",95258
494,"$72,411",94508
495,"$72,366",90403
496,"$72,279",94401
497,"$72,276",90807
498,"$72,255",91007
499,"$72,218",95209
500,"$72,212",93455
501,"$72,204",96140
502,"$72,192",91106
503,"$72,168",91016
504,"$72,161",95018
505,"$72,156",95405
506,"$72,120",95254
507,"$72,025",90803
508,"$71,939",90240
509,"$71,911",92123
510,"$71,825",91710
511,"$71,793",92882
512,"$71,757",90745
513,"$71,723",94545
514,"$71,697",92253
515,"$71,688",92270
516,"$71,668",94014
517,"$71,667",94933
518,"$71,661",91941
519,"$71,505",94112
520,"$71,469",92624
521,"$71,316",90232
522,"$71,307",92122
523,"$71,301",95417
524,"$71,296",91504
525,"$71,278",90025
526,"$71,177",94580
527,"$71,063",95920
528,"$71,049",90036
529,"$71,000",92358
530,"$70,938",95633
531,"$70,935",94501
532,"$70,858",91351
533,"$70,841",90601
534,"$70,841",91791
535,"$70,830",91040
536,"$70,820",95648
537,"$70,811",91104
538,"$70,781",96128
539,"$70,724",93536
540,"$70,721",94585
541,"$70,692",95127
542,"$70,417",95709
543,"$70,408",91506
544,"$70,380",92591
545,"$70,261",92119
546,"$70,230",93950
547,"$70,220",94121
548,"$70,096",95128
549,"$70,003",95758
550,"$69,966",92337
551,"$69,942",90211
552,"$69,872",95005
553,"$69,760",95524
554,"$69,750",95703
555,"$69,702",92347
556,"$69,702",95607
557,"$69,688",96114
558,"$69,678",95023
559,"$69,616",93003
560,"$69,583",95677
561,"$69,341",95050
562,"$69,205",92003
563,"$69,171",92344
564,"$69,148",91356
565,"$69,055",93723
566,"$68,887",96145
567,"$68,884",93013
568,"$68,813",94602
569,"$68,804",95472
570,"$68,701",94572
571,"$68,693",95110
572,"$68,679",95831
573,"$68,636",92378
574,"$68,636",95465
575,"$68,620",92587
576,"$68,346",90066
577,"$68,333",92061
578,"$68,261",92518
579,"$68,108",92029
580,"$68,078",93907
581,"$68,027",92203
582,"$67,917",93563
583,"$67,878",90755
584,"$67,718",95117
585,"$67,716",93940
586,"$67,652",91020
587,"$67,639",95316
588,"$67,607",94519
589,"$67,500",93449
590,"$67,383",93103
591,"$67,188",95004
592,"$67,170",90039
593,"$67,048",91740
594,"$67,039",92612
595,"$67,031",95017
596,"$67,025",92109
597,"$67,019",92833
598,"$67,001",95404
599,"$66,983",93531
600,"$66,932",91917
601,"$66,875",92382
602,"$66,848",91792
603,"$66,825",92107
604,"$66,775",92342
605,"$66,771",93463
606,"$66,750",95426
607,"$66,711",95337
608,"$66,706",90605
609,"$66,679",93628
610,"$66,607",94132
611,"$66,590",92374
612,"$66,553",90631
613,"$66,506",93420
614,"$66,483",91978
615,"$66,417",92059
616,"$66,291",95620
617,"$66,136",94599
618,"$66,079",94805
619,"$66,057",91790
620,"$66,014",93422
621,"$66,000",92008
622,"$65,938",95668
623,"$65,793",92103
624,"$65,769",95691
625,"$65,735",93287
626,"$65,706",95467
627,"$65,701",93036
628,"$65,640",90604
629,"$65,625",96006
630,"$65,425",95409
631,"$65,319",92117
632,"$65,297",92108
633,"$65,208",95356
634,"$65,156",93546
635,"$65,122",95662
636,"$65,114",95651
637,"$65,035",90404
638,"$64,976",92057
639,"$64,974",93446
640,"$64,874",95382
641,"$64,843",93023
642,"$64,803",93313
643,"$64,787",92040
644,"$64,773",95843
645,"$64,738",92223
646,"$64,712",95442
647,"$64,701",90715
648,"$64,660",94577
649,"$64,625",94931
650,"$64,612",92321
651,"$64,583",94512
652,"$64,545",90041
653,"$64,479",95669
654,"$64,375",95545
655,"$64,355",95242
656,"$64,219",96085
657,"$64,140",92313
658,"$64,089",92780
659,"$64,034",95993
660,"$63,948",92373
661,"$63,934",93711
662,"$63,901",95631
663,"$63,871",92354
664,"$63,833",90606
665,"$63,816",95982
666,"$63,750",92398
667,"$63,750",95776
668,"$63,740",91722
669,"$63,728",92056
670,"$63,722",91905
671,"$63,721",95602
672,"$63,610",92868
673,"$63,604",95658
674,"$63,544",91602
675,"$63,529",95941
676,"$63,514",93428
677,"$63,413",92585
678,"$63,248",95330
679,"$63,173",94109
680,"$63,112",93440
681,"$63,111",91202
682,"$63,105",93675
683,"$63,045",91780
684,"$63,029",95403
685,"$62,969",93427
686,"$62,969",95678
687,"$62,828",92806
688,"$62,677",92879
689,"$62,589",92866
690,"$62,558",90305
691,"$62,533",90502
692,"$62,533",93555
693,"$62,500",91501
694,"$62,500",95043
695,"$62,424",95245
696,"$62,384",95252
697,"$62,372",91752
698,"$62,365",95060
699,"$62,262",95376
700,"$62,253",95062
701,"$62,230",93921
702,"$62,182",94515
703,"$62,180",95946
704,"$62,109",92305
705,"$62,076",95448
706,"$62,056",95223
707,"$62,043",95692
708,"$62,016",91316
709,"$61,952",91730
710,"$61,934",92840
711,"$61,563",94571
712,"$61,525",92595
713,"$61,500",95113
714,"$61,488",96062
715,"$61,466",93601
716,"$61,379",93444
717,"$61,319",93239
718,"$61,310",94573
719,"$61,308",93437
720,"$61,296",91916
721,"$61,270",91761
722,"$61,255",95632
723,"$61,250",95228
724,"$61,157",96120
725,"$60,959",91306
726,"$60,952",94710
727,"$60,920",92110
728,"$60,899",91342
729,"$60,899",95220
730,"$60,896",91748
731,"$60,802",90401
732,"$60,750",95938
733,"$60,724",93243
734,"$60,720",95713
735,"$60,660",95619
736,"$60,655",92557
737,"$60,648",95685
738,"$60,625",92549
739,"$60,587",93265
740,"$60,579",95626
741,"$60,556",95075
742,"$60,544",90701
743,"$60,536",95064
744,"$60,532",91723
745,"$60,523",90650
746,"$60,513",93561
747,"$60,459",95949
748,"$60,268",96103
749,"$60,230",94134
750,"$60,162",92154
751,"$60,148",91345
752,"$60,139",93517
753,"$60,124",91977
754,"$60,118",91010
755,"$60,100",95476
756,"$60,089",94060
757,"$60,000",93925
758,"$59,995",92346
759,"$59,965",95212
760,"$59,878",90501
761,"$59,844",95634
762,"$59,832",95962
763,"$59,738",93461
764,"$59,728",92278
765,"$59,699",94544
766,"$59,679",92139
767,"$59,628",94702
768,"$59,545",95441
769,"$59,502",91746
770,"$59,412",92704
771,"$59,375",95497
772,"$59,302",92399
773,"$59,150",94709
774,"$59,125",90024
775,"$59,125",93602
776,"$59,099",91103
777,"$59,056",95367
778,"$59,028",95615
779,"$58,993",91324
780,"$58,913",95959
781,"$58,889",96096
782,"$58,854",93226
783,"$58,853",92832
784,"$58,810",95470
785,"$58,659",94595
786,"$58,643",94567
787,"$58,613",94703
788,"$58,517",95694
789,"$58,500",92706
790,"$58,500",95232
791,"$58,438",95957
792,"$58,381",93631
793,"$58,365",91101
794,"$58,363",94559
795,"$58,361",91304
796,"$58,353",91906
797,"$58,289",95421
798,"$58,272",95818
799,"$58,262",92582
800,"$58,191",95329
801,"$58,012",93238
802,"$57,969",95975
803,"$57,917",96014
804,"$57,895",94541
805,"$57,883",91325
806,"$57,860",93030
807,"$57,789",91744
808,"$57,731",93505
809,"$57,708",92627
810,"$57,670",93920
811,"$57,664",95627
812,"$57,654",91321
813,"$57,652",95361
814,"$57,640",91042
815,"$57,639",95970
816,"$57,610",94605
817,"$57,588",93543
818,"$57,557",92211
819,"$57,484",94928
820,"$57,470",95122
821,"$57,400",95425
822,"$57,333",92831
823,"$57,287",92114
824,"$57,286",92509
825,"$57,241",93402
826,"$57,223",92028
827,"$57,212",96141
828,"$57,124",92307
829,"$57,095",90242
830,"$57,052",92504
831,"$57,047",95111
832,"$57,038",92707
833,"$57,014",93426
834,"$56,973",94533
835,"$56,923",95956
836,"$56,885",95336
837,"$56,875",93560
838,"$56,875",95689
839,"$56,767",91754
840,"$56,743",90034
841,"$56,738",93552
842,"$56,696",95640
843,"$56,683",95488
844,"$56,671",95076
845,"$56,667",95720
846,"$56,651",95834
847,"$56,646",95355
848,"$56,632",91803
849,"$56,607",90660
850,"$56,607",95549
851,"$56,567",93015
852,"$56,563",96009
853,"$56,541",95973
854,"$56,394",95937
855,"$56,378",94609
856,"$56,337",90046
857,"$56,277",92392
858,"$56,250",95636
859,"$56,250",95830
860,"$56,245",90717
861,"$56,219",90621
862,"$56,154",94589
863,"$56,101",95690
864,"$56,081",95547
865,"$56,059",90241
866,"$56,049",95603
867,"$55,996",95726
868,"$55,959",94608
869,"$55,947",92505
870,"$55,882",90704
871,"$55,878",95623
872,"$55,865",94565
873,"$55,833",95010
874,"$55,827",95833
875,"$55,801",93117
876,"$55,750",92239
877,"$55,710",95667
878,"$55,656",95670
879,"$55,635",92111
880,"$55,599",95320
881,"$55,530",92078
882,"$55,500",95323
883,"$55,355",95987
884,"$55,256",95608
885,"$55,250",95045
886,"$55,238",91343
887,"$55,217",91340
888,"$55,210",93033
889,"$55,169",92365
890,"$55,111",90814
891,"$55,082",93906
892,"$55,069",92567
893,"$55,051",92503
894,"$55,000",95653
895,"$54,980",93436
896,"$54,966",92116
897,"$54,945",93001
898,"$54,945",93101
899,"$54,792",95379
900,"$54,782",93060
901,"$54,769",91702
902,"$54,769",93532
903,"$54,688",96029
904,"$54,640",91910
905,"$54,630",90710
906,"$54,565",92081
907,"$54,527",96130
908,"$54,444",95659
909,"$54,422",92805
910,"$54,381",93722
911,"$54,372",94509
912,"$54,366",95326
913,"$54,327",95714
914,"$54,205",93451
915,"$54,034",95565
916,"$54,003",94063
917,"$54,000",92397
918,"$53,955",93933
919,"$53,820",92026
920,"$53,807",92359
921,"$53,750",93541
922,"$53,677",90740
923,"$53,652",95407
924,"$53,648",95826
925,"$53,571",93432
926,"$53,559",92683
927,"$53,473",92027
928,"$53,466",95363
929,"$53,456",93523
930,"$53,419",96008
931,"$53,389",94535
932,"$53,385",93667
933,"$53,368",95436
934,"$53,281",95666
935,"$53,250",96146
936,"$53,235",95357
937,"$53,214",95936
938,"$53,194",95612
939,"$53,150",94133
940,"$53,059",92841
941,"$53,056",95564
942,"$53,054",92249
943,"$53,008",93230
944,"$53,002",95816
945,"$52,906",93401
946,"$52,841",95701
947,"$52,841",96148
948,"$52,813",95401
949,"$52,794",90065
950,"$52,579",93442
951,"$52,564",93454
952,"$52,536",92843
953,"$52,517",91755
954,"$52,500",96063
955,"$52,457",92069
956,"$52,420",93955
957,"$52,408",92804
958,"$52,376",91945
959,"$52,371",93041
960,"$52,354",91942
961,"$52,329",93430
962,"$52,314",92101
963,"$52,292",95684
964,"$52,279",96107
965,"$52,274",91607
966,"$52,274",95695
967,"$52,233",93927
968,"$52,203",93306
969,"$52,173",94806
970,"$52,154",96022
971,"$52,143",95461
972,"$52,123",93527
973,"$52,077",91206
974,"$52,015",95012
975,"$52,000",93544
976,"$51,992",94514
977,"$51,976",94305
978,"$51,956",90248
979,"$51,935",90670
980,"$51,927",95222
981,"$51,921",94937
982,"$51,908",95943
983,"$51,875",95412
984,"$51,869",95971
985,"$51,827",95621
986,"$51,806",95312
987,"$51,769",90260
988,"$51,702",92407
989,"$51,667",92036
990,"$51,618",95420
991,"$51,520",93453
992,"$51,500",92394
993,"$51,427",90042
994,"$51,398",91335
995,"$51,389",95450
996,"$51,365",92802
997,"$51,345",91331
998,"$51,341",93292
999,"$51,286",95324
1000,"$51,280",93245
1001,"$51,250",93514
1002,"$51,250",93526
1003,"$51,250",93603
1004,"$51,234",91706
1005,"$51,225",91801
1006,"$51,116",92571
1007,"$51,105",91786
1008,"$51,060",91764
1009,"$51,056",93277
1010,"$51,044",93926
1011,"$50,996",90249
1012,"$50,858",93614
1013,"$50,854",95673
1014,"$50,833",93291
1015,"$50,764",95912
1016,"$50,744",92371
1017,"$50,740",95334
1018,"$50,707",91762
1019,"$50,595",93529
1020,"$50,568",92054
1021,"$50,536",95610
1022,"$50,528",95827
1023,"$50,526",91201
1024,"$50,500",95466
1025,"$50,500",95570
1026,"$50,455",93604
1027,"$50,449",92551
1028,"$50,446",95233
1029,"$50,401",92084
1030,"$50,381",91406
1031,"$50,316",90027
1032,"$50,309",92260
1033,"$50,290",93210
1034,"$50,227",95536
1035,"$50,051",95519
1036,"$50,047",92703
1037,"$50,035",92021
1038,"$50,000",93445
1039,"$49,928",92310
1040,"$49,851",92020
1041,"$49,786",90731
1042,"$49,785",93657
1043,"$49,732",96016
1044,"$49,708",95346
1045,"$49,688",95340
1046,"$49,594",94124
1047,"$49,567",95358
1048,"$49,552",92530
1049,"$49,545",95469
1050,"$49,541",94804
1051,"$49,491",93901
1052,"$49,470",95460
1053,"$49,454",95112
1054,"$49,423",92590
1055,"$49,418",93433
1056,"$49,360",90706
1057,"$49,206",91767
1058,"$49,121",93637
1059,"$49,095",94578
1060,"$49,088",91352
1061,"$49,087",90810
1062,"$49,063",96117
1063,"$49,056",91763
1064,"$48,994",91401
1065,"$48,950",96137
1066,"$48,940",95665
1067,"$48,912",95370
1068,"$48,896",91766
1069,"$48,891",91911
1070,"$48,839",95556
1071,"$48,788",92316
1072,"$48,733",92104
1073,"$48,681",95503
1074,"$48,617",93643
1075,"$48,610",92501
1076,"$48,510",95369
1077,"$48,500",95977
1078,"$48,488",95301
1079,"$48,470",93221
1080,"$48,461",93704
1081,"$48,443",95988
1082,"$48,345",92844
1083,"$48,302",91776
1084,"$48,287",95247
1085,"$48,285",95675
1086,"$48,147",92055
1087,"$48,142",95525
1088,"$48,117",91932
1089,"$48,063",93553
1090,"$47,882",93654
1091,"$47,868",95386
1092,"$47,833",93513
1093,"$47,796",90680
1094,"$47,692",95338
1095,"$47,679",96090
1096,"$47,672",92801
1097,"$47,656",94520
1098,"$47,644",96113
1099,"$47,625",96032
1100,"$47,622",90602
1101,"$47,500",95979
1102,"$47,500",96150
1103,"$47,440",96088
1104,"$47,436",90640
1105,"$47,413",95116
1106,"$47,394",92325
1107,"$47,369",93309
1108,"$47,308",90010
1109,"$47,202",91601
1110,"$47,177",91768
1111,"$47,098",93960
1112,"$47,078",91770
1113,"$47,031",93429
1114,"$47,031",95955
1115,"$46,827",95635
1116,"$46,667",95652
1117,"$46,655",92058
1118,"$46,615",93268
1119,"$46,575",95237
1120,"$46,519",92262
1121,"$46,518",92314
1122,"$46,497",96003
1123,"$46,453",95932
1124,"$46,441",95961
1125,"$46,435",90026
1126,"$46,422",96001
1127,"$46,394",93727
1128,"$46,392",95953
1129,"$46,319",95494
1130,"$46,318",96067
1131,"$46,250",91759
1132,"$46,250",95230
1133,"$46,187",91303
1134,"$46,121",93653
1135,"$46,073",92083
1136,"$45,953",95482
1137,"$45,947",95321
1138,"$45,906",95928
1139,"$45,889",92311
1140,"$45,877",93040
1141,"$45,871",95919
1142,"$45,769",95698
1143,"$45,766",90250
1144,"$45,729",95551
1145,"$45,631",95307
1146,"$45,625",91934
1147,"$45,591",93274
1148,"$45,588",95389
1149,"$45,568",92655
1150,"$45,551",93222
1151,"$45,509",95257
1152,"$45,485",93656
1153,"$45,474",90220
1154,"$45,439",95828
1155,"$45,433",92025
1156,"$45,392",95451
1157,"$45,332",95616
1158,"$45,313",93276
1159,"$45,299",95453
1160,"$45,268",96051
1161,"$45,208",90032
1162,"$45,197",90805
1163,"$45,191",93434
1164,"$45,147",92339
1165,"$45,056",93635
1166,"$44,984",90802
1167,"$44,965",92376
1168,"$44,902",95327
1169,"$44,792",95303
1170,"$44,771",95315
1171,"$44,724",91203
1172,"$44,629",90804
1173,"$44,583",96024
1174,"$44,554",95528
1175,"$44,554",96093
1176,"$44,542",95842
1177,"$44,531",90040
1178,"$44,500",95917
1179,"$44,464",95681
1180,"$44,423",95948
1181,"$44,417",94929
1182,"$44,412",95468
1183,"$44,392",95822
1184,"$44,348",96056
1185,"$44,333",95550
1186,"$44,250",96118
1187,"$44,223",93644
1188,"$44,111",93225
1189,"$44,028",96035
1190,"$44,010",92536
1191,"$44,000",95374
1192,"$43,981",95642
1193,"$43,971",96105
1194,"$43,917",92276
1195,"$43,913",93271
1196,"$43,854",95471
1197,"$43,803",93458
1198,"$43,785",90806
1199,"$43,784",90723
1200,"$43,758",91411
1201,"$43,750",93954
1202,"$43,750",96119
1203,"$43,707",91605
1204,"$43,703",92264
1205,"$43,657",96002
1206,"$43,638",92225
1207,"$43,594",95459
1208,"$43,564",95446
1209,"$43,526",90280
1210,"$43,442",93662
1211,"$43,430",96027
1212,"$43,372",95204
1213,"$43,355",95736
1214,"$43,345",92308
1215,"$43,333",92070
1216,"$43,322",93609
1217,"$43,295",92066
1218,"$43,295",95589
1219,"$43,264",92250
1220,"$43,244",90019
1221,"$43,170",92234
1222,"$43,165",95991
1223,"$43,092",92335
1224,"$43,036",92372
1225,"$43,036",95601
1226,"$42,984",92553
1227,"$42,968",90247
1228,"$42,857",96142
1229,"$42,844",93710
1230,"$42,835",93535
1231,"$42,829",95457
1232,"$42,828",92115
1233,"$42,807",93905
1234,"$42,778",95945
1235,"$42,753",90221
1236,"$42,711",92227
1237,"$42,708",95039
1238,"$42,698",92570
1239,"$42,677",95388
1240,"$42,655",95540
1241,"$42,627",96064
1242,"$42,619",96084
1243,"$42,614",95311
1244,"$42,576",95645
1245,"$42,545",95629
1246,"$42,517",92284
1247,"$42,500",94971
1248,"$42,500",95568
1249,"$42,500",96132
1250,"$42,454",93930
1251,"$42,433",96020
1252,"$42,404",95206
1253,"$42,366",95333
1254,"$42,323",92345
1255,"$42,319",95901
1256,"$42,303",93630
1257,"$42,299",95383
1258,"$42,273",93224
1259,"$42,273",95950
1260,"$42,250",93625
1261,"$42,237",93549
1262,"$42,228",95832
1263,"$42,222",93641
1264,"$42,213",95360
1265,"$42,212",92320
1266,"$42,206",92243
1267,"$42,195",91606
1268,"$42,084",92544
1269,"$42,083",93450
1270,"$42,057",90262
1271,"$41,982",95969
1272,"$41,964",92268
1273,"$41,888",95942
1274,"$41,772",96094
1275,"$41,737",93308
1276,"$41,615",95660
1277,"$41,612",94103
1278,"$41,579",93286
1279,"$41,578",90744
1280,"$41,575",92102
1281,"$41,536",92617
1282,"$41,522",96124
1283,"$41,488",93206
1284,"$41,488",93405
1285,"$41,485",91732
1286,"$41,458",95249
1287,"$41,393",95553
1288,"$41,278",92324
1289,"$41,202",92315
1290,"$41,187",90302
1291,"$41,136",95531
1292,"$41,103",95328
1293,"$41,051",92507
1294,"$41,042",95345
1295,"$41,042",96076
1296,"$41,016",96101
1297,"$40,962",94603
1298,"$40,930",91733
1299,"$40,903",95348
1300,"$40,897",92236
1301,"$40,833",93263
1302,"$40,826",94590
1303,"$40,807",90303
1304,"$40,781",96028
1305,"$40,775",95966
1306,"$40,753",95215
1307,"$40,747",96055
1308,"$40,732",95322
1309,"$40,730",95820
1310,"$40,545",95954
1311,"$40,528",90047
1312,"$40,500",95563
1313,"$40,461",95350
1314,"$40,455",96019
1315,"$40,341",94576
1316,"$40,340",96143
1317,"$40,208",91502
1318,"$40,181",95562
1319,"$40,179",93251
1320,"$40,119",92545
1321,"$40,109",93242
1322,"$40,079",92230
1323,"$40,056",90222
1324,"$40,024",92201
1325,"$40,021",95240
1326,"$39,917",92220
1327,"$39,880",93591
1328,"$39,756",96021
1329,"$39,753",91204
1330,"$39,743",95380
1331,"$39,622",91963
1332,"$39,601",94601
1333,"$39,551",93257
1334,"$39,533",91950
1335,"$39,528",92583
1336,"$39,485",95963
1337,"$39,481",95838
1338,"$39,464",92548
1339,"$39,409",92252
1340,"$39,375",95646
1341,"$39,288",96080
1342,"$39,219",95306
1343,"$39,206",90063
1344,"$39,206",93280
1345,"$39,167",95717
1346,"$39,110",95246
1347,"$39,060",92701
1348,"$39,055",90716
1349,"$39,051",90022
1350,"$39,051",93610
1351,"$39,013",96092
1352,"$39,009",91402
1353,"$38,907",96007
1354,"$38,889",96038
1355,"$38,856",94801
1356,"$38,853",92539
1357,"$38,777",95821
1358,"$38,767",92404
1359,"$38,750",94956
1360,"$38,750",95456
1361,"$38,750",95641
1362,"$38,750",96068
1363,"$38,738",90043
1364,"$38,733",93202
1365,"$38,709",92395
1366,"$38,690",95728
1367,"$38,665",93668
1368,"$38,636",95916
1369,"$38,563",95207
1370,"$38,510",95210
1371,"$38,502",93550
1372,"$38,500",96057
1373,"$38,493",90004
1374,"$38,491",95019
1375,"$38,464",95841
1376,"$38,438",96017
1377,"$38,359",93673
1378,"$38,276",95437
1379,"$38,269",93618
1380,"$38,255",95605
1381,"$38,229",92333
1382,"$38,175",95501
1383,"$38,162",91405
1384,"$38,089",96013
1385,"$38,077",94130
1386,"$38,050",90016
1387,"$37,813",90301
1388,"$37,727",96044
1389,"$37,703",95410
1390,"$37,692",95490
1391,"$37,672",95811
1392,"$37,663",95910
1393,"$37,631",95385
1394,"$37,591",92405
1395,"$37,500",95310
1396,"$37,500",95951
1397,"$37,461",95935
1398,"$37,414",91205
1399,"$37,382",95825
1400,"$37,321",95449
1401,"$37,316",92277
1402,"$37,296",95926
1403,"$37,288",94606
1404,"$37,264",95203
1405,"$37,235",96134
1406,"$37,207",93612
1407,"$37,188",92322
1408,"$37,150",92391
1409,"$37,121",90020
1410,"$37,083",95462
1411,"$37,082",90023
1412,"$37,013",90201
1413,"$36,955",91731
1414,"$36,893",92105
1415,"$36,890",93638
1416,"$36,875",94108
1417,"$36,875",96065
1418,"$36,875",96071
1419,"$36,845",94511
1420,"$36,838",92309
1421,"$36,778",90304
1422,"$36,737",92637
1423,"$36,731",95823
1424,"$36,678",95255
1425,"$36,563",95567
1426,"$36,500",92004
1427,"$36,450",90270
1428,"$36,447",96059
1429,"$36,429",96040
1430,"$36,406",93244
1431,"$36,394",92586
1432,"$36,321",93215
1433,"$36,310",96069
1434,"$36,254",95354
1435,"$36,201",95445
1436,"$36,196",95454
1437,"$36,180",90008
1438,"$36,167",95231
1439,"$36,000",95558
1440,"$35,985",90255
1441,"$35,750",95595
1442,"$35,745",92173
1443,"$35,635",93725
1444,"$35,634",95542
1445,"$35,607",95573
1446,"$35,603",92327
1447,"$35,600",93534
1448,"$35,476",95313
1449,"$35,429",93203
1450,"$35,315",92240
1451,"$35,253",90029
1452,"$35,220",95965
1453,"$35,150",93304
1454,"$34,961",93250
1455,"$34,945",96122
1456,"$34,911",95527
1457,"$34,896",92241
1458,"$34,869",93620
1459,"$34,845",95817
1460,"$34,783",92386
1461,"$34,769",93452
1462,"$34,750",92328
1463,"$34,750",93207
1464,"$34,733",92231
1465,"$34,732",95351
1466,"$34,688",96111
1467,"$34,656",90031
1468,"$34,643",95415
1469,"$34,583",95552
1470,"$34,566",90061
1471,"$34,565",93212
1472,"$34,537",92301
1473,"$34,505",93247
1474,"$34,505",93272
1475,"$34,500",95947
1476,"$34,464",96050
1477,"$34,358",93307
1478,"$34,192",94607
1479,"$34,191",96048
1480,"$34,063",92282
1481,"$34,063",95735
1482,"$34,050",90001
1483,"$33,850",90038
1484,"$33,813",93665
1485,"$33,750",92408
1486,"$33,678",90059
1487,"$33,600",93624
1488,"$33,582",92356
1489,"$33,375",92086
1490,"$33,373",95814
1491,"$33,357",95205
1492,"$33,333",96123
1493,"$33,309",95335
1494,"$33,173",95903
1495,"$33,162",93267
1496,"$33,125",92368
1497,"$33,125",95555
1498,"$33,100",95968
1499,"$33,036",95317
1500,"$33,011",93249
1501,"$32,898",93647
1502,"$32,897",93501
1503,"$32,783",93235
1504,"$32,782",95428
1505,"$32,750",93254
1506,"$32,747",92411
1507,"$32,721",96025
1508,"$32,711",95521
1509,"$32,710",92363
1510,"$32,658",93728
1511,"$32,635",93705
1512,"$32,634",96052
1513,"$32,500",96010
1514,"$32,500",96126
1515,"$32,471",93726
1516,"$32,431",95432
1517,"$32,361",95715
1518,"$32,328",92233
1519,"$32,319",95365
1520,"$32,273",93223
1521,"$32,233",95341
1522,"$32,175",93648
1523,"$32,125",93622
1524,"$32,104",90018
1525,"$32,067",90062
1526,"$32,054",92281
1527,"$32,045",92256
1528,"$31,964",95543
1529,"$31,932",95569
1530,"$31,917",96091
1531,"$31,912",93545
1532,"$31,892",95934
1533,"$31,886",93241
1534,"$31,818",93650
1535,"$31,771",93252
1536,"$31,742",90028
1537,"$31,544",93621
1538,"$31,438",95686
1539,"$31,403",90006
1540,"$31,296",92266
1541,"$31,250",93616
1542,"$31,250",96074
1543,"$31,250",96115
1544,"$31,215",90813
1545,"$31,214",90005
1546,"$31,144",93285
1547,"$31,111",93608
1548,"$31,058",96058
1549,"$30,997",94704
1550,"$30,963",93301
1551,"$30,879",94612
1552,"$30,710",96023
1553,"$30,708",93516
1554,"$30,528",94621
1555,"$30,500",96034
1556,"$30,478",93562
1557,"$30,214",90002
1558,"$30,016",90003
1559,"$29,952",96046
1560,"$29,913",95560
1561,"$29,889",90011
1562,"$29,848",93283
1563,"$29,812",93305
1564,"$29,721",95815
1565,"$29,708",95485
1566,"$29,659",96109
1567,"$29,511",92283
1568,"$29,492",90012
1569,"$29,362",92285
1570,"$29,306",96033
1571,"$29,304",93234
1572,"$29,302",93204
1573,"$29,250",95960
1574,"$29,197",93706
1575,"$29,063",95939
1576,"$29,048",96104
1577,"$29,030",93255
1578,"$29,005",93261
1579,"$28,958",94940
1580,"$28,953",90015
1581,"$28,953",96097
1582,"$28,897",95486
1583,"$28,750",96039
1584,"$28,556",94922
1585,"$28,472",95387
1586,"$28,447",95824
1587,"$28,406",93703
1588,"$28,344",90044
1589,"$28,285",93519
1590,"$28,261",96133
1591,"$28,185",92113
1592,"$28,005",93518
1593,"$27,938",93201
1594,"$27,914",93646
1595,"$27,890",92274
1596,"$27,807",93270
1597,"$27,727",96087
1598,"$27,379",95423
1599,"$27,361",93256
1600,"$27,190",90033
1601,"$27,163",92543
1602,"$27,120",92410
1603,"$26,958",93626
1604,"$26,940",90057
1605,"$26,852",92273
1606,"$26,827",96041
1607,"$26,813",93554
1608,"$26,771",96110
1609,"$26,667",92242
1610,"$26,667",95464
1611,"$26,638",90037
1612,"$26,518",95585
1613,"$26,491",92254
1614,"$26,281",95546
1615,"$26,250",95983
1616,"$26,250",96112
1617,"$26,223",93660
1618,"$26,058",95548
1619,"$26,054",93240
1620,"$26,031",93702
1621,"$26,000",93512
1622,"$25,934",95422
1623,"$25,741",93640
1624,"$25,707",92258
1625,"$25,662",96047
1626,"$25,486",93558
1627,"$25,327",93615
1628,"$25,200",95914
1629,"$24,814",95319
1630,"$24,722",95922
1631,"$24,625",96116
1632,"$24,375",93260
1633,"$24,276",93666
1634,"$24,205",96015
1635,"$24,127",94102
1636,"$24,122",93266
1637,"$24,118",93218
1638,"$24,032",91931
1639,"$24,009",93623
1640,"$23,750",95554
1641,"$23,542",96031
1642,"$23,458",93219
1643,"$22,917",93652
1644,"$22,904",95559
1645,"$22,893",95514
1646,"$22,646",90007
1647,"$21,979",95526
1648,"$21,912",92259
1649,"$21,875",96054
1650,"$21,838",96086
1651,"$21,429",95248
1652,"$21,410",95427
1653,"$21,333",94950
1654,"$21,120",90013
1655,"$21,009",90017
1656,"$20,980",95458
1657,"$20,972",96075
1658,"$20,896",93258
1659,"$20,349",93205
1660,"$20,179",95224
1661,"$19,922",95225
1662,"$19,375",92275
1663,"$18,750",96011
1664,"$18,553",93701
1665,"$18,220",92257
1666,"$17,981",91046
1667,"$17,134",90014
1668,"$16,649",92401
1669,"$16,537",95537
1670,"$16,154",93606
1671,"$15,988",90058
1672,"$15,529",95443
1673,"$15,023",95202
1674,"$14,848",92341
1675,"$14,688",96037
1676,"$14,073",95679
1677,"$13,906",93528
1678,"$13,750",95511
1679,"$12,748",90021
1680,"$12,404",96049
1681,"$12,000",92389
1682,"$11,922",93721
1683,"$11,250",93530
1684,"$10,625",90089
1685,"$10,481",95915
1686,"$6,827",93669
