zip,Median_Income_2000,Median_Income_2014,Median_Rent_2000,Median_Rent_2014,Total_Pop_2000,Total_Pop_2014,White_Pop_2000,White_Pop_2014,Outcome
94027,"$200,001","$236,912","$2,001","$2,001",6857,7230,85.5%,81.8%,
92067,"$196,298","$119,939","$2,001","$2,001",7601,9020,92.9%,92.4%,
94028,"$164,479","$180,174","$2,001","$2,001",6595,6720,92.5%,87.0%,
94022,"$145,425","$182,750","$1,684","$2,001",18466,19737,80.1%,68.9%,
94506,"$142,459","$176,241","$2,001","$2,001",19768,21896,77.3%,73.7%,
90077,"$141,527","$172,443","$1,508","$2,001",10465,8328,87.1%,87.3%,
94507,"$139,997","$163,219","$1,426","$2,001",15186,15973,90.4%,89.4%,
95070,"$138,206","$167,386","$1,677","$2,001",30577,31093,67.6%,51.1%,
94024,"$128,853","$167,546","$1,961","$2,001",21479,22573,78.2%,69.8%,
90272,"$122,877","$157,938","$1,691","$2,001",22538,23497,91.4%,89.1%,
95120,"$120,117","$152,721","$1,872","$2,001",37089,37673,70.8%,63.1%,
94563,"$119,832","$166,147","$1,254","$2,001",17944,18284,86.9%,79.8%,
91108,"$119,147","$120,152","$1,906","$2,001",13149,13613,48.4%,44.0%,
90402,"$118,553","$131,607",$977,"$1,849",11492,11503,89.7%,88.1%,
90274,"$117,979","$156,250","$1,489","$2,001",24976,25482,76.8%,69.9%,
95030,"$117,564","$154,107","$1,335","$1,940",13289,13429,88.1%,86.4%,
92861,"$116,658","$150,864",$892,"$2,001",5932,5911,82.2%,73.7%,
92657,"$114,004","$163,486","$1,673","$2,001",5586,9751,82.1%,77.0%,
92679,"$112,998","$149,538","$1,301","$1,956",32267,32822,87.5%,83.4%,
90210,"$112,572","$138,750","$1,307","$2,001",21396,21478,88.3%,86.2%,
92602,"$112,399","$104,149","$2,001","$1,838",2754,23529,46.3%,42.5%,
91011,"$109,802","$152,210","$1,144","$2,001",20187,20671,75.0%,68.3%,
94526,"$109,771","$128,802","$1,560","$2,001",32853,32274,88.3%,85.3%,
95033,"$106,675","$126,397","$1,160","$1,576",10170,9628,92.1%,90.7%,
94920,"$106,492","$132,486","$1,700","$2,001",13048,12583,91.3%,91.5%,
94552,"$105,393","$132,826","$1,204","$2,001",13202,15209,57.8%,46.5%,
94065,"$104,958","$132,462","$1,900","$2,001",10656,11585,62.7%,52.6%,
92887,"$103,926","$126,984","$1,278","$1,817",20876,20071,77.1%,73.0%,
92091,"$103,904","$94,318","$2,001","$2,001",1061,1433,94.9%,92.9%,
94708,"$103,791","$145,610","$1,527","$1,988",10730,11143,83.9%,81.8%,
95138,"$103,389","$145,505","$1,572","$2,001",14785,19136,52.3%,42.8%,
91436,"$102,652","$128,060","$1,260","$2,001",13109,14563,89.9%,87.5%,
94539,"$101,977","$144,152","$1,315","$1,989",46910,51459,41.8%,19.3%,
93108,"$101,575","$125,272","$1,267","$2,001",12737,12119,93.7%,90.9%,
94549,"$101,555","$137,344","$1,065","$1,616",23995,28298,87.1%,83.9%,
95746,"$100,986","$118,919","$1,118","$1,752",20663,23715,90.8%,82.4%,
90265,"$100,857","$124,814","$1,638","$2,001",19614,17660,89.4%,86.1%,
90266,"$100,761","$142,071","$1,359","$1,987",33742,35534,89.0%,82.7%,
94707,"$100,590","$136,331","$1,076","$1,719",11880,12402,83.2%,81.2%,
92625,"$100,080","$125,735","$1,364","$2,001",13407,12572,93.0%,88.0%,
95014,"$100,020","$130,961","$1,657","$2,001",54412,62478,50.0%,31.0%,
93953,"$98,608","$102,396","$2,001","$2,001",4590,4578,91.4%,89.0%,
94556,"$98,525","$133,088","$1,112","$1,862",16501,15505,80.9%,76.5%,
92660,"$98,119","$112,008","$1,424","$2,001",28672,35308,91.5%,85.7%,
94301,"$97,758","$134,907","$1,283","$1,924",16186,16927,84.2%,73.9%,
92014,"$97,029","$114,777","$1,240","$1,905",13938,13525,91.5%,89.6%,
94062,"$96,677","$126,557","$1,125","$1,557",25563,27014,86.9%,83.3%,
94517,"$96,658","$121,367","$1,360","$1,889",14223,12781,87.4%,84.7%,
95135,"$96,078","$128,654","$1,400","$1,825",15791,21349,53.5%,39.5%,
90275,"$95,643","$120,742","$1,500","$2,001",41261,42420,67.3%,61.8%,
94583,"$95,588","$121,948","$1,387","$1,720",44076,35272,77.2%,62.2%,
94127,"$95,313","$131,108","$1,110","$2,001",20624,19356,62.2%,58.3%,
92210,"$95,126","$83,269",$670,$797,3859,4839,96.4%,88.2%,
92130,"$93,929","$131,166","$1,358","$2,001",28187,50280,80.4%,65.5%,
94037,"$93,859","$147,568","$1,473","$1,646",2332,2880,90.0%,92.7%,
91302,"$93,378","$121,715","$1,222","$1,983",23644,25165,87.3%,82.9%,
95032,"$93,118","$120,893","$1,370","$1,772",24427,25898,85.7%,78.5%,
94404,"$92,989","$114,779","$1,622","$2,001",31866,35045,60.7%,46.3%,
94588,"$92,644","$127,684","$1,364","$1,856",28557,31910,76.4%,59.4%,
92673,"$92,073","$125,629","$1,142","$2,001",15280,29875,89.8%,81.6%,
95762,"$91,529","$117,700","$1,238","$1,994",22021,40603,90.5%,81.2%,
94941,"$91,283","$121,209","$1,207","$1,768",28718,30605,89.8%,85.3%,
92131,"$90,811","$119,924","$1,223","$2,001",29279,33868,78.4%,68.5%,
94566,"$90,107","$120,401","$1,101","$1,638",36664,42523,83.7%,70.1%,
94025,"$89,572","$119,095","$1,324","$1,833",39061,40945,74.1%,74.5%,
91377,"$89,561","$117,326","$1,480","$2,001",14809,14512,88.0%,81.8%,
95148,"$89,398","$107,324","$1,504","$2,001",44095,46993,27.8%,21.5%,
94020,"$89,150","$92,356",$831,"$1,539",1610,1483,88.1%,93.5%,
94070,"$89,016","$125,335","$1,188","$1,667",28079,29879,84.8%,79.2%,
94105,"$88,976","$170,656","$1,996","$2,001",2058,6282,70.1%,56.4%,
91301,"$88,725","$109,913","$1,221","$1,965",25302,26439,87.0%,84.8%,
92610,"$88,710","$120,984","$1,209","$1,766",10934,11799,74.4%,70.5%,
90290,"$88,661","$106,750","$1,189","$1,961",5441,6902,90.9%,88.5%,
92808,"$88,329","$110,964","$1,330","$1,861",19612,20137,68.7%,69.3%,
94970,"$88,184","$107,768","$1,220","$2,001",772,495,95.1%,99.0%,
95119,"$87,931","$103,319","$1,379","$1,894",10137,10595,65.2%,59.7%,
94502,"$87,855","$105,480","$1,568","$2,001",13980,13192,53.5%,43.3%,
95131,"$87,486","$108,366","$1,504","$1,868",26384,29660,22.3%,15.8%,
91381,"$87,112","$114,608","$1,098","$1,780",9919,20296,73.1%,66.8%,
91361,"$86,646","$103,306","$1,198","$1,908",18724,20266,90.5%,85.9%,
95139,"$86,515","$98,400","$1,500","$1,654",7006,6632,70.8%,68.4%,
92620,"$86,467","$102,160","$1,165","$1,861",26415,43802,65.0%,42.5%,
92782,"$85,977","$102,755","$1,340","$2,001",17485,22583,66.9%,52.1%,
93908,"$85,488","$113,826",$927,"$1,756",13020,12350,81.0%,86.2%,
94598,"$85,479","$121,337","$1,246","$1,770",26011,26974,82.5%,79.5%,
95054,"$85,124","$116,855","$1,489","$2,001",13013,23914,38.2%,28.9%,
94514,"$85,109","$51,992","$1,287","$1,516",10138,1174,87.4%,95.5%,
91354,"$84,858","$111,098","$1,294","$2,000",17841,29034,82.7%,69.5%,
94087,"$84,856","$122,354","$1,244","$1,701",50051,55229,61.3%,47.5%,
94123,"$84,710","$121,200","$1,281","$1,899",22903,25528,86.5%,83.6%,
95035,"$84,565","$98,899","$1,279","$1,798",62840,69635,31.0%,20.3%,
94555,"$84,442","$114,603","$1,273","$1,808",33863,35654,32.1%,21.0%,
90049,"$84,342","$116,732","$1,148","$1,872",33520,35262,87.5%,85.2%,
91362,"$83,750","$100,747","$1,150","$1,822",33039,35564,85.5%,80.6%,
91105,"$83,737","$108,882","$1,017","$1,958",10245,11373,80.2%,69.9%,
93563,"$83,367","$67,917",$817,$967,406,375,81.3%,62.1%,
95765,"$83,095","$87,100","$1,125","$1,409",15476,36391,86.6%,78.3%,
94402,"$82,796","$115,807","$1,220","$1,610",23373,24306,74.5%,70.4%,
95132,"$82,779","$98,026","$1,387","$1,723",40563,41222,34.0%,21.9%,
94038,"$82,777","$81,622","$1,405","$1,432",3061,3435,80.8%,68.9%,
94019,"$82,735","$103,378","$1,222","$1,760",17923,18382,79.7%,80.9%,
92692,"$82,690","$102,045","$1,105","$1,827",46210,48967,82.8%,81.5%,
94904,"$82,528","$102,237","$1,217","$1,725",11999,12271,92.7%,87.9%,
94306,"$82,314","$111,602","$1,262","$1,925",24484,27094,72.7%,57.9%,
91326,"$82,310","$98,831",$840,"$1,787",28049,36024,65.1%,57.2%,
95037,"$82,258","$95,435","$1,099","$1,631",41690,46834,72.3%,68.0%,
92886,"$82,188","$110,054","$1,143","$1,648",39452,48649,84.4%,76.4%,
94010,"$82,188","$118,125","$1,119","$1,606",40328,42223,75.6%,67.8%,
95134,"$82,072","$114,757","$1,516","$2,001",9643,16811,53.3%,32.9%,
94586,"$81,923","$85,000","$1,330","$1,427",773,984,86.4%,80.4%,
91784,"$81,460","$95,975","$1,189","$2,001",23312,26034,78.9%,75.6%,
90254,"$81,352","$105,029","$1,146","$1,865",18682,19725,89.6%,87.5%,
94002,"$80,973","$105,985","$1,114","$1,586",25548,26679,75.2%,64.0%,
94130,"$80,959","$38,077","$1,809","$1,647",1453,3083,65.3%,37.5%,
91935,"$80,291","$93,092",$692,"$1,504",8742,8426,88.1%,89.8%,
92677,"$80,146","$98,264","$1,208","$1,820",62099,64642,83.5%,77.3%,
95129,"$79,489","$107,493","$1,282","$1,762",37565,40530,49.8%,29.3%,
91364,"$79,414","$93,919","$1,170","$1,810",25985,26975,85.1%,77.1%,
95124,"$79,008","$106,660","$1,207","$1,578",45250,48505,79.8%,70.8%,
91709,"$78,336","$97,609","$1,035","$1,825",66734,76187,56.4%,50.7%,
92676,"$78,269","$84,750","$1,186","$1,562",1839,2033,90.4%,91.9%,
95683,"$78,260","$100,139","$1,289","$1,595",4711,6555,90.2%,82.3%,
94618,"$77,952","$123,575",$935,"$1,517",15420,17007,79.7%,71.0%,
91320,"$77,865","$106,365","$1,213","$1,918",37775,44958,84.7%,77.0%,
92129,"$77,851","$109,267",$975,"$1,697",47217,54664,62.7%,56.7%,
94304,"$77,539","$101,932","$1,948","$2,001",1704,3688,73.1%,70.4%,
94925,"$77,455","$113,279","$1,311","$1,721",9019,9478,87.7%,82.4%,
94568,"$77,122","$113,616","$1,356","$1,881",29633,48097,69.4%,51.5%,
92614,"$76,934","$95,984","$1,358","$1,900",22493,25657,61.6%,57.4%,
94965,"$76,808","$89,715","$1,453","$1,815",11206,11114,78.9%,78.2%,
93021,"$76,796","$99,537","$1,170","$1,720",32978,36407,74.3%,78.6%,
92651,"$76,644","$98,697","$1,093","$1,859",25186,23668,92.1%,90.4%,
94960,"$76,627","$108,295","$1,084","$1,543",16846,15999,92.4%,88.5%,
92662,"$76,381","$82,857","$1,249","$1,952",3120,3018,95.0%,97.8%,
92807,"$76,381","$94,697","$1,199","$1,908",36283,36323,76.0%,76.2%,
92009,"$76,368","$102,212","$1,176","$1,845",43155,43627,88.8%,83.5%,
91915,"$76,346","$99,606","$1,202","$2,001",9270,27290,48.6%,64.4%,
94946,"$76,194","$113,281",$950,"$1,406",589,682,84.9%,91.2%,
94131,"$76,044","$100,114","$1,123","$1,858",27897,28370,69.3%,67.1%,
91208,"$76,034","$88,955",$899,"$1,561",16909,16548,72.9%,76.5%,
91355,"$76,024","$89,596","$1,095","$1,736",24970,33635,86.3%,75.6%,
96141,"$75,863","$57,212",$725,"$1,221",840,669,97.3%,93.7%,
94939,"$75,747","$93,750","$1,403","$1,839",6766,6935,92.3%,88.4%,
94114,"$75,727","$122,970","$1,122","$1,844",30574,32229,82.9%,79.9%,
94547,"$75,707","$100,204","$1,082","$1,554",22460,24622,32.7%,27.1%,
95121,"$75,326","$85,514","$1,348","$1,886",37126,38603,26.5%,31.7%,
92127,"$75,219","$123,459","$1,190","$1,835",20032,41900,76.5%,56.6%,
95123,"$75,188","$90,881","$1,369","$1,810",59621,64602,65.1%,61.2%,
92691,"$75,184","$93,713","$1,177","$1,907",46370,48129,83.6%,81.6%,
94550,"$75,026","$102,952","$1,034","$1,450",75925,48050,82.1%,82.2%,
95136,"$74,908","$87,500","$1,269","$1,721",36924,41852,56.1%,50.9%,
90067,"$74,830","$89,500","$1,605","$2,001",2524,2364,86.2%,83.0%,
92656,"$74,688","$101,292","$1,266","$1,857",41222,51370,77.6%,69.5%,
91350,"$74,616","$97,921",$873,"$1,694",40069,35826,84.3%,74.2%,
92688,"$74,173","$100,694","$1,118","$1,689",42181,45074,79.7%,78.1%,
95066,"$74,159","$108,919","$1,138","$1,670",14561,15095,89.1%,86.2%,
92869,"$74,117","$88,160",$968,"$1,604",37900,37390,71.8%,65.2%,
91307,"$74,072","$98,655","$1,358","$2,001",23622,25597,79.0%,71.6%,
91789,"$73,943","$93,509","$1,103","$1,885",45106,43369,31.7%,26.3%,
91384,"$73,933","$102,273",$864,"$1,266",22173,28949,68.8%,66.0%,
94129,"$73,571","$144,886","$1,736","$2,001",2228,3334,76.4%,84.0%,
95130,"$73,502","$98,990","$1,105","$1,380",13465,14559,66.9%,56.5%,
95630,"$73,240","$100,308",$939,"$1,416",51849,73356,77.9%,70.3%,
91737,"$73,201","$98,407",$953,"$1,583",23075,24759,71.9%,63.7%,
95051,"$73,147","$101,292","$1,293","$1,720",52972,54406,55.1%,43.1%,
95118,"$73,134","$90,984","$1,110","$1,617",31916,31579,72.5%,66.9%,
90703,"$72,906","$90,613","$1,257","$1,963",51542,50069,26.9%,23.5%,
95638,"$72,708","$91,518",$796,$979,1728,2047,90.7%,82.9%,
93065,"$72,384","$94,173","$1,069","$1,738",64785,72273,80.6%,79.0%,
94044,"$72,288","$96,719","$1,247","$1,799",38869,38416,69.1%,63.8%,
90292,"$72,215","$103,319","$1,442","$2,001",18057,21507,83.3%,80.1%,
90056,"$72,193","$76,688",$856,"$1,462",8108,8380,18.3%,12.0%,
91360,"$72,033","$91,617","$1,083","$1,811",42513,44208,84.5%,78.4%,
94587,"$71,863","$82,564","$1,091","$1,513",66457,71675,30.0%,21.2%,
92604,"$71,779","$91,180","$1,216","$1,767",27359,28425,67.8%,60.1%,
92064,"$71,385","$96,297",$909,"$1,476",47957,49079,82.9%,77.3%,
92606,"$71,155","$90,228","$1,368","$1,896",17619,22294,49.6%,44.4%,
94086,"$71,056","$100,215","$1,278","$1,648",63997,47051,47.7%,48.4%,
93924,"$71,053","$92,137",$842,"$1,779",6677,5967,92.5%,91.1%,
92881,"$70,992","$94,196",$810,"$1,574",21903,32817,69.4%,71.3%,
91902,"$70,955","$88,926",$957,"$1,653",17379,19504,69.3%,71.9%,
92649,"$70,779","$86,469","$1,004","$1,678",32292,32976,85.2%,77.7%,
94903,"$70,758","$86,196","$1,217","$1,726",28401,30110,84.6%,77.8%,
92121,"$70,750","$103,598","$1,114","$1,749",4248,4832,66.7%,48.2%,
91739,"$70,461","$100,049",$965,"$1,656",12925,38009,69.3%,57.9%,
92321,"$70,455","$64,612",$800,"$1,387",439,1244,93.4%,85.1%,
94536,"$70,026","$92,107","$1,149","$1,550",66533,70696,56.2%,38.1%,
93012,"$69,939","$93,523","$1,164","$1,837",24928,35366,86.3%,77.4%,
91765,"$69,848","$90,966","$1,007","$1,811",46520,47562,41.8%,34.0%,
92708,"$69,710","$82,005","$1,060","$1,615",54530,57441,64.2%,53.5%,
95672,"$69,662","$92,464",$938,"$2,001",3803,5166,92.2%,82.4%,
92646,"$69,638","$87,110","$1,121","$1,802",56501,55505,83.1%,80.5%,
90278,"$69,614","$104,934",$943,"$1,649",37316,40839,75.1%,71.3%,
92883,"$69,462","$93,917","$1,038","$2,001",13168,31940,74.3%,71.6%,
94560,"$69,350","$86,521","$1,093","$1,570",42471,43635,52.2%,37.9%,
95497,"$69,327","$59,375","$1,375","$1,633",751,983,97.5%,98.7%,
90623,"$69,096","$83,767",$956,"$1,508",15498,15767,43.3%,42.2%,
94040,"$69,087","$101,912","$1,208","$1,683",32132,33958,65.4%,58.3%,
95046,"$69,063","$108,205",$748,"$1,613",5660,6303,67.8%,65.6%,
92075,"$69,057","$90,833","$1,114","$1,887",12170,12437,86.7%,81.3%,
94542,"$69,014","$80,327","$1,111","$1,452",11145,12498,54.0%,43.6%,
94611,"$68,853","$107,577",$799,"$1,222",36508,37225,71.6%,69.3%,
91914,"$68,771","$110,343","$1,375","$2,001",2601,16926,59.6%,52.6%,
95003,"$68,760","$83,902","$1,173","$1,741",24225,24383,89.6%,89.8%,
94043,"$68,721","$100,844","$1,208","$1,689",27821,29280,60.8%,61.3%,
92508,"$68,701","$92,684","$1,042","$1,873",17142,36583,69.7%,66.7%,
92037,"$68,691","$95,306","$1,067","$1,759",42603,39241,82.5%,81.8%,
93460,"$68,682","$91,737",$988,"$1,737",5704,4944,85.5%,86.2%,
95125,"$68,613","$102,479","$1,155","$1,499",46184,54696,75.7%,66.9%,
94513,"$68,515","$89,607",$832,"$1,854",26560,56929,74.1%,75.0%,
92630,"$68,311","$84,785","$1,087","$1,652",59167,59657,76.0%,66.7%,
90277,"$68,263","$99,398","$1,060","$1,762",34174,34546,83.8%,78.7%,
95133,"$68,214","$72,459","$1,000","$1,377",26018,27381,25.2%,23.6%,
95693,"$68,187","$79,121",$781,$917,5886,5943,85.0%,76.1%,
94538,"$68,121","$87,652","$1,206","$1,655",56111,63850,52.1%,32.1%,
94705,"$68,112","$96,537",$770,"$1,350",12443,12790,77.7%,80.5%,
95008,"$68,106","$88,987","$1,175","$1,528",44970,45495,72.7%,69.9%,
93111,"$68,087","$94,933","$1,119","$1,898",16470,17554,81.4%,77.1%,
94030,"$68,067","$92,006","$1,157","$1,779",20334,22203,63.1%,48.3%,
93551,"$68,057","$85,200",$792,"$1,585",34036,50572,70.9%,61.9%,
95758,"$68,026","$70,003",$972,"$1,439",47063,62099,58.2%,45.8%,
94041,"$67,889","$88,810","$1,257","$1,736",13471,13551,65.3%,66.5%,
94523,"$67,824","$81,685",$989,"$1,504",32671,34428,81.9%,76.1%,
94954,"$67,705","$81,980","$1,089","$1,563",35400,36624,82.1%,79.9%,
95004,"$67,697","$67,188",$921,"$1,297",3368,3886,78.4%,85.7%,
92592,"$67,593","$89,541",$910,"$1,709",46167,74558,79.0%,73.7%,
91741,"$67,419","$81,250",$856,"$1,549",24967,25678,86.6%,80.7%,
93923,"$67,315","$98,219","$1,247","$2,001",13108,12954,93.5%,93.8%,
93063,"$67,311","$83,974","$1,038","$1,666",49011,56687,82.8%,77.6%,
94403,"$67,152","$95,189","$1,210","$1,858",37919,40032,68.3%,65.0%,
92663,"$66,978","$86,967","$1,118","$1,772",22123,22772,91.8%,86.8%,
94947,"$66,970","$81,879","$1,145","$1,645",24724,25969,84.1%,82.7%,
91913,"$66,968","$84,741","$1,162","$1,823",12880,43655,58.4%,52.5%,
92845,"$66,830","$89,026","$1,001","$1,473",15864,17202,82.4%,76.1%,
94089,"$66,807","$88,797","$1,366","$1,834",16970,20476,51.1%,48.7%,
92128,"$66,676","$90,298","$1,159","$1,717",42728,49264,78.4%,67.9%,
91701,"$66,668","$76,994",$865,"$1,381",39055,40822,72.9%,75.2%,
91711,"$66,663","$89,508",$787,"$1,345",34715,36484,73.5%,71.2%,
94116,"$66,627","$84,828","$1,171","$1,584",42958,45552,42.7%,38.1%,
92835,"$66,607","$92,397",$997,"$1,388",21144,23378,79.2%,67.0%,
92118,"$66,489","$90,876","$1,024","$2,001",24085,22664,84.4%,90.2%,
92880,"$66,439","$101,303",$744,"$1,978",16990,61187,68.8%,53.6%,
90293,"$66,425","$84,588",$991,"$1,767",11252,11997,79.5%,69.1%,
92518,"$66,161","$68,261","$1,529","$1,823",990,1129,86.4%,80.7%,
94585,"$66,010","$70,721",$870,"$1,495",39260,29205,52.5%,35.8%,
90742,"$65,990","$88,971","$1,154","$1,577",1097,842,90.3%,84.6%,
94510,"$65,959","$89,500",$892,"$1,362",25573,27515,79.1%,73.1%,
94945,"$65,938","$83,638","$1,022","$1,661",16423,17973,84.6%,76.9%,
91024,"$65,862","$90,780",$836,"$1,430",10545,11060,85.7%,75.7%,
95624,"$65,850","$80,233",$758,"$1,467",38521,63131,71.3%,52.5%,
92305,"$65,833","$62,109",$775,"$1,433",289,321,91.0%,82.2%,
93510,"$65,737","$89,403",$943,"$1,806",7813,7289,87.6%,83.4%,
90720,"$65,715","$95,631",$887,"$1,600",21328,22325,82.5%,75.0%,
94005,"$65,658","$80,233",$975,"$1,482",3615,4421,72.6%,52.3%,
95614,"$65,625","$90,903","$1,070","$1,875",3658,4283,95.2%,97.2%,
95650,"$65,327","$84,133",$796,"$1,414",11180,12255,90.2%,93.2%,
95006,"$65,206","$75,510",$950,"$1,434",10506,9162,91.3%,92.4%,
91344,"$64,947","$77,247",$912,"$1,538",48863,53165,66.0%,63.4%,
91214,"$64,843","$89,849",$915,"$1,602",29101,31078,72.5%,64.1%,
94061,"$64,839","$81,907","$1,143","$1,629",35718,37667,76.1%,73.3%,
95005,"$64,813","$69,872",$967,"$1,340",6394,6615,91.7%,91.2%,
92629,"$64,622","$88,384","$1,143","$1,843",27728,26955,86.9%,85.0%,
95020,"$64,611","$82,748",$939,"$1,356",49948,59666,60.3%,70.8%,
94015,"$64,534","$78,564","$1,150","$1,670",63317,62941,29.1%,22.9%,
94521,"$64,485","$84,819",$995,"$1,481",39887,41138,75.5%,70.6%,
95682,"$64,454","$77,416",$769,"$1,147",24721,29972,92.6%,92.5%,
94518,"$64,429","$73,040",$950,"$1,390",27392,26647,74.6%,72.8%,
94596,"$64,389","$78,856","$1,010","$1,429",40916,20778,82.0%,80.1%,
92661,"$64,293","$93,099","$1,006","$1,664",4225,3152,94.2%,89.8%,
94303,"$64,256","$89,464",$956,"$1,634",45483,47159,42.8%,51.0%,
93611,"$64,229","$77,930",$803,"$1,397",46851,48597,82.6%,72.4%,
92648,"$64,156","$85,857",$957,"$1,571",42645,46623,82.1%,79.3%,
96146,"$64,000","$53,250","$1,100",$908,926,823,94.3%,95.8%,
92024,"$63,996","$92,402",$943,"$1,696",47113,49226,86.6%,88.8%,
94117,"$63,983","$103,333","$1,056","$1,773",38738,42638,72.7%,74.3%,
91962,"$63,971","$100,398","$1,042","$1,133",1598,1722,93.7%,93.8%,
94949,"$63,838","$74,009","$1,244","$1,717",13360,16386,82.5%,77.0%,
94561,"$63,777","$77,706",$900,"$1,409",27599,38481,75.5%,68.0%,
95829,"$63,774","$74,530",$935,"$1,594",11380,25786,66.0%,47.4%,
92860,"$63,750","$85,361",$863,"$1,830",22425,27304,82.4%,74.4%,
93605,"$63,750","$82,917",$453,$673,258,201,92.3%,73.1%,
90808,"$63,620","$96,824",$894,"$1,427",37403,39834,81.0%,73.0%,
90732,"$63,614","$84,537",$968,"$1,689",21264,19810,77.6%,74.9%,
90630,"$63,611","$84,051",$923,"$1,613",47334,48844,65.9%,57.9%,
95835,"$63,611","$80,449",$246,"$1,425",834,39073,67.8%,42.8%,
92029,"$63,581","$68,108",$826,"$1,395",17929,19528,82.5%,85.2%,
91001,"$63,543","$85,655",$775,"$1,439",36235,37481,42.2%,58.3%,
91773,"$63,526","$78,501",$896,"$1,502",33865,33869,74.5%,66.4%,
90713,"$63,458","$87,095","$1,010","$1,841",27549,28411,77.5%,66.2%,
92870,"$63,367","$80,037",$899,"$1,541",48166,53474,68.3%,74.3%,
92270,"$63,349","$71,688",$657,"$1,297",12452,17634,92.9%,90.7%,
92823,"$63,266","$124,712","$1,450","$2,001",1404,2960,89.5%,51.9%,
93010,"$63,245","$86,505",$941,"$1,473",42840,43234,78.4%,75.2%,
95492,"$63,161","$81,093",$856,"$1,648",23688,29629,79.2%,76.7%,
95127,"$63,096","$70,692","$1,167","$1,564",60609,64498,42.8%,36.3%,
93066,"$63,043","$75,380",$769,"$1,347",2946,3179,74.4%,72.5%,
92867,"$63,039","$78,072",$885,"$1,481",40914,44569,72.6%,69.9%,
92675,"$62,937","$72,465","$1,009","$1,753",34311,35596,78.4%,71.0%,
95747,"$62,922","$92,678",$822,"$1,394",25410,56415,88.1%,78.3%,
92007,"$62,877","$93,889","$1,076","$1,846",10366,11782,86.3%,90.0%,
94951,"$62,528","$93,389",$749,"$1,287",3764,4812,92.1%,81.1%,
92555,"$62,509","$73,352",$881,"$1,606",12726,40419,62.8%,48.7%,
91901,"$62,452","$81,379",$757,"$1,284",16468,18184,88.1%,88.0%,
92705,"$62,368","$82,675",$880,"$1,382",44110,46163,71.8%,76.9%,
92506,"$62,357","$78,116",$741,"$1,201",42405,45993,76.3%,80.7%,
91207,"$62,347","$88,929",$796,"$1,426",9852,10334,79.0%,79.1%,
91311,"$62,270","$80,279",$890,"$1,417",35317,37769,73.8%,63.6%,
92106,"$62,121","$81,973",$778,"$1,600",18505,19539,89.5%,85.0%,
94066,"$61,939","$81,369","$1,158","$1,685",39546,42100,57.9%,50.8%,
95688,"$61,828","$81,860",$761,"$1,337",32552,35820,79.7%,73.0%,
95376,"$61,800","$62,262",$795,"$1,271",69786,49398,65.5%,64.1%,
93720,"$61,797","$77,092",$802,"$1,327",45075,46153,78.3%,71.7%,
90743,"$61,786","$106,458",$850,"$1,872",170,330,97.7%,80.0%,
94121,"$61,776","$70,220",$984,"$1,522",42473,42043,48.6%,46.2%,
90638,"$61,724","$79,858",$874,"$1,530",47548,49543,64.4%,56.5%,
94118,"$61,609","$82,993","$1,062","$1,667",38939,40102,56.7%,57.7%,
92562,"$61,583","$75,448",$783,"$1,469",36129,63293,82.6%,74.3%,
93312,"$61,583","$93,588",$753,"$1,574",40824,56313,86.1%,79.5%,
94803,"$61,494","$76,232",$863,"$1,298",25392,25998,51.6%,49.2%,
94569,"$61,429","$94,420",$546,$914,168,320,91.7%,100.0%,
94508,"$61,389","$72,411",$780,"$1,037",3631,4118,77.4%,70.3%,
94107,"$61,362","$120,610","$1,050","$2,001",17368,27792,62.4%,59.2%,
91367,"$61,356","$77,152","$1,073","$1,756",36106,42029,82.2%,72.1%,
91351,"$61,349","$70,858",$980,"$1,463",59257,32433,76.2%,71.8%,
90245,"$61,341","$84,004",$882,"$1,555",16033,16839,83.6%,82.4%,
93441,"$61,339","$95,625",$936,"$1,306",1301,1195,90.9%,89.1%,
94080,"$61,289","$78,378","$1,063","$1,525",60592,66002,44.4%,38.1%,
90815,"$61,074","$79,525",$962,"$1,569",38892,40572,75.5%,73.4%,
90212,"$61,039","$84,516","$1,200","$1,902",11347,12415,84.9%,77.9%,
94591,"$61,022","$73,870",$901,"$1,359",51659,54530,39.7%,38.3%,
94930,"$60,971","$93,049","$1,108","$1,564",8476,8756,91.5%,89.5%,
94574,"$60,964","$81,788",$803,"$1,582",9415,9300,83.9%,81.9%,
95722,"$60,868","$76,389",$875,"$1,527",3728,4524,95.6%,93.7%,
94973,"$60,833","$88,750",$994,"$1,242",1434,1831,94.4%,97.1%,
92352,"$60,829","$72,479",$740,$973,9792,6783,90.4%,87.8%,
95122,"$60,817","$57,470","$1,087","$1,449",59822,57564,23.6%,36.2%,
94564,"$60,804","$74,283",$854,"$1,392",16705,18704,53.8%,50.4%,
92624,"$60,797","$71,469","$1,102","$1,761",7445,6450,88.8%,83.8%,
94938,"$60,769","$96,281",$973,"$1,693",813,884,88.2%,85.3%,
90505,"$60,737","$82,313",$989,"$1,534",34855,37381,65.9%,57.7%,
94122,"$60,733","$86,070","$1,071","$1,714",55492,58547,47.2%,42.7%,
94014,"$60,711","$71,668",$936,"$1,469",47451,48536,24.7%,25.1%,
93311,"$60,700","$87,720",$762,"$1,370",20432,44358,73.8%,67.3%,
95663,"$60,560","$124,375",$890,"$1,278",2035,2485,91.1%,87.1%,
90803,"$60,513","$72,025",$826,"$1,357",31349,30805,86.0%,84.4%,
92065,"$60,404","$77,361",$718,"$1,241",33087,36039,86.3%,89.3%,
94553,"$60,402","$76,669",$876,"$1,394",46659,48891,81.0%,77.9%,
95628,"$60,383","$72,739",$749,"$1,109",40739,40767,88.0%,87.2%,
94509,"$60,375","$54,372",$786,"$1,211",90879,63351,65.4%,56.7%,
91750,"$60,366","$76,912",$834,"$1,379",35512,33969,76.8%,75.0%,
91604,"$60,299","$90,528",$919,"$1,675",26137,29072,85.6%,81.6%,
95018,"$60,270","$72,161",$909,"$1,130",8720,7660,86.2%,92.1%,
92612,"$60,257","$67,039","$1,204","$1,888",41051,29325,59.0%,54.5%,
92126,"$60,229","$85,707","$1,025","$1,718",74222,78201,45.5%,37.8%,
95658,"$60,208","$63,604",$741,"$1,180",6095,6261,91.1%,91.8%,
93907,"$60,179","$68,078",$915,"$1,290",22278,21812,67.4%,73.1%,
94572,"$60,082","$68,701",$783,"$1,149",8487,9648,52.7%,50.2%,
94567,"$60,000","$58,643",$890,$850,488,730,85.7%,92.3%,
90064,"$59,923","$86,573",$899,"$1,690",24489,25788,72.3%,71.2%,
94901,"$59,889","$76,909",$985,"$1,424",40221,42027,72.8%,66.3%,
91745,"$59,642","$76,447",$946,"$1,629",53682,55237,41.0%,45.6%,
95864,"$59,570","$83,467",$766,"$1,282",23355,22698,87.3%,79.7%,
90746,"$59,390","$75,031",$905,"$1,681",25561,26738,13.2%,17.0%,
90712,"$59,347","$78,175",$837,"$1,453",30171,32015,65.3%,54.2%,
90603,"$59,328","$87,251",$852,"$1,671",19101,20475,77.8%,68.9%,
93022,"$59,313","$73,433",$942,"$1,421",6495,7069,86.8%,89.7%,
92821,"$59,189","$80,163",$932,"$1,544",34041,37580,76.8%,73.2%,
92124,"$59,164","$80,625","$1,156","$2,001",30187,30196,70.7%,71.9%,
91724,"$59,158","$75,420",$838,"$1,334",25062,25405,66.5%,57.5%,
95843,"$59,151","$64,773",$813,"$1,351",36421,47172,65.5%,64.5%,
93004,"$59,099","$76,027",$817,"$1,505",27379,30417,79.0%,81.1%,
92532,"$59,042","$87,361",$577,"$1,699",4542,21260,77.8%,60.7%,
94060,"$59,006","$60,089",$921,$954,2042,1650,77.9%,88.4%,
95050,"$58,961","$69,341","$1,062","$1,451",36335,37714,61.9%,59.3%,
93035,"$58,874","$83,038","$1,059","$1,773",25321,26966,67.3%,74.8%,
95111,"$58,807","$57,047","$1,042","$1,282",57735,60907,31.5%,45.3%,
91006,"$58,779","$84,021",$861,"$1,521",30010,32392,48.5%,35.6%,
95714,"$58,750","$54,327",$883,$994,333,284,91.0%,100.0%,
92587,"$58,656","$68,620","$1,010","$1,601",13135,16787,88.3%,80.7%,
95661,"$58,606","$72,459",$865,"$1,243",25161,30559,88.5%,83.8%,
95023,"$58,559","$69,678",$765,"$1,278",47505,50625,64.1%,83.8%,
93962,"$58,519","$80,288",$993,$743,398,939,86.4%,97.0%,
95065,"$58,490","$86,031","$1,040","$1,756",8346,8331,85.0%,86.8%,
95233,"$58,472","$50,446",$747,"$1,295",316,591,93.7%,100.0%,
92591,"$58,429","$70,380",$849,"$1,428",25648,39767,79.8%,73.4%,
95452,"$58,421","$78,114",$924,"$1,332",1648,1314,93.0%,93.3%,
94963,"$58,333","$79,485",$805,"$2,001",528,461,85.4%,100.0%,
95002,"$58,304","$73,333",$944,"$1,210",2128,1660,40.8%,63.4%,
92082,"$58,147","$79,348",$638,"$1,036",14559,19825,78.1%,80.8%,
90503,"$58,127","$77,047",$915,"$1,484",41970,45518,57.4%,48.4%,
96161,"$58,113","$75,172",$882,"$1,432",15781,18475,89.2%,95.5%,
95368,"$58,075","$72,939",$696,"$1,390",12464,14474,68.5%,76.4%,
92003,"$58,059","$69,205",$801,"$1,255",3844,4306,82.3%,76.8%,
96140,"$58,000","$72,204",$908,"$1,942",1928,1126,95.2%,100.0%,
95703,"$57,992","$69,750","$1,028","$1,050",1512,1065,91.4%,91.9%,
94546,"$57,976","$75,500",$965,"$1,369",41680,43448,76.6%,64.4%,
92626,"$57,929","$80,132","$1,051","$1,705",48200,51575,71.9%,72.1%,
92377,"$57,922","$80,130","$1,045","$1,721",18499,19750,45.1%,54.6%,
90620,"$57,861","$80,278",$921,"$1,583",44432,45992,59.1%,61.5%,
93105,"$57,780","$81,308","$1,065","$1,645",25756,24967,87.3%,85.1%,
90211,"$57,746","$69,942","$1,095","$1,773",8313,8080,82.9%,81.9%,
94112,"$57,629","$71,505","$1,016","$1,453",73104,83032,28.9%,30.6%,
95117,"$57,626","$67,718","$1,112","$1,493",29903,32074,57.3%,59.7%,
94519,"$57,601","$67,607",$960,"$1,439",18643,19927,77.0%,74.7%,
92647,"$57,528","$74,637",$957,"$1,480",58761,59741,70.2%,71.7%,
92120,"$57,461","$79,895",$886,"$1,435",25553,25365,85.2%,80.3%,
95831,"$57,329","$68,679",$802,"$1,131",42821,41597,48.9%,47.4%,
92313,"$57,303","$64,140",$787,"$1,174",11008,12252,74.2%,70.4%,
94579,"$57,214","$75,481",$944,"$1,463",19802,21842,51.3%,38.8%,
94706,"$57,153","$81,746",$963,"$1,619",15865,20206,64.2%,55.5%,
92672,"$57,110","$75,411",$903,"$1,642",34932,35041,87.1%,80.7%,
94923,"$57,045","$77,305",$850,$636,1769,736,85.8%,98.0%,
95073,"$57,034","$80,133","$1,007","$1,430",9807,10849,86.8%,84.1%,
94545,"$56,973","$71,723","$1,036","$1,431",27295,30936,36.9%,33.2%,
95405,"$56,945","$72,156",$957,"$1,375",22247,21516,88.4%,83.1%,
94952,"$56,934","$75,221",$864,"$1,334",31917,35081,87.6%,82.1%,
93711,"$56,927","$63,934",$680,"$1,077",36269,37630,79.2%,77.1%,
94530,"$56,905","$87,598",$905,"$1,460",23121,24301,58.1%,57.0%,
93109,"$56,898","$99,638","$1,218","$2,001",10966,11031,85.4%,86.1%,
95687,"$56,811","$73,684",$876,"$1,412",63144,65781,69.7%,63.4%,
95017,"$56,750","$67,031",$763,"$1,261",850,654,76.5%,91.6%,
91775,"$56,657","$84,620",$739,"$1,250",23426,25395,47.0%,33.6%,
94111,"$56,569","$103,472","$1,173","$2,001",3335,3477,64.4%,57.4%,
90045,"$56,566","$78,082",$864,"$1,690",39315,41453,61.4%,61.6%,
92019,"$56,486","$74,797",$805,"$1,434",40981,44357,83.4%,78.6%,
91107,"$56,426","$84,761",$791,"$1,396",32360,31828,64.1%,62.0%,
95209,"$56,416","$72,218",$720,"$1,216",30812,41459,56.2%,51.8%,
91791,"$56,216","$70,841",$816,"$1,266",30442,33174,51.0%,43.6%,
95442,"$56,140","$64,712",$810,"$1,267",4089,3154,89.5%,90.0%,
94558,"$55,995","$72,720",$864,"$1,437",63932,67967,82.6%,84.2%,
92119,"$55,973","$70,261",$831,"$1,419",21850,23926,86.6%,83.8%,
92882,"$55,957","$71,793",$768,"$1,245",60281,70188,62.8%,73.9%,
95128,"$55,869","$70,096","$1,049","$1,382",32799,37026,62.2%,57.3%,
95366,"$55,821","$75,300",$632,"$1,057",12627,16734,83.5%,88.6%,
91504,"$55,813","$71,296",$779,"$1,335",25872,25544,68.7%,72.1%,
95819,"$55,811","$87,156",$717,"$1,307",15964,18374,88.0%,85.7%,
95472,"$55,766","$68,804",$805,"$1,268",31246,29408,89.5%,87.6%,
91030,"$55,701","$80,479",$833,"$1,394",23975,25914,60.4%,54.8%,
92865,"$55,512","$85,251",$893,"$1,557",18039,19715,72.6%,70.8%,
90240,"$55,492","$71,939",$770,"$1,351",24891,26287,58.3%,72.9%,
92336,"$55,340","$87,425",$727,"$1,684",54585,91510,43.8%,53.7%,
94602,"$55,321","$68,813",$781,"$1,159",28880,29794,45.1%,46.0%,
91710,"$55,185","$71,825",$766,"$1,318",75314,83042,56.9%,57.3%,
92008,"$55,123","$66,000",$897,"$1,508",35562,26464,84.0%,88.0%,
94401,"$55,112","$72,279","$1,095","$1,591",32484,36838,57.7%,59.0%,
94132,"$55,000","$66,607","$1,126","$1,822",26291,31926,41.9%,38.2%,
90403,"$54,964","$72,366",$888,"$1,699",23556,25116,86.5%,84.7%,
95258,"$54,926","$72,452",$599,"$1,025",4162,3973,81.3%,88.6%,
94115,"$54,879","$85,330","$1,015","$1,630",33115,34556,59.8%,61.8%,
94933,"$54,732","$71,667","$1,075","$1,607",1019,1069,88.9%,75.5%,
92557,"$54,724","$60,655",$789,"$1,337",46197,51871,52.8%,58.7%,
92253,"$54,686","$71,697",$815,"$1,411",23970,38462,78.5%,82.8%,
95633,"$54,643","$70,938",$811,"$1,027",2518,3247,94.7%,91.1%,
94580,"$54,594","$71,177",$933,"$1,444",26237,29311,59.1%,49.3%,
93003,"$54,574","$69,616",$906,"$1,494",46891,51454,80.7%,81.0%,
96145,"$54,545","$68,887",$885,"$1,340",3997,3215,95.6%,95.6%,
95620,"$54,448","$66,291",$711,"$1,154",18510,21005,70.0%,72.8%,
94134,"$54,342","$60,230",$791,"$1,195",40134,40343,18.9%,20.2%,
95662,"$54,316","$65,122",$826,"$1,275",32035,31814,89.5%,89.9%,
93536,"$54,223","$70,724",$649,"$1,290",49303,71313,70.1%,69.1%,
94619,"$54,174","$78,676",$746,"$1,366",24501,24146,33.9%,38.2%,
95330,"$54,140","$63,248",$699,"$1,474",10819,17702,51.6%,50.2%,
95677,"$54,111","$69,583",$818,"$1,291",21505,22808,89.6%,84.4%,
95060,"$54,082","$62,365",$936,"$1,522",43172,47148,79.9%,80.8%,
91792,"$54,074","$66,848",$864,"$1,453",31620,30102,30.4%,27.1%,
95439,"$53,884","$73,542",$771,$971,462,566,75.3%,87.6%,
94589,"$53,881","$56,154",$852,"$1,338",42198,30811,32.7%,37.5%,
92071,"$53,824","$74,393",$832,"$1,358",53502,55362,86.5%,82.9%,
94110,"$53,795","$84,488",$882,"$1,447",74633,71422,52.4%,60.8%,
93251,"$53,750","$40,179",$619,$367,296,229,88.9%,95.2%,
93921,"$53,750","$62,230","$1,125","$1,622",2963,3164,94.3%,87.9%,
94964,"$53,750","$106,333","$1,179",$755,6439,4478,51.3%,25.0%,
95549,"$53,750","$56,607",$592,$928,244,869,95.9%,96.4%,
92056,"$53,676","$63,728",$932,"$1,561",52894,52758,73.6%,72.2%,
91403,"$53,596","$75,334",$932,"$1,563",22079,24353,82.0%,81.2%,
92078,"$53,586","$55,530",$922,"$1,445",6748,45926,81.0%,78.8%,
92879,"$53,451","$62,677",$877,"$1,408",44874,48654,55.6%,68.4%,
96073,"$53,403","$81,328",$950,"$1,776",4930,4502,93.1%,89.3%,
92618,"$53,337","$97,470","$1,314","$2,001",6297,21345,63.9%,51.9%,
93455,"$53,251","$72,212",$855,"$1,559",37352,42513,83.6%,83.6%,
92584,"$53,190","$75,928",$902,"$1,692",14061,46346,84.9%,71.3%,
94922,"$53,125","$28,556",$780,$811,571,492,87.0%,51.0%,
95441,"$53,036","$59,545",$789,"$1,067",2332,1989,66.5%,68.5%,
95412,"$52,955","$51,875",$600,$950,729,352,74.4%,61.9%,
95409,"$52,912","$65,425",$956,"$1,413",25706,25784,89.4%,86.1%,
90068,"$52,890","$73,373",$818,"$1,443",21713,21943,81.5%,77.1%,
92337,"$52,883","$69,966",$785,"$1,429",29845,37844,41.4%,53.0%,
95404,"$52,864","$67,001",$801,"$1,220",35056,40253,82.4%,78.0%,
90601,"$52,800","$70,841",$746,"$1,274",32039,34143,59.4%,55.4%,
94924,"$52,772","$73,621","$1,159","$1,750",1560,1434,91.6%,90.4%,
91740,"$52,696","$67,048",$792,"$1,380",25117,26324,74.3%,74.6%,
91423,"$52,662","$75,671",$888,"$1,484",29370,32130,82.5%,81.5%,
91345,"$52,603","$60,148",$882,"$1,321",17102,18196,52.2%,57.7%,
95426,"$52,500","$66,750",$628,$936,1589,1659,93.0%,90.4%,
93110,"$52,493","$75,915",$940,"$1,463",15751,17321,82.7%,75.7%,
95403,"$52,434","$63,029",$870,"$1,307",40258,44918,77.6%,75.7%,
93465,"$52,376","$83,194",$836,"$1,186",7901,9652,91.3%,86.3%,
94931,"$52,297","$64,625",$885,"$1,280",7916,8570,84.1%,80.3%,
92211,"$52,251","$57,557",$797,"$1,239",19699,24564,90.7%,84.4%,
93532,"$52,222","$54,769",$785,"$1,052",2760,2419,83.0%,93.1%,
92563,"$52,208","$77,105",$783,"$1,680",18303,57605,77.2%,59.3%,
93463,"$52,149","$66,771",$858,"$1,460",7942,8132,89.5%,84.5%,
93013,"$52,052","$68,884",$956,"$1,444",17402,15944,75.9%,80.3%,
92122,"$52,039","$71,307","$1,133","$1,739",34891,44602,74.0%,60.5%,
95346,"$51,969","$49,708",$613,$918,1261,1541,93.0%,82.0%,
94928,"$51,952","$57,484",$904,"$1,295",42542,42668,80.3%,76.1%,
94501,"$51,896","$70,935",$892,"$1,351",58535,62571,57.7%,50.3%,
91040,"$51,894","$70,830",$709,"$1,181",18748,20017,78.5%,82.8%,
91505,"$51,740","$77,679",$825,"$1,512",29235,31133,77.8%,74.9%,
91748,"$51,640","$60,896",$845,"$1,334",46324,47859,28.0%,24.1%,
95389,"$51,500","$45,588",$475,$237,1740,1312,80.6%,89.8%,
91356,"$51,420","$69,148",$796,"$1,246",27407,29847,78.9%,75.2%,
94595,"$51,418","$58,659","$1,132","$1,375",18019,16837,92.6%,84.1%,
95938,"$51,290","$60,750",$564,$941,3519,3936,92.6%,94.4%,
90230,"$51,275","$73,786",$849,"$1,531",31945,33090,53.1%,60.2%,
91007,"$51,255","$72,255",$834,"$1,392",30925,34198,46.6%,29.7%,
90069,"$51,215","$78,607",$898,"$1,570",20395,20426,87.3%,78.3%,
95448,"$51,207","$62,076",$865,"$1,289",17976,17078,81.0%,78.0%,
92251,"$51,008","$76,526",$575,"$1,067",14538,22348,46.9%,67.7%,
95631,"$51,000","$63,901",$704,"$1,268",5703,5910,92.9%,95.5%,
92833,"$50,929","$67,019",$790,"$1,407",46099,53309,53.5%,40.3%,
94577,"$50,888","$64,660",$844,"$1,234",41867,45808,52.7%,43.8%,
96103,"$50,888","$60,268",$600,$780,1837,1357,96.0%,95.1%,
91506,"$50,849","$70,408",$754,"$1,309",18530,18428,76.2%,72.8%,
91790,"$50,825","$66,057",$791,"$1,359",44085,46059,48.2%,39.0%,
95949,"$50,816","$60,459",$905,"$1,387",17909,19640,95.1%,94.2%,
92596,"$50,806","$85,914",$589,"$1,682",4080,26044,81.3%,71.4%,
93023,"$50,709","$64,843",$803,"$1,263",21624,20603,88.2%,90.2%,
94971,"$50,703","$42,500",$642,"$1,424",371,362,89.8%,86.7%,
94956,"$50,673","$38,750",$933,$975,1874,1687,91.6%,68.2%,
90631,"$50,666","$66,553",$786,"$1,306",67353,68899,64.3%,61.3%,
95648,"$50,638","$70,820",$654,"$1,526",15269,48869,82.5%,84.9%,
91010,"$50,634","$60,118",$816,"$1,328",27400,25797,49.5%,51.6%,
90605,"$50,630","$66,706",$776,"$1,279",38180,42103,52.8%,57.0%,
90745,"$50,610","$71,757",$741,"$1,353",55473,57727,29.7%,33.8%,
92382,"$50,608","$66,875",$718,"$1,248",5386,5161,87.9%,90.8%,
95946,"$50,591","$62,180","$1,015","$1,505",9745,10206,94.9%,91.6%,
90504,"$50,587","$75,180",$823,"$1,362",31664,32777,47.1%,40.0%,
92806,"$50,555","$62,828",$867,"$1,503",34387,39616,58.9%,72.4%,
90807,"$50,543","$72,276",$712,"$1,204",31549,33726,55.0%,44.4%,
90405,"$50,540","$78,756",$741,"$1,547",26089,28535,78.5%,78.9%,
94533,"$50,537","$56,973",$773,"$1,152",77666,70634,54.5%,43.5%,
95476,"$50,520","$60,100",$879,"$1,300",34310,38822,86.8%,82.3%,
95219,"$50,396","$75,309",$697,"$1,105",19103,28354,66.1%,58.5%,
95212,"$50,316","$59,965",$506,"$1,558",6934,25244,76.9%,32.5%,
94805,"$50,300","$66,079",$813,"$1,229",13973,14329,47.9%,53.1%,
93940,"$50,274","$67,716",$895,"$1,437",32840,33760,81.4%,79.1%,
96142,"$50,270","$42,857",$780,$976,1282,731,94.0%,92.2%,
93950,"$50,263","$70,230",$960,"$1,447",15436,15365,88.1%,85.7%,
93420,"$50,244","$66,506",$729,"$1,278",24482,30076,88.8%,88.2%,
93432,"$50,236","$53,571",$441,"$2,001",1193,798,91.0%,92.2%,
93444,"$50,231","$61,379",$753,"$1,412",15391,19578,77.9%,84.3%,
93667,"$50,227","$53,385",$651,$924,2627,2089,81.7%,80.6%,
93552,"$50,179","$56,738",$850,"$1,482",25359,42073,50.8%,38.6%,
92595,"$50,129","$61,525",$743,"$1,510",19359,31139,81.7%,70.0%,
91722,"$50,126","$63,740",$853,"$1,377",33803,36352,56.2%,51.0%,
93313,"$50,114","$64,803",$809,"$1,379",25115,43644,64.0%,60.6%,
95126,"$50,113","$72,877","$1,001","$1,432",27021,34618,60.7%,51.6%,
91730,"$50,047","$61,952",$842,"$1,407",51969,66979,58.6%,62.3%,
90035,"$50,014","$75,327",$975,"$1,679",27792,31399,72.0%,71.9%,
91321,"$49,979","$57,654",$856,"$1,338",30727,34576,72.4%,71.1%,
91324,"$49,961","$58,993",$761,"$1,399",25731,29178,59.7%,51.8%,
92704,"$49,923","$59,412",$914,"$1,417",91176,87121,38.3%,53.7%,
92397,"$49,901","$54,000",$761,"$1,137",4247,4616,91.1%,95.7%,
95236,"$49,844","$76,542",$612,$733,3135,3829,80.3%,74.1%,
90604,"$49,836","$65,640",$742,"$1,233",37869,39541,63.2%,65.1%,
91202,"$49,818","$63,111",$859,"$1,541",21971,23007,68.6%,77.8%,
95665,"$49,784","$48,940",$598,"$1,073",4351,4862,92.1%,93.8%,
93422,"$49,754","$66,014",$701,"$1,145",29532,31899,89.2%,89.5%,
92683,"$49,686","$53,559",$840,"$1,355",88225,91204,45.8%,38.7%,
93427,"$49,677","$62,969",$745,"$1,120",4630,5279,80.8%,76.3%,
92123,"$49,646","$71,911",$946,"$1,786",25217,29240,65.5%,57.6%,
95678,"$49,615","$62,969",$746,"$1,244",30597,41929,82.8%,78.5%,
96062,"$49,583","$61,488",$613,"$1,315",810,1253,95.3%,93.1%,
92567,"$49,513","$55,069",$728,"$1,154",7334,9469,74.7%,78.6%,
92057,"$49,469","$64,976",$910,"$1,601",46881,55618,63.8%,62.7%,
94544,"$49,452","$59,699",$907,"$1,302",72984,76508,41.6%,39.6%,
91761,"$49,430","$61,270",$761,"$1,311",56271,59892,48.1%,57.7%,
92551,"$49,418","$50,449",$907,"$1,363",22963,33050,40.1%,48.0%,
95039,"$49,286","$42,708",$685,"$1,166",891,1545,57.6%,75.9%,
92028,"$49,284","$57,223",$717,"$1,088",42236,48335,76.9%,80.5%,
94063,"$49,279","$54,003",$931,"$1,353",32350,31881,50.3%,65.6%,
95401,"$49,192","$52,813",$847,"$1,250",36120,38604,74.1%,78.4%,
91316,"$49,131","$62,016",$867,"$1,455",27595,28190,83.1%,80.9%,
93906,"$49,124","$55,082",$796,"$1,230",53938,63529,47.2%,68.5%,
92707,"$49,080","$57,038",$879,"$1,466",62627,63595,45.6%,38.3%,
94610,"$49,066","$73,850",$794,"$1,263",29963,29734,53.3%,58.0%,
91306,"$49,064","$60,959",$702,"$1,152",43846,48707,52.8%,43.0%,
95242,"$49,047","$64,355",$752,"$1,167",22071,26187,83.8%,84.5%,
95694,"$49,038","$58,517",$664,$997,8397,9574,71.2%,72.2%,
92139,"$49,032","$59,679",$797,"$1,376",36341,37450,29.0%,43.7%,
92040,"$49,011","$64,787",$738,"$1,167",42267,42323,88.3%,87.5%,
95629,"$48,942","$42,545",$814,$920,832,1002,94.5%,100.0%,
90715,"$48,927","$64,701",$886,"$1,471",20884,20283,39.9%,34.6%,
95524,"$48,917","$69,760",$679,"$1,157",1683,1902,91.0%,91.3%,
91325,"$48,855","$57,883",$765,"$1,305",32300,32823,61.5%,58.3%,
93932,"$48,839","$94,712",$669,"$1,179",527,564,82.2%,99.8%,
95220,"$48,830","$60,899",$655,"$1,311",6310,7501,84.6%,86.3%,
95550,"$48,750","$44,333",$283,$874,147,269,89.1%,93.7%,
91342,"$48,744","$60,899",$743,"$1,313",81970,91701,49.0%,68.5%,
94525,"$48,672","$81,667",$697,"$1,038",3184,3151,85.1%,81.7%,
90502,"$48,601","$62,533",$878,"$1,361",17038,17135,41.1%,36.2%,
95336,"$48,544","$56,885",$715,"$1,200",36728,46433,75.2%,70.9%,
95116,"$48,541","$47,413",$930,"$1,230",51688,52597,30.5%,39.4%,
94541,"$48,523","$57,895",$865,"$1,235",60254,62738,50.4%,50.2%,
94565,"$48,523","$55,865",$842,"$1,292",78813,87395,44.5%,39.8%,
95603,"$48,520","$56,049",$692,"$1,072",24941,28652,92.6%,88.8%,
94599,"$48,452","$66,136",$977,"$1,773",2870,3187,91.8%,89.1%,
92026,"$48,441","$53,820",$806,"$1,272",43426,49981,76.4%,82.1%,
90041,"$48,439","$64,545",$684,"$1,199",27864,28439,48.2%,54.3%,
93925,"$48,295","$60,000",$550,$892,1135,1672,36.5%,96.9%,
95320,"$48,260","$55,599",$545,"$1,040",11454,12739,82.8%,88.1%,
93529,"$48,214","$50,595",$647,$848,612,589,88.9%,90.0%,
95110,"$48,203","$68,693",$909,"$1,491",18180,19239,41.4%,54.8%,
93440,"$48,182","$63,112",$717,$960,1308,1472,83.6%,84.7%,
91304,"$48,052","$58,361",$728,"$1,197",49226,53517,60.9%,49.3%,
92342,"$48,051","$66,775",$822,"$1,421",4936,6303,88.1%,86.4%,
94937,"$48,036","$51,921",$989,"$1,562",995,970,79.5%,91.8%,
91602,"$47,989","$63,544",$817,"$1,438",16978,18315,77.9%,74.5%,
92373,"$47,970","$63,948",$697,"$1,133",31228,34017,80.7%,76.1%,
92780,"$47,961","$64,089",$877,"$1,415",55047,60438,58.5%,55.5%,
95602,"$47,856","$63,721",$749,"$1,007",18184,18498,92.9%,91.1%,
95252,"$47,837","$62,384",$717,"$1,378",11259,14143,88.3%,90.3%,
95625,"$47,813","$75,163",$817,$645,153,200,85.6%,100.0%,
90025,"$47,806","$71,278",$958,"$1,609",41170,45284,66.1%,62.4%,
90036,"$47,746","$71,049","$1,043","$1,818",32885,36425,70.0%,65.6%,
96110,"$47,708","$26,771",$475,$653,116,129,91.4%,98.5%,
95667,"$47,707","$55,710",$696,$984,34138,36639,91.8%,89.7%,
92036,"$47,636","$51,667",$681,$807,3557,2977,91.4%,94.0%,
93103,"$47,625","$67,383",$917,"$1,573",20877,20271,65.4%,66.9%,
95685,"$47,589","$60,648",$726,"$1,076",4606,4278,92.2%,92.0%,
91780,"$47,575","$63,045",$771,"$1,281",32714,35274,48.9%,27.3%,
90024,"$47,573","$59,125","$1,183","$1,862",44141,50117,64.5%,60.7%,
95713,"$47,467","$60,720",$608,"$1,157",8510,9920,93.0%,93.8%,
94605,"$47,288","$57,610",$755,"$1,121",42852,43168,20.4%,27.4%,
92117,"$47,245","$65,319",$865,"$1,379",51203,53205,77.3%,75.6%,
90048,"$47,185","$72,913",$983,"$1,695",21724,22409,86.0%,81.8%,
92840,"$47,153","$61,934",$800,"$1,330",50636,56291,51.2%,49.0%,
95659,"$47,143","$54,444",$618,$761,750,775,84.1%,78.2%,
95993,"$47,099","$64,034",$587,$974,27784,35847,66.6%,62.8%,
95045,"$47,056","$55,250",$787,"$1,300",3401,3969,68.4%,94.2%,
95357,"$47,038","$53,235",$617,"$1,220",13328,11353,71.1%,68.3%,
93561,"$47,031","$60,513",$514,$877,25793,34246,73.8%,89.1%,
95776,"$46,999","$63,750",$695,"$1,112",15017,21827,60.0%,64.5%,
91916,"$46,976","$61,296",$820,"$1,295",1575,1580,91.8%,85.3%,
92841,"$46,892","$53,059",$818,"$1,339",31427,32839,48.2%,46.9%,
95432,"$46,875","$32,431",$800,"$1,292",366,348,95.6%,88.2%,
93546,"$46,858","$65,156",$705,"$1,138",8214,9408,84.2%,85.8%,
91978,"$46,853","$66,483",$947,"$1,612",7843,9812,75.1%,74.6%,
95227,"$46,818","$99,167",$731,$993,717,938,90.4%,63.8%,
95436,"$46,817","$53,368",$791,"$1,282",6201,5582,90.4%,86.5%,
93402,"$46,806","$57,241",$817,"$1,310",14842,14880,88.3%,85.7%,
95382,"$46,804","$64,874",$657,"$1,126",24691,37163,80.2%,79.3%,
91744,"$46,792","$57,789",$739,"$1,259",84950,87096,40.1%,57.4%,
92653,"$46,716","$92,806","$1,141","$1,818",48266,28853,83.3%,68.9%,
95626,"$46,681","$60,579",$820,"$1,370",6178,6335,80.8%,79.1%,
95356,"$46,663","$65,208",$701,"$1,123",26038,32794,76.3%,67.6%,
91106,"$46,617","$72,192",$790,"$1,422",23725,24861,56.6%,60.5%,
93449,"$46,521","$67,500",$845,"$1,563",8562,7789,91.4%,92.1%,
95383,"$46,488","$42,299",$736,$929,4839,3728,93.7%,97.0%,
91016,"$46,468","$72,168",$750,"$1,310",41050,42235,63.1%,60.0%,
93033,"$46,342","$55,210",$767,"$1,262",77785,82263,35.6%,73.1%,
95632,"$46,319","$61,255",$614,"$1,095",24183,30064,73.1%,70.8%,
95601,"$46,250","$43,036",$671,$970,206,161,98.1%,96.9%,
95701,"$46,250","$52,841",$763,"$1,568",732,718,96.6%,98.2%,
92114,"$46,189","$57,287",$717,"$1,204",66837,69305,21.2%,23.4%,
95062,"$46,181","$62,253",$991,"$1,444",36620,36358,80.9%,84.6%,
95709,"$46,179","$70,417",$743,"$1,021",4825,4953,91.7%,91.0%,
93030,"$46,175","$57,860",$730,"$1,274",79717,61215,43.1%,76.5%,
95010,"$46,171","$55,833",$963,"$1,604",9657,9367,85.1%,84.3%,
95977,"$46,141","$48,500",$824,"$1,279",945,1887,91.1%,86.2%,
92627,"$46,138","$57,708",$894,"$1,445",62066,60806,68.1%,60.1%,
90232,"$46,121","$71,316",$826,"$1,470",15175,15353,57.1%,72.2%,
95445,"$46,101","$36,201",$815,$959,1912,1522,90.7%,91.3%,
92027,"$46,077","$53,473",$758,"$1,191",48674,56892,70.1%,78.7%,
90670,"$46,061","$51,935",$743,"$1,263",16263,15594,51.7%,59.2%,
90650,"$46,012","$60,523",$767,"$1,318",103211,106521,44.8%,53.6%,
95363,"$46,006","$53,466",$534,"$1,233",15529,26087,56.6%,72.8%,
92509,"$45,995","$57,286",$650,"$1,154",63997,78221,56.9%,53.1%,
95726,"$45,991","$55,996",$713,"$1,066",8567,8566,93.5%,97.7%,
91977,"$45,917","$60,124",$734,"$1,228",56098,59481,56.6%,70.0%,
91941,"$45,916","$71,661",$719,"$1,232",44651,33474,80.7%,76.8%,
92083,"$45,901","$46,073",$825,"$1,199",62030,36604,64.7%,79.6%,
95670,"$45,897","$55,656",$660,$951,49713,52886,70.9%,65.7%,
93505,"$45,868","$57,731",$529,$856,8311,13232,68.1%,69.3%,
95959,"$45,803","$58,913",$734,"$1,126",17267,17013,93.8%,90.1%,
90291,"$45,769","$81,025",$848,"$1,718",31018,27803,71.5%,80.0%,
92339,"$45,766","$45,147",$751,$921,943,997,76.7%,96.2%,
93015,"$45,732","$56,567",$754,"$1,122",15999,17423,54.6%,75.9%,
93555,"$45,722","$62,533",$498,$849,29762,32967,83.2%,78.3%,
90305,"$45,711","$62,558",$714,"$1,216",13763,15501,4.8%,9.7%,
95608,"$45,693","$55,256",$643,$925,58819,60729,86.0%,79.9%,
95425,"$45,681","$57,400",$735,"$1,130",9196,10699,79.5%,81.3%,
92069,"$45,647","$52,457",$792,"$1,223",52658,47130,67.7%,71.0%,
90039,"$45,615","$67,170",$734,"$1,330",29306,27843,49.4%,55.9%,
92346,"$45,560","$59,995",$612,$984,48227,58845,60.5%,60.0%,
92374,"$45,516","$66,590",$672,"$1,123",36658,40911,66.6%,71.5%,
93541,"$45,500","$53,750",$483,"$1,049",488,651,73.4%,63.6%,
94511,"$45,450","$36,845",$646,"$1,199",2362,2158,90.0%,93.7%,
92706,"$45,435","$58,500",$757,"$1,190",37871,36585,48.9%,40.1%,
95610,"$45,423","$50,536",$710,$989,43716,43572,84.2%,81.7%,
95076,"$45,354","$56,671",$761,"$1,238",81136,84587,52.1%,73.1%,
92866,"$45,307","$62,589",$843,"$1,361",15380,15473,73.4%,68.7%,
92358,"$45,273","$71,000",$582,"$1,146",1077,1127,88.8%,85.8%,
92868,"$45,267","$63,610",$855,"$1,571",23152,27353,61.3%,49.1%,
93428,"$45,243","$63,514",$864,"$1,346",6515,6348,91.3%,91.7%,
93668,"$45,208","$38,665",$385,$950,1114,1215,56.9%,84.4%,
92109,"$45,202","$67,025",$872,"$1,433",46071,45304,87.4%,91.7%,
94571,"$45,142","$61,563",$705,"$1,257",5233,8171,85.9%,77.4%,
95828,"$45,137","$45,439",$722,"$1,108",54862,61490,41.0%,35.9%,
95355,"$45,115","$56,646",$665,"$1,073",47605,59955,78.6%,75.7%,
92831,"$45,102","$57,333",$794,"$1,292",34589,35316,65.2%,63.7%,
95361,"$45,102","$57,652",$583,"$1,025",25369,32544,85.8%,89.2%,
90066,"$45,089","$68,346",$780,"$1,434",55194,58337,60.8%,62.9%,
95064,"$45,054","$60,536",$780,"$1,500",4559,8425,65.9%,61.9%,
95684,"$45,000","$52,292",$730,"$1,112",2951,2980,93.4%,93.9%,
95329,"$44,861","$58,191",$790,"$1,200",1736,2654,88.7%,85.0%,
92503,"$44,829","$55,051",$672,"$1,165",71670,92959,60.4%,58.5%,
94578,"$44,723","$49,095",$838,"$1,171",36565,38629,44.1%,47.0%,
95833,"$44,674","$55,827",$728,"$1,102",31414,39117,52.1%,52.5%,
92325,"$44,647","$47,394",$698,$907,10477,8318,88.1%,86.7%,
95975,"$44,643","$57,969",$671,"$1,312",1595,2072,92.5%,87.6%,
95367,"$44,621","$59,056",$684,"$1,070",16514,24045,67.9%,78.9%,
92061,"$44,615","$68,333",$494,"$1,409",2607,1824,54.7%,62.3%,
95223,"$44,563","$62,056",$626,"$1,042",5142,3042,95.1%,92.9%,
93453,"$44,545","$51,520",$725,"$1,173",2678,3486,90.6%,92.6%,
90701,"$44,500","$60,544",$795,"$1,382",16380,16698,44.2%,39.9%,
95612,"$44,500","$53,194",$421,$817,1401,1045,72.4%,92.1%,
90249,"$44,451","$50,996",$640,"$1,034",26433,27451,28.0%,27.0%,
90606,"$44,440","$63,833",$745,"$1,231",32143,32978,52.9%,50.0%,
93271,"$44,432","$43,913",$629,$743,2313,2278,90.1%,92.0%,
95674,"$44,432","$74,583",$513,"$1,063",929,922,85.2%,80.7%,
95372,"$44,394","$79,457",$754,"$1,139",1518,1969,92.0%,94.0%,
92084,"$44,322","$50,401",$733,"$1,201",44677,48275,68.7%,84.3%,
92371,"$44,322","$50,744",$768,"$1,013",12449,14729,80.8%,85.3%,
94515,"$44,320","$62,182",$733,"$1,151",7370,7314,80.7%,80.7%,
91746,"$44,189","$59,502",$770,"$1,339",30795,29420,44.1%,47.8%,
93614,"$44,161","$50,858",$835,"$1,103",9391,10865,92.0%,90.6%,
95673,"$44,145","$50,854",$666,"$1,189",14007,14773,82.8%,71.2%,
95470,"$44,112","$58,810",$685,"$1,107",5975,6874,84.5%,83.0%,
92832,"$44,037","$58,853",$808,"$1,309",24501,25247,57.8%,59.9%,
93277,"$44,015","$51,056",$579,$937,44737,51849,80.5%,83.6%,
93222,"$43,875","$45,551",$739,"$1,332",1520,1681,90.7%,92.3%,
95326,"$43,867","$54,366",$545,"$1,014",6808,9487,75.3%,86.7%,
93543,"$43,864","$57,588",$743,"$1,452",11184,13578,64.0%,43.7%,
95237,"$43,864","$46,575",$607,"$1,188",3190,2999,78.1%,90.6%,
96148,"$43,859","$52,841",$640,$857,669,781,74.0%,89.8%,
94559,"$43,846","$58,363",$766,"$1,222",26891,27062,78.9%,81.3%,
95337,"$43,813","$66,711",$726,"$1,182",19847,31399,74.0%,69.6%,
91501,"$43,750","$62,500",$827,"$1,442",18096,19829,71.8%,74.4%,
95646,"$43,750","$39,375",$280,$745,123,98,87.8%,60.2%,
94806,"$43,649","$52,173",$791,"$1,184",55719,60101,33.5%,47.9%,
94703,"$43,640","$58,613",$718,"$1,303",19743,21421,50.4%,59.7%,
90241,"$43,557","$56,059",$727,"$1,197",40138,43596,56.0%,60.3%,
95407,"$43,533","$53,652",$817,"$1,266",30868,40657,60.2%,61.1%,
92561,"$43,487","$78,630",$490,$942,1495,1600,85.2%,88.5%,
94109,"$43,444","$63,173",$843,"$1,427",56322,54768,61.5%,59.2%,
96114,"$43,405","$69,688",$580,$856,3089,3315,92.8%,97.0%,
95247,"$43,396","$48,287",$596,"$1,238",4338,4689,94.0%,96.1%,
96087,"$43,393","$27,727",$756,$195,524,525,93.3%,99.4%,
93960,"$43,377","$47,098",$613,"$1,094",13001,27212,34.3%,70.8%,
92260,"$43,299","$50,309",$735,"$1,113",29322,32855,87.0%,84.6%,
95460,"$43,295","$49,470",$594,"$1,029",2223,2338,94.7%,88.8%,
96008,"$43,281","$53,419",$550,$868,894,1128,94.0%,71.8%,
93722,"$43,256","$54,381",$605,"$1,076",60879,80455,57.0%,55.4%,
95695,"$43,237","$52,274",$632,$895,38537,38790,70.2%,75.5%,
95461,"$43,200","$52,143",$677,"$1,073",7771,3318,91.0%,90.8%,
93060,"$43,166","$54,782",$682,"$1,123",32509,33836,56.1%,72.7%,
90248,"$43,125","$51,956",$682,"$1,134",9944,9936,29.9%,31.1%,
93430,"$43,040","$52,329",$709,"$1,308",3212,2735,93.0%,93.3%,
93001,"$43,023","$54,945",$756,"$1,230",32898,32360,74.6%,80.0%,
95466,"$43,015","$50,500",$492,$682,1098,913,72.0%,89.7%,
91910,"$42,970","$54,640",$693,"$1,189",74009,76797,57.1%,71.4%,
92154,"$42,970","$60,162",$740,"$1,331",68764,86740,43.6%,68.6%,
90242,"$42,956","$57,095",$725,"$1,233",42444,43199,48.1%,54.3%,
95669,"$42,955","$64,479",$654,"$1,089",2214,2676,91.6%,95.6%,
95827,"$42,910","$50,528",$762,"$1,123",19599,20294,62.6%,66.6%,
95982,"$42,903","$63,816",$536,$933,3176,3251,85.5%,92.3%,
95834,"$42,890","$56,651",$681,"$1,031",8392,23986,44.7%,40.9%,
93452,"$42,885","$34,769",$695,$820,470,721,79.4%,64.6%,
93602,"$42,885","$59,125",$547,$856,3455,4207,84.8%,86.9%,
91042,"$42,882","$57,640",$663,"$1,147",26738,28126,71.7%,71.4%,
92843,"$42,872","$52,536",$818,"$1,246",43486,44468,37.4%,34.1%,
92111,"$42,774","$55,635",$766,"$1,311",46821,47590,59.7%,63.3%,
92107,"$42,660","$66,825",$768,"$1,320",27956,26947,88.1%,91.2%,
92108,"$42,626","$65,297",$947,"$1,740",11640,19245,75.1%,69.0%,
93292,"$42,622","$51,341",$581,$998,30393,38825,72.3%,81.1%,
95621,"$42,584","$51,827",$747,"$1,118",41629,41474,85.3%,81.9%,
95826,"$42,562","$53,648",$686,$963,38799,38378,67.7%,67.3%,
95681,"$42,543","$44,464",$647,"$1,500",1216,1475,80.5%,89.1%,
95547,"$42,500","$56,081",$541,$933,1196,1347,91.6%,88.8%,
95918,"$42,467","$77,583",$419,"$1,190",1467,1805,91.1%,75.2%,
95228,"$42,466","$61,250",$654,"$1,539",2624,4576,89.8%,94.6%,
93635,"$42,460","$45,056",$552,"$1,066",29120,39439,58.7%,78.0%,
91942,"$42,443","$52,354",$831,"$1,289",24000,39438,83.3%,74.5%,
93446,"$42,309","$64,974",$650,"$1,156",35578,44288,82.3%,82.6%,
90710,"$42,299","$54,630",$642,"$1,058",24640,27550,46.4%,51.5%,
93933,"$42,231","$53,955",$781,"$1,170",21750,22696,49.1%,54.5%,
92655,"$42,218","$45,568",$760,"$1,328",8657,9139,45.6%,38.7%,
92844,"$42,218","$48,345",$848,"$1,385",23465,24314,31.1%,27.1%,
90717,"$42,182","$56,245",$774,"$1,231",21060,21612,65.3%,60.8%,
93901,"$42,177","$49,491",$706,"$1,077",35723,26438,55.9%,80.7%,
93664,"$42,167","$96,563",$455,"$1,092",637,703,97.2%,92.3%,
90501,"$42,117","$59,878",$694,"$1,213",40697,43407,48.2%,41.3%,
95616,"$42,110","$45,332",$763,"$1,195",67407,48106,69.2%,61.1%,
91702,"$42,108","$54,769",$756,"$1,215",57765,60475,51.7%,42.1%,
91723,"$42,100","$60,532",$726,"$1,202",17552,20010,63.6%,50.9%,
90740,"$42,067","$53,677","$1,033","$1,576",24177,24288,88.8%,81.1%,
93426,"$42,045","$57,014",$519,"$1,125",1348,1522,87.3%,88.5%,
95456,"$42,045","$38,750",$634,$683,877,600,94.8%,93.2%,
93560,"$42,029","$56,875",$540,"$1,013",14926,19189,72.2%,66.4%,
93436,"$41,952","$54,980",$658,"$1,010",51736,55176,69.4%,67.8%,
95640,"$41,910","$56,696",$682,"$1,108",9734,10681,65.9%,79.0%,
92804,"$41,887","$52,408",$792,"$1,307",81317,85969,51.6%,48.9%,
91766,"$41,876","$48,896",$661,"$1,179",69968,71851,39.8%,67.2%,
95960,"$41,875","$29,250",$592,"$1,070",554,974,92.4%,83.9%,
91104,"$41,815","$70,811",$705,"$1,274",38449,38421,54.1%,69.4%,
90814,"$41,808","$55,111",$694,"$1,184",19014,18789,67.4%,76.6%,
91343,"$41,786","$55,238",$634,"$1,165",57001,61976,51.3%,53.7%,
92505,"$41,756","$55,947",$707,"$1,216",38442,49064,57.0%,72.3%,
92307,"$41,728","$57,124",$562,$976,31859,38204,77.9%,79.2%,
90621,"$41,716","$56,219",$804,"$1,327",33525,35478,44.5%,53.4%,
93041,"$41,714","$52,371",$811,"$1,492",25617,23998,58.2%,70.0%,
91206,"$41,674","$52,077",$776,"$1,276",31284,33706,64.6%,74.5%,
91706,"$41,621","$51,234",$723,"$1,210",76889,77692,40.2%,35.6%,
91020,"$41,580","$67,652",$768,"$1,328",7515,9249,71.2%,59.6%,
90680,"$41,578","$47,796",$819,"$1,284",29679,30770,50.0%,50.4%,
94804,"$41,573","$49,541",$722,"$1,179",39080,40941,26.7%,39.9%,
93926,"$41,538","$51,044",$659,"$1,210",9019,9128,33.4%,92.6%,
90660,"$41,491","$56,607",$700,"$1,235",63277,63686,49.5%,49.8%,
92345,"$41,423","$42,323",$631,"$1,004",68501,81049,75.2%,76.5%,
92802,"$41,408","$51,365",$786,"$1,283",45074,43743,48.2%,71.6%,
90260,"$41,404","$51,769",$791,"$1,350",33299,35854,43.9%,54.7%,
93955,"$41,386","$52,420",$810,"$1,469",38232,34084,46.3%,56.5%,
93651,"$41,341","$90,179",$375,"$1,038",1309,1569,90.3%,97.5%,
91352,"$41,322","$49,088",$656,"$1,161",46624,46874,49.4%,76.6%,
94305,"$41,313","$51,976",$843,"$1,524",13371,13538,60.6%,59.0%,
93920,"$41,304","$57,670",$846,$906,996,839,87.6%,92.0%,
91803,"$41,303","$56,632",$704,"$1,183",30629,30586,31.6%,26.4%,
91755,"$41,295","$52,517",$723,"$1,283",26925,27305,19.5%,17.1%,
95012,"$41,200","$52,015",$685,$974,8562,10470,43.4%,71.7%,
95973,"$41,111","$56,541",$612,$926,26954,33511,86.5%,86.4%,
93040,"$41,098","$45,877",$586,$895,1449,2037,52.6%,72.2%,
95112,"$41,014","$49,454",$853,"$1,207",52331,57503,43.2%,44.5%,
95634,"$41,004","$59,844",$647,"$1,138",2709,3143,93.1%,93.2%,
94520,"$41,002","$47,656",$800,"$1,191",36174,38743,59.2%,63.9%,
95465,"$40,994","$68,636",$650,"$1,272",1878,2328,91.8%,97.9%,
94133,"$40,990","$53,150",$731,"$1,316",26827,27662,39.6%,41.4%,
95321,"$40,956","$45,947",$671,$850,3663,3461,92.7%,95.7%,
95324,"$40,941","$51,286",$632,$954,7157,7733,77.8%,89.9%,
92328,"$40,938","$34,750",$382,$404,442,281,82.8%,91.1%,
93117,"$40,901","$55,801",$886,"$1,450",49970,55064,73.2%,68.1%,
92359,"$40,820","$53,807",$528,$859,7306,8298,75.5%,74.5%,
93516,"$40,800","$30,708",$468,$710,2231,2271,84.6%,71.6%,
91335,"$40,792","$51,398",$700,"$1,211",68002,77952,57.6%,71.1%,
90602,"$40,695","$47,622",$678,"$1,068",26253,26676,52.3%,50.6%,
92703,"$40,674","$50,047",$815,"$1,335",70003,69890,39.5%,34.5%,
92110,"$40,642","$60,920",$788,"$1,366",24149,28006,81.0%,80.0%,
92504,"$40,583","$57,052",$713,"$1,148",46533,53960,63.7%,77.3%,
95316,"$40,568","$67,639",$582,$916,5496,6733,80.5%,94.9%,
91607,"$40,565","$52,274",$731,"$1,278",27439,29591,74.5%,77.5%,
95315,"$40,505","$44,771",$598,$976,10141,12381,53.5%,57.4%,
95410,"$40,491","$37,703",$867,$677,1035,886,92.4%,89.1%,
95043,"$40,469","$62,500",$538,"$1,134",806,636,80.7%,84.6%,
95627,"$40,459","$57,664",$709,"$1,076",2753,3498,65.8%,69.1%,
96120,"$40,441","$61,157",$691,$743,948,1091,69.4%,72.2%,
95970,"$40,417","$57,639",$452,$692,489,482,82.6%,91.5%,
91340,"$40,398","$55,217",$672,"$1,183",33373,35455,40.8%,67.0%,
95230,"$40,284","$46,250",$381,$403,589,635,76.9%,54.2%,
91754,"$40,267","$56,767",$723,"$1,226",33263,33622,22.8%,20.1%,
93265,"$40,256","$60,587",$453,$438,3527,2892,91.6%,93.1%,
95842,"$40,244","$44,542",$692,$983,31369,31671,70.2%,64.4%,
95962,"$40,238","$59,832",$639,$732,1512,1285,91.3%,97.7%,
91763,"$40,230","$49,056",$666,"$1,101",34437,37432,44.9%,42.3%,
95303,"$40,192","$44,792",$490,$777,798,1019,63.9%,79.2%,
93626,"$40,170","$26,958",$503,"$1,300",1119,813,88.0%,92.4%,
95912,"$40,115","$50,764",$462,$985,4795,4550,59.3%,83.7%,
92021,"$40,103","$50,035",$694,"$1,135",61868,66854,79.9%,80.5%,
92571,"$40,097","$51,116",$726,"$1,407",26355,54825,42.6%,38.5%,
93309,"$40,084","$47,369",$590,$907,58612,60631,70.6%,71.8%,
96150,"$40,076","$47,500",$658,$913,33024,28618,80.9%,78.2%,
93631,"$40,064","$58,381",$533,$788,14077,16844,69.8%,73.4%,
95471,"$40,063","$43,854",$675,"$1,480",296,528,86.2%,96.0%,
91767,"$40,057","$49,206",$644,"$1,118",46614,49027,41.5%,70.1%,
95642,"$40,019","$43,981",$632,$949,6193,6619,93.6%,88.4%,
92407,"$40,018","$51,702",$675,"$1,116",49349,60118,53.2%,61.6%,
91762,"$39,972","$50,707",$665,"$1,155",54243,56148,49.6%,53.8%,
91945,"$39,906","$52,376",$711,"$1,153",24953,26027,59.5%,58.7%,
95446,"$39,906","$43,564",$738,"$1,073",4893,4419,88.4%,87.0%,
90704,"$39,840","$55,882",$802,"$1,339",3696,3952,70.8%,83.7%,
90404,"$39,821","$65,035",$730,"$1,427",19956,21641,63.0%,71.9%,
93424,"$39,792","$77,679",$774,"$1,092",797,853,95.1%,96.6%,
92801,"$39,789","$47,672",$823,"$1,326",60541,63883,48.5%,52.9%,
93535,"$39,747","$42,835",$688,"$1,139",57791,73282,60.8%,64.2%,
93930,"$39,672","$42,454",$640,"$1,043",14464,16843,47.7%,83.6%,
95623,"$39,638","$55,878",$675,"$1,060",4096,4317,93.7%,93.5%,
92805,"$39,609","$54,422",$755,"$1,320",68796,70839,48.8%,79.6%,
92250,"$39,583","$43,264",$492,$755,8058,8461,59.1%,70.8%,
92103,"$39,578","$65,793",$710,"$1,214",30186,31927,85.5%,85.3%,
95619,"$39,575","$60,660",$683,"$1,501",4414,4937,89.1%,92.7%,
95386,"$39,552","$47,868",$538,$883,8303,10066,74.2%,75.9%,
93225,"$39,530","$44,111",$632,$956,4481,5572,88.6%,93.2%,
93437,"$39,444","$61,308",$814,"$1,625",6152,3464,72.3%,65.8%,
95818,"$39,412","$58,272",$503,$811,21298,20135,60.8%,72.0%,
95443,"$39,375","$15,529",$758,$678,159,268,87.4%,100.0%,
90706,"$39,362","$49,360",$704,"$1,177",72878,77455,46.1%,41.1%,
91906,"$39,359","$58,353",$708,$870,3122,3644,73.0%,86.4%,
92530,"$39,344","$49,552",$621,"$1,130",38514,51816,69.1%,59.4%,
95668,"$39,306","$65,938",$513,"$1,200",892,752,85.7%,91.1%,
93451,"$39,301","$54,205",$532,"$1,137",2664,4187,74.6%,73.9%,
94702,"$39,290","$59,628",$685,"$1,219",15629,16868,44.6%,55.7%,
92399,"$39,286","$59,302",$610,"$1,094",41566,54056,85.4%,82.2%,
91331,"$39,225","$51,345",$659,"$1,292",97300,102367,37.0%,62.5%,
95360,"$39,225","$42,213",$530,$956,8485,11756,61.6%,85.2%,
92264,"$39,173","$43,703",$657,$992,18869,19754,84.4%,85.7%,
95692,"$39,167","$62,043",$474,$885,3589,4812,77.8%,74.0%,
91764,"$39,098","$51,060",$745,"$1,273",49461,54078,45.3%,59.2%,
93243,"$39,091","$60,724",$679,$778,1229,1720,76.5%,89.1%,
92354,"$39,086","$63,871",$668,"$1,098",18062,21555,53.3%,47.2%,
95519,"$39,058","$50,051",$597,$997,15918,18496,88.0%,86.1%,
93454,"$39,007","$52,564",$706,"$1,158",30522,37362,74.7%,69.4%,
95358,"$38,993","$49,567",$622,"$1,109",30665,31709,60.2%,68.4%,
96096,"$38,977","$58,889",$488,$725,824,814,91.8%,91.0%,
92234,"$38,964","$43,170",$699,"$1,145",43129,52534,65.6%,75.6%,
92025,"$38,828","$45,433",$690,"$1,122",49273,49734,63.3%,83.6%,
90640,"$38,773","$47,436",$697,"$1,142",62416,63400,46.8%,66.7%,
93675,"$38,768","$63,105",$503,$842,3138,2808,88.3%,83.8%,
93652,"$38,750","$22,917",$375,$767,245,288,55.5%,44.4%,
95318,"$38,750","$102,872",$376,"$1,057",575,601,88.2%,90.0%,
93101,"$38,714","$54,945",$875,"$1,397",31717,32860,65.6%,69.7%,
93306,"$38,711","$52,203",$569,$941,53466,68910,64.5%,71.4%,
93601,"$38,688","$61,466",$571,$634,1957,2457,88.7%,95.3%,
93245,"$38,652","$51,280",$547,$970,30402,37062,60.6%,64.5%,
94709,"$38,613","$59,150",$807,"$1,425",10140,12030,68.2%,62.5%,
92553,"$38,554","$42,984",$684,"$1,160",61203,73803,41.9%,55.1%,
93591,"$38,482","$39,880",$737,"$1,118",6775,6558,61.1%,52.7%,
93927,"$38,445","$52,233",$646,"$1,129",14189,17697,41.4%,72.3%,
95450,"$38,438","$51,389","$1,000",$689,424,228,83.7%,86.8%,
95536,"$38,438","$50,227",$568,$954,2954,3078,91.4%,95.7%,
93445,"$38,408","$50,000",$671,"$1,086",7422,7168,68.7%,75.4%,
95379,"$38,405","$54,792",$588,$918,3970,3837,88.6%,87.3%,
96130,"$38,386","$54,527",$584,$919,19433,21920,79.2%,68.9%,
95019,"$38,378","$38,491",$669,"$1,089",4734,7374,39.3%,61.1%,
96143,"$38,366","$40,340",$688,$985,4802,3855,74.0%,90.0%,
92316,"$38,290","$48,788",$661,"$1,096",25987,31720,52.3%,55.4%,
90065,"$38,271","$52,794",$629,"$1,116",47524,46254,41.9%,47.0%,
91801,"$38,229","$51,225",$727,"$1,232",54381,53792,29.2%,22.9%,
95462,"$38,227","$37,083",$720,$931,1524,1216,91.8%,85.7%,
92392,"$38,199","$56,277",$613,"$1,225",63228,56461,65.1%,68.7%,
91101,"$38,187","$58,365",$744,"$1,374",16809,21098,53.9%,59.3%,
91201,"$38,179","$50,526",$758,"$1,326",23978,22985,65.6%,79.3%,
91776,"$38,085","$48,302",$746,"$1,251",38032,37378,28.9%,17.7%,
92086,"$38,077","$33,375",$572,$968,1185,1335,83.5%,78.3%,
92320,"$38,057","$42,212",$646,"$1,007",7323,8097,89.2%,90.0%,
93224,"$38,056","$42,273",$555,$703,608,429,91.9%,94.6%,
96022,"$38,049","$52,154",$583,"$1,064",12347,17488,90.2%,89.3%,
91911,"$38,010","$48,891",$706,"$1,210",71124,83710,52.6%,76.5%,
95307,"$38,003","$45,631",$597,$974,32874,42470,67.9%,73.1%,
93514,"$37,969","$51,250",$548,$863,13304,14472,82.2%,85.4%,
93433,"$37,930","$49,418",$748,"$1,152",13099,13337,79.8%,81.7%,
95313,"$37,917","$35,476",$475,$708,1501,1006,70.6%,100.0%,
91770,"$37,896","$47,078",$724,"$1,168",61605,63119,27.3%,22.9%,
95301,"$37,831","$48,488",$524,$895,27794,38007,59.2%,63.9%,
95420,"$37,813","$51,618",$588,$868,317,442,88.0%,81.9%,
95322,"$37,766","$40,732",$494,$812,7868,8727,68.8%,89.1%,
91905,"$37,727","$63,722",$525,$629,1496,1370,74.7%,71.0%,
95370,"$37,714","$48,912",$608,$926,25331,26904,93.1%,90.3%,
95350,"$37,671","$40,461",$612,$956,52862,50676,74.4%,77.1%,
95245,"$37,635","$62,424",$594,$987,2714,2064,93.2%,97.2%,
93526,"$37,604","$51,250",$506,$747,723,714,83.0%,76.9%,
92311,"$37,591","$45,889",$514,$763,31273,32831,61.6%,65.8%,
92376,"$37,568","$44,965",$619,"$1,058",75875,85647,37.6%,63.2%,
95564,"$37,500","$53,056",$564,"$1,000",389,500,88.2%,90.2%,
92314,"$37,487","$46,518",$643,"$1,029",9882,10572,90.4%,91.2%,
93550,"$37,484","$38,502",$589,$992,67213,74203,51.1%,35.1%,
93210,"$37,434","$50,290",$460,$744,18033,21303,53.2%,61.4%,
91786,"$37,431","$51,105",$697,"$1,165",48807,52152,62.9%,54.1%,
90046,"$37,398","$56,337",$773,"$1,403",49831,51329,85.8%,80.0%,
93527,"$37,361","$52,123",$474,$968,2196,1914,90.4%,92.4%,
92333,"$37,344","$38,229",$628,"$1,393",409,640,91.2%,100.0%,
95641,"$37,305","$38,750",$568,$815,2004,1732,75.8%,79.3%,
92394,"$37,301","$51,500",$550,"$1,187",12073,34479,57.0%,48.0%,
92203,"$37,250","$68,027",$608,"$1,249",2730,27466,62.8%,70.7%,
90034,"$37,231","$56,743",$809,"$1,402",58199,58968,46.3%,61.0%,
92020,"$37,230","$49,851",$671,"$1,101",55266,58305,73.8%,73.9%,
93067,"$37,227","$75,862","$1,125","$1,150",561,641,93.9%,74.7%,
93230,"$37,224","$53,008",$560,$917,53201,66316,64.6%,79.2%,
91406,"$37,178","$50,381",$679,"$1,130",50041,53528,55.1%,49.1%,
93401,"$37,176","$52,906",$715,"$1,225",27034,27920,86.5%,84.5%,
95666,"$37,175","$53,281",$705,"$1,171",5496,5533,95.3%,90.5%,
95645,"$37,167","$42,576",$508,$814,1776,2110,56.8%,69.9%,
94124,"$37,146","$49,594",$554,$915,33170,35201,9.6%,16.2%,
91752,"$37,110","$62,372",$590,"$1,243",18971,28649,65.4%,57.5%,
92544,"$37,086","$42,084",$570,$965,39254,47136,83.5%,77.3%,
93226,"$37,083","$58,854",$609,"$1,010",280,363,81.8%,97.0%,
93637,"$37,043","$49,121",$601,$975,28431,40101,58.5%,80.0%,
93523,"$37,032","$53,456",$620,"$1,302",7679,3378,73.8%,78.8%,
95690,"$37,026","$56,101",$529,$754,2324,1932,64.8%,85.0%,
95251,"$37,000","$78,558",$570,"$1,178",440,874,96.8%,100.0%,
93221,"$36,989","$48,470",$531,$840,13321,15391,73.3%,88.7%,
90810,"$36,966","$49,087",$607,"$1,051",35637,36736,23.9%,41.8%,
95917,"$36,950","$44,500",$496,$923,3154,3508,79.5%,76.3%,
95971,"$36,938","$51,869",$528,$857,6186,5798,92.1%,88.2%,
93653,"$36,875","$46,121",$565,$838,971,1357,89.9%,87.9%,
95421,"$36,850","$58,289",$675,"$1,120",1569,1537,86.2%,87.8%,
93704,"$36,839","$48,461",$598,$892,26565,26009,70.5%,69.1%,
95222,"$36,794","$51,927",$572,$890,4246,5228,90.3%,94.2%,
90723,"$36,769","$43,784",$720,"$1,179",55305,54813,34.7%,43.1%,
91303,"$36,769","$46,187",$723,"$1,234",23508,27827,50.5%,65.9%,
93657,"$36,732","$49,785",$542,$883,28975,35653,58.5%,66.9%,
92308,"$36,646","$43,345",$585,$990,28805,39953,75.8%,83.4%,
94940,"$36,625","$28,958",$775,"$1,125",394,194,86.3%,93.3%,
95210,"$36,566","$38,510",$627,"$1,015",40594,40820,32.3%,35.4%,
95565,"$36,544","$54,034",$481,"$1,035",1117,1092,89.4%,87.6%,
92536,"$36,528","$44,010",$666,"$1,236",2425,2750,86.4%,89.9%,
94535,"$36,518","$53,389",$799,"$1,772",9966,4543,65.0%,73.0%,
93254,"$36,500","$32,750",$503,$840,793,700,79.6%,77.3%,
90401,"$36,461","$60,802",$720,"$1,552",5201,7035,78.6%,76.9%,
95204,"$36,391","$43,372",$580,$920,30465,29246,64.5%,67.1%,
95469,"$36,354","$49,545",$638,"$1,243",1883,1960,83.8%,90.8%,
96020,"$36,328","$42,433",$529,$932,2645,2246,93.4%,92.9%,
95482,"$36,322","$45,953",$600,$962,30987,33157,77.5%,79.7%,
93517,"$36,281","$60,139",$527,$532,817,796,84.5%,45.1%,
92054,"$36,277","$50,568",$736,"$1,231",98226,42992,62.9%,75.6%,
92239,"$36,250","$55,750",$286,$313,962,428,61.1%,52.8%,
95306,"$36,250","$39,219",$411,$780,984,952,92.6%,85.8%,
96069,"$36,250","$36,310",$525,$765,820,880,90.7%,95.6%,
96051,"$36,219","$45,268",$517,$773,1228,1110,94.4%,87.8%,
92201,"$36,180","$40,024",$616,$954,56296,63915,51.9%,49.0%,
93905,"$36,176","$42,807",$651,"$1,075",58537,60887,37.0%,80.6%,
95987,"$36,146","$55,355",$563,$945,4564,5979,52.6%,87.6%,
92585,"$36,118","$63,413",$612,"$1,367",8674,20148,72.4%,75.1%,
90042,"$36,064","$51,427",$626,"$1,169",64660,61034,40.8%,52.0%,
95310,"$36,058","$37,500",$581,"$1,020",2126,1934,92.5%,94.2%,
91932,"$36,025","$48,117",$689,"$1,194",26655,26257,62.3%,71.2%,
95823,"$36,001","$36,731",$584,$928,72194,73641,31.6%,37.1%,
95323,"$36,000","$55,500",$602,"$1,014",1052,998,83.1%,88.2%,
92324,"$35,984","$41,278",$619,$989,52198,58013,44.1%,60.9%,
92282,"$35,982","$34,063",$570,"$2,001",804,783,78.1%,71.4%,
93562,"$35,952","$30,478",$353,$598,1988,1781,86.6%,89.4%,
96003,"$35,917","$46,497",$596,"$1,016",41463,44398,90.5%,89.0%,
90731,"$35,910","$49,786",$685,"$1,125",58622,62348,58.7%,67.9%,
93461,"$35,903","$59,738",$725,"$1,171",1254,1661,73.0%,87.2%,
95503,"$35,899","$48,681",$605,$956,23557,24900,86.8%,83.0%,
90262,"$35,846","$42,057",$629,"$1,046",69830,70650,33.7%,40.6%,
95206,"$35,835","$42,404",$507,"$1,092",49649,65324,27.2%,35.5%,
95691,"$35,811","$65,769",$551,"$1,037",19040,35929,69.4%,64.3%,
95240,"$35,749","$40,021",$574,$918,45747,47297,69.9%,69.7%,
92549,"$35,746","$60,625",$632,"$1,124",3583,2652,91.7%,95.0%,
95374,"$35,746","$44,000",$645,$985,1943,1847,75.8%,76.1%,
90280,"$35,744","$43,526",$620,$993,96260,95515,41.6%,48.9%,
91768,"$35,733","$47,177",$607,"$1,057",36047,36454,45.5%,43.1%,
94590,"$35,699","$40,826",$665,"$1,039",37214,34859,42.7%,52.6%,
92004,"$35,648","$36,500",$554,$987,2856,2624,80.8%,88.1%,
92372,"$35,551","$43,036",$582,"$1,145",4262,5929,89.6%,96.9%,
95528,"$35,529","$44,554",$554,"$1,152",1068,1273,90.0%,90.6%,
95822,"$35,485","$44,392",$606,"$1,013",44678,42907,39.0%,50.5%,
93644,"$35,455","$44,223",$644,"$1,066",8520,7434,89.4%,93.5%,
95821,"$35,453","$38,777",$545,$826,35408,34439,76.8%,73.1%,
93643,"$35,436","$48,617",$501,$588,3360,2724,77.5%,81.7%,
96034,"$35,417","$30,500",$366,"$1,077",373,285,91.7%,89.8%,
91401,"$35,403","$48,994",$669,"$1,177",40372,40503,60.0%,58.3%,
92116,"$35,401","$54,966",$634,"$1,120",33080,32943,66.2%,76.5%,
93662,"$35,383","$43,442",$520,$820,26211,30700,45.5%,61.0%,
93654,"$35,367","$47,882",$522,$874,25906,31575,54.8%,61.1%,
93609,"$35,351","$43,322",$497,$846,5434,5843,51.4%,47.8%,
95955,"$35,313","$47,031",$494,$824,1137,1384,77.2%,95.9%,
95451,"$35,298","$45,392",$631,"$1,089",9885,12035,85.7%,79.6%,
95816,"$35,282","$53,002",$541,$897,16157,16845,78.3%,79.0%,
93625,"$35,253","$42,250",$424,$806,5616,7068,50.1%,61.7%,
95825,"$35,228","$37,382",$641,$870,30708,31083,67.5%,58.3%,
93638,"$35,221","$36,890",$506,$855,49244,49761,52.0%,84.1%,
90040,"$35,205","$44,531",$603,$875,9798,12830,46.1%,71.1%,
90716,"$35,153","$39,055",$718,"$1,187",14850,14358,38.4%,62.7%,
90047,"$35,142","$40,528",$642,"$1,072",47105,46999,8.4%,16.1%,
90247,"$35,101","$42,968",$700,"$1,104",47741,47374,24.1%,24.1%,
92243,"$35,024","$42,206",$527,$748,43705,48615,48.1%,63.5%,
92335,"$35,008","$43,092",$622,"$1,019",82612,99580,48.2%,55.2%,
94710,"$34,951","$60,952",$634,"$1,286",8149,6439,37.4%,61.8%,
95615,"$34,917","$59,028",$589,"$1,292",695,1090,53.8%,63.0%,
93442,"$34,908","$52,579",$697,"$1,261",10891,10998,89.6%,94.5%,
91103,"$34,824","$59,099",$644,"$1,241",27887,27684,34.5%,54.1%,
95459,"$34,792","$43,594",$500,"$1,063",585,596,76.6%,76.5%,
94603,"$34,755","$40,962",$706,"$1,168",31389,32306,17.0%,30.3%,
90303,"$34,751","$40,807",$642,"$1,119",27773,26453,20.3%,27.2%,
95653,"$34,750","$55,000",$423,"$1,023",824,565,36.5%,42.8%,
93513,"$34,688","$47,833",$559,$948,1816,1584,70.8%,69.5%,
95338,"$34,601","$47,692",$514,$961,10218,11075,89.7%,86.7%,
96001,"$34,560","$46,422",$545,$886,31585,34469,89.8%,85.6%,
92315,"$34,537","$41,202",$581,$944,5435,5236,91.2%,87.6%,
96002,"$34,507","$43,657",$575,$931,30333,33202,87.0%,82.3%,
95317,"$34,479","$33,036",$409,$390,795,1033,65.2%,54.3%,
95249,"$34,418","$41,458",$547,$797,3916,3796,92.1%,81.5%,
96113,"$34,405","$47,644",$555,$971,928,2294,73.6%,44.3%,
94609,"$34,398","$56,378",$697,"$1,143",21093,22059,35.4%,50.9%,
93242,"$34,375","$40,109",$554,$720,2880,3230,58.2%,60.6%,
96084,"$34,375","$42,619",$542,"$1,181",442,530,88.0%,76.6%,
92310,"$34,313","$49,928",$565,"$1,232",9460,9191,56.3%,64.4%,
91411,"$34,266","$43,758",$667,"$1,159",23641,24146,55.4%,72.9%,
92223,"$34,254","$64,738",$496,"$1,085",17716,46719,75.6%,69.5%,
96137,"$34,232","$48,950",$543,$743,4152,3606,92.2%,92.2%,
92386,"$34,219","$34,783",$601,$929,1816,1949,87.4%,98.2%,
95943,"$34,181","$51,908",$571,$777,1436,805,70.3%,99.0%,
91732,"$34,141","$41,485",$700,"$1,124",62659,63849,35.4%,47.9%,
93727,"$34,092","$46,394",$516,$825,54681,73671,48.4%,42.6%,
90043,"$34,069","$38,738",$604,"$1,028",44761,43118,8.4%,16.9%,
93291,"$34,034","$50,833",$551,$887,36711,54899,54.5%,78.1%,
95449,"$34,022","$37,321",$590,$950,1359,1583,59.7%,72.1%,
95951,"$34,012","$37,500",$422,$698,1922,2948,39.9%,80.0%,
90220,"$33,997","$45,474",$612,"$1,070",47303,50222,15.7%,34.4%,
94801,"$33,962","$38,856",$644,"$1,006",28437,29269,30.4%,47.7%,
95841,"$33,918","$38,464",$625,$886,20975,19361,77.2%,71.5%,
95490,"$33,915","$37,692",$580,"$1,008",13463,12905,86.6%,88.3%,
95380,"$33,901","$39,743",$559,$875,40541,41069,68.0%,84.2%,
95932,"$33,893","$46,453",$496,$787,7486,7808,69.3%,72.0%,
95215,"$33,884","$40,753",$614,$928,23778,23764,58.4%,63.3%,
96048,"$33,854","$34,191",$444,$757,725,977,91.7%,95.0%,
93604,"$33,802","$50,455",$660,"$1,286",604,874,93.5%,85.2%,
95437,"$33,793","$38,276",$653,"$1,033",14410,14351,84.4%,85.6%,
92276,"$33,776","$43,917",$636,"$1,243",6241,7921,78.5%,67.3%,
95444,"$33,750","$72,607","$1,033","$1,623",375,774,71.5%,51.0%,
92701,"$33,728","$39,060",$675,"$1,067",58151,52588,42.0%,59.2%,
96088,"$33,675","$47,440",$568,$957,4215,4099,93.1%,81.1%,
93710,"$33,670","$42,844",$563,$879,29327,33114,63.9%,61.6%,
90250,"$33,656","$45,766",$640,"$1,060",93314,95223,32.2%,47.4%,
95945,"$33,629","$42,778",$651,$968,23979,25223,93.5%,92.3%,
93274,"$33,605","$45,591",$534,$909,56097,71430,57.5%,82.7%,
94608,"$33,556","$55,959",$745,"$1,345",24572,26323,24.7%,43.5%,
95554,"$33,542","$23,750",$550,$855,630,325,87.0%,84.6%,
93218,"$33,523","$24,118",$572,$767,812,1009,43.6%,87.3%,
95354,"$33,511","$36,254",$601,$887,27115,24356,69.1%,73.2%,
95327,"$33,503","$44,902",$514,$877,9549,8679,74.4%,72.2%,
93606,"$33,500","$16,154",$400,$720,788,604,11.7%,78.0%,
95348,"$33,473","$40,903",$565,$874,23093,31387,56.9%,58.3%,
90032,"$33,445","$45,208",$609,"$1,090",46942,47309,35.6%,52.4%,
95570,"$33,300","$50,500",$669,$927,2352,2083,88.0%,82.7%,
95415,"$33,214","$34,643",$618,$822,1370,1591,64.7%,80.3%,
95207,"$33,194","$38,563",$606,$871,49958,48748,52.3%,48.8%,
95334,"$33,187","$50,740",$536,$920,12666,16330,40.3%,45.4%,
95991,"$33,182","$43,165",$490,$882,34957,41212,67.6%,71.0%,
94601,"$33,152","$39,601",$630,"$1,006",54857,49990,25.7%,38.8%,
95453,"$33,065","$45,299",$599,$869,11176,10345,86.1%,80.2%,
93308,"$33,035","$41,737",$501,$884,44914,54132,87.1%,85.7%,
92582,"$33,031","$58,262",$621,"$1,343",4444,16200,77.6%,64.2%,
95525,"$32,961","$48,142",$574,$952,1569,1668,86.2%,86.1%,
96067,"$32,933","$46,318",$531,$931,7295,6994,92.8%,92.4%,
93928,"$32,917","$77,250",$800,$965,250,362,72.4%,86.5%,
95903,"$32,917","$33,173",$656,"$1,478",5638,1772,71.8%,69.4%,
96118,"$32,917","$44,250",$465,$950,1802,1590,93.1%,95.3%,
92262,"$32,844","$46,519",$605,$944,24906,26693,74.0%,75.4%,
95660,"$32,826","$41,615",$638,"$1,021",32190,33014,66.0%,65.1%,
92220,"$32,825","$39,917",$563,$975,25848,32793,63.0%,72.3%,
95954,"$32,813","$40,545",$671,$983,11160,12535,94.3%,92.8%,
93202,"$32,773","$38,733",$546,$935,2862,3486,53.5%,56.4%,
90302,"$32,698","$41,187",$698,"$1,092",30770,30219,18.1%,28.0%,
96122,"$32,692","$34,945",$515,$756,4229,4382,88.4%,87.1%,
91733,"$32,644","$40,930",$668,"$1,093",45640,43790,36.2%,63.8%,
95333,"$32,594","$42,366",$456,$671,3255,3064,51.4%,70.2%,
93458,"$32,589","$43,803",$646,"$1,117",43676,56514,45.1%,70.2%,
95988,"$32,586","$48,443",$437,$727,8807,8913,73.8%,83.5%,
95340,"$32,573","$49,688",$477,$804,59285,34745,54.0%,66.9%,
90805,"$32,565","$45,197",$636,"$1,059",91663,94561,29.7%,33.0%,
91402,"$32,496","$39,009",$613,"$1,064",66241,70781,35.8%,47.2%,
92570,"$32,479","$42,698",$597,"$1,036",36802,56766,49.5%,48.1%,
93618,"$32,467","$38,269",$493,$783,24205,29628,54.3%,77.9%,
91203,"$32,350","$44,724",$776,"$1,274",14479,13740,58.0%,72.0%,
91204,"$32,339","$39,753",$677,"$1,166",16997,16292,44.3%,66.6%,
93616,"$32,292","$31,250",$469,$539,1957,2126,45.8%,32.5%,
93624,"$32,284","$33,600",$263,$539,1847,1359,28.8%,55.6%,
94606,"$32,273","$37,288",$665,$996,41872,37001,18.7%,24.7%,
91605,"$32,168","$43,707",$603,"$1,090",57129,56060,45.4%,55.2%,
96107,"$32,165","$52,279",$610,$819,1318,1077,82.6%,94.3%,
96104,"$32,159","$29,048",$424,$627,849,548,90.3%,95.8%,
96080,"$32,095","$39,288",$496,$788,26426,27650,88.6%,87.5%,
90010,"$32,083","$47,308",$590,"$1,637",1943,3792,40.1%,19.7%,
95548,"$31,953","$26,058",$436,$780,1205,1459,63.2%,54.4%,
93268,"$31,938","$46,615",$477,$890,14926,16890,83.1%,88.7%,
96052,"$31,935","$32,634",$560,$873,1837,1652,90.3%,88.6%,
92501,"$31,875","$48,610",$562,$978,18982,22216,56.9%,63.3%,
96063,"$31,875","$52,500",$535,$828,109,222,96.3%,97.8%,
96032,"$31,849","$47,625",$495,$700,2329,2339,89.1%,79.7%,
95969,"$31,826","$41,982",$576,$902,28304,27443,93.5%,93.2%,
90027,"$31,820","$50,316",$647,"$1,219",48715,46025,61.9%,66.5%,
95966,"$31,814","$40,775",$500,$905,28368,30916,81.0%,78.0%,
91606,"$31,806","$42,195",$641,"$1,125",45348,45467,53.2%,58.2%,
95957,"$31,797","$58,438",$436,$758,756,773,86.9%,90.7%,
96028,"$31,797","$40,781",$369,$604,1901,1633,86.8%,87.9%,
92256,"$31,761","$32,045",$566,$854,3485,3631,91.0%,84.2%,
92227,"$31,694","$42,711",$483,$769,23387,26818,53.9%,82.9%,
91601,"$31,671","$47,202",$666,"$1,256",36616,38781,52.5%,66.9%,
95820,"$31,670","$40,730",$608,"$1,026",37021,34529,47.7%,54.3%,
92115,"$31,666","$42,828",$675,"$1,141",56883,61718,56.7%,61.8%,
96024,"$31,635","$44,583",$492,$935,940,1163,90.4%,85.0%,
95569,"$31,607","$31,932",$348,$691,386,277,83.2%,74.4%,
95717,"$31,607","$39,167",$488,"$1,167",405,199,96.1%,87.4%,
95963,"$31,575","$39,485",$481,$710,13700,15018,75.6%,87.7%,
94108,"$31,542","$36,875",$657,"$1,047",13716,13930,36.8%,32.5%,
90019,"$31,501","$43,244",$642,"$1,135",67510,67606,22.9%,37.2%,
90806,"$31,488","$43,785",$593,"$1,037",49641,43140,27.2%,42.1%,
95328,"$31,471","$41,103",$639,$950,2114,4717,58.2%,67.5%,
93610,"$31,437","$39,051",$518,$935,19383,24151,58.8%,72.5%,
92398,"$31,429","$63,750",$426,"$1,054",1191,1165,79.6%,91.1%,
95720,"$31,429","$56,667",$725,$788,167,60,82.6%,100.0%,
92301,"$31,403","$34,537",$476,"$1,048",18973,32667,51.3%,57.1%,
95540,"$31,373","$42,655",$524,$816,12232,13012,88.5%,81.7%,
92365,"$31,338","$55,169",$458,$444,2895,1953,83.7%,83.0%,
96057,"$31,331","$38,500",$501,$831,1582,1332,90.7%,92.3%,
92059,"$31,316","$66,417",$419,$720,1820,1450,40.1%,30.8%,
90221,"$31,310","$42,753",$604,"$1,104",51382,53657,20.4%,41.5%,
90301,"$31,306","$37,813",$667,"$1,063",37507,36714,23.9%,35.0%,
95838,"$31,290","$39,481",$632,$976,34879,35935,41.8%,40.3%,
95551,"$31,284","$45,729",$511,"$1,007",1437,1826,80.8%,85.1%,
93244,"$31,250","$36,406",$558,$567,274,340,86.1%,99.4%,
93252,"$31,250","$31,771",$488,$692,4342,3665,76.3%,80.5%,
96017,"$31,250","$38,438",$558,$778,222,234,86.9%,90.6%,
96027,"$31,250","$43,430",$445,$805,2147,2462,88.7%,90.5%,
93534,"$31,217","$35,600",$610,$929,35104,39120,64.5%,60.8%,
93518,"$31,196","$28,005",$490,"$1,279",1009,986,87.3%,85.5%,
96094,"$31,171","$41,772",$474,$853,5883,6370,82.5%,86.0%,
95968,"$31,168","$33,100",$456,$953,1241,1438,75.8%,62.5%,
92404,"$31,162","$38,767",$550,$936,53634,60501,53.8%,51.4%,
92104,"$31,139","$48,733",$621,"$1,066",47688,44590,56.5%,73.3%,
94103,"$31,131","$41,612",$627,$946,23016,24108,44.9%,45.3%,
92225,"$31,092","$43,638",$488,$688,24641,23509,44.8%,57.8%,
93954,"$31,083","$43,750",$513,"$1,094",507,246,43.0%,73.6%,
96038,"$31,083","$38,889",$425,$892,600,599,90.8%,89.0%,
92545,"$31,065","$40,119",$632,"$1,157",25687,41078,86.0%,74.2%,
95385,"$31,063","$37,631",$139,$517,262,515,58.0%,89.7%,
96093,"$31,056","$44,554",$511,"$1,050",3746,4006,91.4%,84.6%,
95369,"$31,042","$48,510",$429,$803,1153,977,74.9%,70.2%,
92233,"$31,031","$32,328",$459,$746,7855,10460,35.5%,58.2%,
93257,"$30,995","$39,551",$500,$769,65552,75390,54.8%,79.9%,
92273,"$30,962","$26,852",$509,$688,1617,1228,55.0%,89.0%,
91731,"$30,942","$36,955",$651,"$1,005",30206,29209,39.1%,50.7%,
96013,"$30,882","$38,089",$469,$596,4536,3881,88.6%,94.3%,
93434,"$30,864","$45,191",$603,"$1,029",5724,7178,45.6%,71.0%,
95388,"$30,833","$42,677",$476,$831,11455,14410,50.9%,56.2%,
92249,"$30,739","$53,054",$533,$874,3528,7147,35.2%,65.4%,
93656,"$30,727","$45,485",$480,$844,5725,7194,52.2%,40.1%,
96055,"$30,690","$40,747",$471,$805,3740,4097,88.9%,88.5%,
93705,"$30,661","$32,635",$529,$868,35443,38130,51.9%,53.8%,
93612,"$30,646","$37,207",$555,$877,33838,34814,70.5%,67.0%,
93249,"$30,625","$33,011",$438,$619,2501,2698,21.2%,93.3%,
95351,"$30,576","$34,732",$570,$906,47531,48437,48.0%,65.3%,
95345,"$30,536","$41,042",$533,$661,431,448,82.1%,88.0%,
95928,"$30,536","$45,906",$627,$943,32831,36081,81.4%,84.5%,
90270,"$30,480","$36,450",$602,"$1,001",28083,27663,43.0%,80.3%,
90008,"$30,472","$36,180",$623,"$1,032",30840,33012,6.1%,12.2%,
95686,"$30,469","$31,438",$417,$603,1467,965,46.9%,80.8%,
92070,"$30,449","$43,333",$390,$908,1141,1193,66.4%,61.4%,
93553,"$30,417","$48,063",$606,$789,1600,1975,87.8%,78.7%,
96091,"$30,417","$31,917",$411,$805,729,578,90.0%,97.1%,
90255,"$30,375","$35,985",$590,$939,78104,76206,42.1%,69.7%,
92507,"$30,374","$41,051",$633,"$1,105",48645,55156,43.9%,60.3%,
95948,"$30,354","$44,423",$438,$807,9747,10349,69.9%,75.9%,
92539,"$30,338","$38,853",$637,$791,3744,3890,84.9%,83.6%,
95567,"$30,303","$36,563",$663,$760,2003,1854,70.8%,78.8%,
90744,"$30,259","$41,578",$579,"$1,020",53308,58061,36.2%,72.4%,
92405,"$30,217","$37,591",$542,$926,24637,29526,48.5%,58.5%,
90063,"$30,174","$39,206",$585,"$1,014",55666,54353,36.8%,44.6%,
95947,"$30,146","$34,500",$465,$861,2060,1663,86.9%,95.3%,
96128,"$30,139","$70,781",$625,"$1,045",388,758,92.0%,88.7%,
93647,"$30,039","$32,898",$484,$622,9775,11926,35.1%,67.9%,
95953,"$30,030","$46,392",$406,$823,8686,10631,57.2%,67.4%,
90201,"$30,029","$37,013",$662,"$1,089",105275,102515,47.1%,69.9%,
95454,"$30,025","$36,196",$475,$686,2702,2135,82.5%,73.0%,
93405,"$30,016","$41,488",$739,"$1,385",31972,34833,80.1%,76.2%,
96064,"$30,016","$42,627",$481,$793,4582,4762,90.6%,90.9%,
91950,"$29,942","$39,533",$571,$986,62335,61262,38.4%,58.9%,
92284,"$29,924","$42,517",$507,$961,20477,25045,87.9%,80.5%,
95916,"$29,883","$38,636",$496,$714,1276,1291,83.6%,87.4%,
90804,"$29,872","$44,629",$655,"$1,117",43466,40679,38.6%,59.7%,
92277,"$29,781","$37,316",$471,$921,17169,24112,72.8%,73.3%,
93630,"$29,750","$42,303",$476,$812,14047,18990,46.5%,73.6%,
95531,"$29,718","$41,136",$516,$855,23785,24202,80.2%,77.3%,
91405,"$29,657","$38,162",$625,"$1,073",51344,53406,48.9%,42.9%,
96007,"$29,564","$38,907",$517,$797,21400,22942,88.6%,90.8%,
91963,"$29,531","$39,622",$613,$757,899,1043,70.1%,94.0%,
90222,"$29,520","$40,056",$601,"$1,049",29823,32362,18.6%,39.6%,
92278,"$29,509","$59,728",$487,"$1,215",14098,4156,70.2%,79.5%,
93263,"$29,466","$40,833",$446,$747,15172,20204,45.8%,84.7%,
95901,"$29,395","$42,319",$479,$862,38072,32742,67.0%,69.1%,
96097,"$29,392","$28,953",$463,$787,9528,9790,87.5%,80.5%,
95562,"$29,375","$40,181",$491,$734,3267,3435,85.7%,92.1%,
93280,"$29,351","$39,206",$405,$680,22752,27390,35.7%,79.2%,
95457,"$29,250","$42,829",$632,"$1,039",2633,3331,86.5%,81.6%,
96033,"$29,250","$29,306",$642,$829,361,526,93.6%,95.1%,
93725,"$29,244","$35,635",$532,$848,20998,26879,35.4%,32.9%,
91502,"$29,185","$40,208",$676,"$1,255",11500,12605,59.7%,73.8%,
94621,"$29,181","$30,528",$625,"$1,074",30744,32269,16.0%,27.7%,
96059,"$29,167","$36,447",$538,"$1,190",586,711,90.8%,90.2%,
92586,"$29,152","$36,394",$665,"$1,063",18142,19384,89.6%,81.7%,
93204,"$29,152","$29,302",$488,$707,14696,14553,35.9%,56.6%,
93266,"$29,129","$24,122",$445,$647,1721,1465,38.8%,81.3%,
93501,"$29,121","$32,897",$428,$650,4873,5258,70.8%,63.0%,
90016,"$29,079","$38,050",$628,"$1,086",46968,47786,18.4%,28.5%,
95231,"$29,066","$36,167",$428,$987,5087,4961,46.2%,66.9%,
92583,"$29,051","$39,528",$503,$866,21334,31167,67.6%,59.5%,
90304,"$29,036","$36,778",$599,$993,28679,26936,32.1%,40.8%,
96047,"$29,034","$25,662",$480,$889,907,775,86.6%,86.8%,
93622,"$29,007","$32,125",$433,$687,9474,9747,43.9%,80.8%,
93726,"$28,992","$32,471",$492,$814,39135,42618,53.4%,50.5%,
93270,"$28,934","$27,807",$447,$666,5864,5519,43.3%,75.2%,
93450,"$28,929","$42,083",$406,$736,662,814,57.6%,73.7%,
92231,"$28,851","$34,733",$515,$817,27798,39675,46.8%,66.4%,
93267,"$28,837","$33,162",$461,$669,5678,6962,48.6%,89.3%,
95926,"$28,831","$37,296",$555,$887,35803,38276,85.1%,82.8%,
93212,"$28,769","$34,565",$472,$753,23495,25204,32.6%,66.9%,
95468,"$28,750","$44,412",$554,"$1,015",1346,1192,73.1%,71.4%,
95950,"$28,750","$42,273",$505,$676,516,724,67.4%,76.5%,
96056,"$28,750","$44,348",$477,$814,1546,1407,87.0%,96.9%,
90026,"$28,651","$46,435",$582,"$1,094",73671,67986,36.2%,65.4%,
96021,"$28,634","$39,756",$440,$845,13828,16121,77.0%,83.7%,
93304,"$28,613","$35,150",$528,$841,44577,51607,49.2%,62.1%,
92236,"$28,606","$40,897",$470,$890,23159,43037,38.9%,35.7%,
95832,"$28,598","$42,228",$628,"$1,120",9059,11908,21.1%,32.9%,
95203,"$28,453","$37,264",$520,$880,16344,15711,46.0%,57.3%,
96035,"$28,382","$44,028",$487,$952,3351,3604,73.5%,87.1%,
96109,"$28,359","$29,659",$493,$833,1164,731,88.7%,92.2%,
93545,"$28,274","$31,912",$397,$734,1890,2099,77.5%,86.5%,
93666,"$28,250","$24,276",$350,$495,287,683,42.2%,75.8%,
95428,"$28,092","$32,782",$462,$935,2285,2491,48.6%,58.6%,
95560,"$28,074","$29,913",$591,$781,1831,1374,89.3%,86.0%,
95494,"$28,056","$46,319",$444,"$1,174",317,188,74.8%,52.1%,
95542,"$28,049","$35,634",$600,$968,2403,2718,93.4%,89.7%,
93238,"$27,955","$58,012",$546,$861,1871,1575,90.8%,97.4%,
93620,"$27,945","$34,869",$525,$704,9386,10028,64.0%,84.1%,
92173,"$27,943","$35,745",$588,$950,28481,31518,44.6%,84.9%,
96101,"$27,942","$41,016",$440,$771,5092,5260,88.0%,90.1%,
92356,"$27,917","$33,582",$576,$629,5251,6293,84.2%,87.2%,
93215,"$27,912","$36,321",$461,$767,37277,56028,27.4%,68.8%,
93272,"$27,868","$34,505",$509,$836,2931,3438,41.1%,93.8%,
95558,"$27,857","$36,000",$388,$675,291,360,95.9%,88.1%,
92347,"$27,852","$69,702",$463,"$1,008",1915,1554,76.1%,61.1%,
95255,"$27,845","$36,678",$659,$692,2190,1991,87.1%,88.1%,
93276,"$27,750","$45,313",$407,$825,229,176,93.0%,100.0%,
93247,"$27,712","$34,505",$480,$743,15507,18932,48.4%,81.4%,
91205,"$27,701","$37,414",$690,"$1,215",41381,38138,57.7%,75.8%,
96065,"$27,692","$36,875",$308,"$1,024",417,387,79.4%,76.2%,
93223,"$27,613","$32,273",$470,$716,8631,10759,43.4%,84.4%,
93608,"$27,604","$31,111",$418,$853,1746,725,39.5%,77.2%,
95485,"$27,604","$29,708",$478,"$1,158",2334,2508,85.4%,84.7%,
90004,"$27,591","$38,493",$600,"$1,070",67850,63547,33.8%,34.5%,
90022,"$27,471","$39,051",$595,$977,68688,69516,41.4%,68.9%,
95824,"$27,429","$28,447",$574,$874,30568,29781,34.8%,39.4%,
92309,"$27,422","$36,838",$513,$716,885,916,66.4%,62.5%,
95961,"$27,420","$46,441",$489,$890,6435,26979,67.8%,67.1%,
96134,"$27,383","$37,235",$385,$628,2586,2506,74.4%,94.5%,
95423,"$27,382","$27,379",$520,$871,3677,3040,88.3%,89.5%,
92240,"$27,335","$35,315",$511,$928,22779,35878,69.6%,60.7%,
95527,"$27,333","$34,911",$553,$792,467,553,89.7%,98.6%,
93286,"$27,221","$41,579",$384,$723,8852,9942,55.1%,81.7%,
93206,"$26,912","$41,488",$486,$596,2076,2196,39.0%,85.4%,
90062,"$26,901","$32,067",$598,"$1,013",29279,32675,14.5%,16.0%,
90023,"$26,884","$37,082",$606,$960,47468,45886,39.1%,51.6%,
92590,"$26,778","$49,423",$549,$868,3061,3841,69.0%,87.7%,
95573,"$26,763","$35,607",$508,$823,1660,1433,82.2%,79.3%,
95605,"$26,705","$38,255",$495,$830,12747,14326,58.5%,63.4%,
93615,"$26,694","$25,327",$487,$710,5502,5923,38.8%,82.6%,
95914,"$26,667","$25,200",$475,$956,610,555,84.4%,97.1%,
96044,"$26,635","$37,727",$425,$783,1018,1040,88.8%,93.1%,
92241,"$26,554","$34,896",$540,$657,5512,9156,84.7%,69.9%,
92102,"$26,505","$41,575",$591,"$1,069",47123,44893,37.8%,69.9%,
91759,"$26,500","$46,250",$925,"$1,625",35,369,97.1%,98.4%,
93307,"$26,462","$34,358",$492,$873,59179,84184,39.5%,63.3%,
90061,"$26,449","$34,566",$575,"$1,114",24503,28641,14.5%,35.0%,
95556,"$26,439","$48,839",$259,$425,569,655,63.1%,54.4%,
95817,"$26,331","$34,845",$540,$905,14963,14472,44.4%,53.4%,
95979,"$26,250","$47,500",$480,$795,826,685,86.1%,87.5%,
93235,"$26,215","$32,783",$477,$695,4507,4044,47.6%,78.9%,
93703,"$26,116","$28,406",$491,$825,31168,34122,44.7%,42.3%,
95205,"$26,109","$33,357",$530,$873,34120,36928,37.8%,51.3%,
95919,"$26,105","$45,871",$549,$599,1230,1529,91.9%,79.3%,
95501,"$26,088","$38,175",$495,$839,23212,23769,83.3%,78.7%,
93239,"$26,042","$61,319",$472,$712,1793,1950,31.5%,64.0%,
95815,"$25,970","$29,721",$540,$903,25350,25772,53.6%,51.9%,
96019,"$25,876","$40,455",$565,$972,6271,10129,86.8%,87.6%,
90802,"$25,860","$44,984",$555,"$1,048",38419,38816,46.9%,55.8%,
92252,"$25,700","$39,409",$474,$839,8137,9228,88.2%,81.4%,
93728,"$25,670","$32,658",$515,$790,16339,14711,50.3%,67.1%,
92105,"$25,593","$36,893",$570,$974,72994,71334,33.2%,53.7%,
93301,"$25,587","$30,963",$470,$733,12960,11685,62.3%,63.3%,
93234,"$25,521","$29,304",$364,$666,6902,6896,20.6%,50.2%,
92327,"$25,417","$35,603",$414,$447,658,1202,77.5%,35.8%,
95555,"$25,417","$33,125",$508,$660,487,329,81.9%,86.6%,
95526,"$25,385","$21,979",$441,$879,685,237,85.8%,97.9%,
92363,"$25,375","$32,710",$455,$599,5471,5355,75.5%,72.4%,
95458,"$25,345","$20,980",$609,$846,2990,3334,88.2%,74.3%,
90031,"$25,300","$34,656",$570,$996,38409,39333,28.9%,37.5%,
95311,"$25,160","$42,614",$488,$815,2256,2073,91.5%,98.0%,
93241,"$25,147","$31,886",$442,$727,15350,18474,44.6%,79.2%,
93250,"$25,137","$34,961",$460,$800,10780,13925,30.1%,82.7%,
93648,"$25,085","$32,175",$440,$734,12581,16102,35.2%,60.1%,
95464,"$25,000","$26,667",$544,$693,2219,2208,83.4%,82.4%,
95939,"$24,861","$29,063",$204,$707,586,512,65.5%,58.8%,
93673,"$24,844","$38,359",$438,$823,631,910,53.6%,76.0%,
92281,"$24,813","$32,054",$419,$634,2374,1960,55.6%,86.1%,
92274,"$24,760","$27,890",$337,$791,17009,18937,40.4%,40.8%,
95365,"$24,663","$32,319",$422,$645,4145,4796,24.3%,58.7%,
95552,"$24,583","$34,583",$425,$717,257,587,89.9%,83.1%,
93203,"$24,577","$35,429",$397,$796,16202,21784,48.3%,82.9%,
95965,"$24,523","$35,220",$474,$772,17778,20599,78.4%,71.8%,
92368,"$24,519","$33,125",$436,$778,895,1064,71.1%,73.5%,
95922,"$24,500","$24,722",$450,$850,613,595,90.7%,88.4%,
96023,"$24,405","$30,710",$456,$744,1151,1339,85.9%,86.3%,
95521,"$24,346","$32,711",$551,$903,19585,20769,85.2%,83.2%,
93201,"$24,318","$27,938",$435,$616,1048,1173,47.9%,87.7%,
93285,"$24,227","$31,144",$435,$582,2510,2218,93.2%,99.6%,
90020,"$24,208","$37,121",$624,"$1,119",42383,39102,25.6%,25.0%,
90001,"$24,207","$34,050",$568,$975,54481,56314,24.6%,49.9%,
96075,"$24,167","$20,972",$438,$780,417,308,80.1%,76.3%,
93305,"$24,114","$29,812",$475,$790,35623,37871,45.8%,66.9%,
92275,"$24,087","$19,375",$440,$830,796,1413,76.0%,65.3%,
92285,"$23,854","$29,362",$470,$930,2181,2731,90.7%,89.5%,
90011,"$23,851","$29,889",$554,$993,101214,102926,27.9%,29.3%,
92113,"$23,841","$28,185",$561,$962,47417,57580,31.4%,33.7%,
95387,"$23,833","$28,472",$386,$652,897,768,42.6%,93.8%,
93640,"$23,815","$25,741",$448,$663,9160,12140,28.7%,84.8%,
90018,"$23,797","$32,104",$563,$967,47127,48852,16.0%,20.3%,
92408,"$23,785","$33,750",$486,$906,12138,15318,38.1%,44.2%,
92101,"$23,762","$52,314",$550,"$1,282",27494,35893,68.3%,75.4%,
95563,"$23,750","$40,500",$483,$594,647,559,80.7%,89.8%,
93660,"$23,717","$26,223",$353,$444,4311,4621,34.9%,93.1%,
92254,"$23,588","$26,491",$348,$714,8761,12300,31.5%,38.9%,
96025,"$23,583","$32,721",$476,$832,2593,2102,90.1%,88.4%,
96090,"$23,571","$47,679",$490,$857,390,397,78.5%,99.2%,
92410,"$23,538","$27,120",$500,$853,44540,47510,36.6%,49.0%,
92411,"$23,498","$32,747",$494,$992,23144,26364,28.4%,50.4%,
92543,"$23,397","$27,163",$534,$845,29674,34680,76.3%,69.2%,
96041,"$23,349","$26,827",$457,$673,2505,2795,85.3%,89.2%,
90038,"$23,306","$33,850",$581,"$1,036",32557,28798,42.2%,40.2%,
93646,"$23,280","$27,914",$484,$721,8441,10716,36.3%,61.1%,
96011,"$23,250","$18,750",$270,$569,260,155,88.5%,76.1%,
95585,"$23,125","$26,518",$568,$650,303,454,77.9%,81.7%,
96039,"$23,095","$28,750",$414,$655,1277,1206,65.7%,61.9%,
95920,"$22,917","$71,063",$325,$571,291,417,59.1%,96.6%,
90002,"$22,872","$30,214",$560,$968,44584,50098,16.6%,48.4%,
92257,"$22,821","$18,220",$420,$614,2734,1757,73.0%,78.9%,
93219,"$22,735","$23,458",$399,$669,9303,10378,23.0%,80.9%,
93650,"$22,708","$31,818",$536,$951,3257,3767,31.9%,57.7%,
96086,"$22,679","$21,838",$313,$563,324,379,89.5%,78.1%,
92242,"$22,602","$26,667",$484,$585,1545,1235,87.3%,90.8%,
92230,"$22,524","$40,079",$556,"$1,118",2348,3297,70.6%,63.3%,
90033,"$22,429","$27,190",$533,$908,49418,48567,33.5%,55.5%,
92066,"$22,368","$43,295",$700,"$1,338",338,273,90.2%,85.7%,
94102,"$22,351","$24,127",$564,$872,28991,28013,46.0%,43.0%,
90003,"$22,346","$30,016",$572,"$1,064",58187,66913,19.3%,22.4%,
96058,"$22,266","$31,058",$417,$521,811,752,71.9%,87.2%,
93240,"$22,194","$26,054",$515,$827,5550,5667,91.2%,96.2%,
93207,"$22,188","$34,750",$475,$793,210,263,92.4%,95.4%,
90059,"$22,151","$33,678",$500,$899,38123,42470,13.8%,38.2%,
95335,"$22,147","$33,309",$627,$860,674,613,95.0%,95.1%,
92548,"$22,095","$39,464",$588,"$1,026",4276,7020,80.0%,80.1%,
90044,"$22,091","$28,344",$559,$986,87366,88412,17.0%,29.4%,
96050,"$22,083","$34,464",$422,$469,467,408,90.2%,85.1%,
90029,"$22,043","$35,253",$565,$977,41697,40161,38.4%,43.7%,
93261,"$22,011","$29,005",$400,$610,2945,3248,18.5%,61.7%,
90005,"$21,998","$31,214",$547,$939,43014,38638,27.8%,19.6%,
93706,"$21,991","$29,197",$460,$769,35781,39794,29.4%,41.2%,
93283,"$21,932","$29,848",$434,$498,1920,2313,88.4%,82.5%,
90028,"$21,893","$31,742",$600,"$1,137",30562,29994,55.5%,59.9%,
93205,"$21,842","$20,349",$462,$663,1951,2065,91.6%,91.4%,
93256,"$21,781","$27,361",$438,$730,4178,6035,34.7%,83.3%,
93702,"$21,514","$26,031",$469,$780,47997,47850,28.3%,33.9%,
94607,"$21,124","$34,192",$499,$945,21048,24830,11.3%,25.5%,
96010,"$21,000","$32,500",$422,$663,253,187,81.8%,73.8%,
95546,"$20,739","$26,281",$383,$490,3040,3434,14.1%,13.3%,
92283,"$20,719","$29,511",$333,$533,3656,2334,39.0%,38.9%,
90006,"$20,593","$31,403",$530,$940,62765,61419,26.9%,18.1%,
95543,"$20,511","$31,964",$531,"$1,121",514,551,85.8%,85.1%,
95814,"$20,473","$33,373",$464,$790,16598,10076,61.6%,64.5%,
96112,"$20,417","$26,250",$225,$213,214,230,50.0%,59.1%,
90037,"$20,275","$26,638",$537,$959,56691,61536,20.5%,20.1%,
90012,"$20,152","$29,492",$564,"$1,116",30577,30029,20.3%,28.5%,
95422,"$20,072","$25,934",$502,$825,13477,15453,82.6%,72.1%,
94612,"$20,034","$30,879",$529,$905,11700,14500,23.5%,31.9%,
90813,"$20,015","$31,215",$526,$959,63129,60017,25.2%,52.9%,
94704,"$19,750","$30,997",$732,"$1,338",21203,26334,50.5%,48.8%,
90057,"$19,736","$26,940",$505,$872,43986,45747,28.7%,23.2%,
90058,"$18,729","$15,988",$367,$645,3624,2748,30.8%,35.4%,
90015,"$18,533","$28,953",$431,$866,15134,18226,29.6%,31.7%,
95568,"$17,750","$42,500",$408,$850,197,94,69.5%,39.4%,
90007,"$17,644","$22,646",$540,"$1,038",45021,43779,32.1%,28.8%,
95553,"$17,422","$41,393",$530,"$1,083",857,1173,91.8%,92.1%,
94592,"$17,188","$107,660",$973,"$2,001",149,651,42.3%,59.1%,
93621,"$17,063","$31,544",$350,$794,490,307,81.0%,88.6%,
95934,"$16,597","$31,892",$390,$679,172,504,84.3%,60.1%,
90017,"$14,847","$21,009",$387,$848,20689,23719,30.4%,30.6%,
94104,"$14,609","$80,341",$418,$718,374,223,24.9%,57.0%,
93701,"$14,213","$18,553",$424,$688,13844,10788,27.8%,43.4%,
90021,"$13,053","$12,748",$302,$408,3003,2913,26.8%,38.2%,
93721,"$12,742","$11,922",$385,$558,6836,6308,40.6%,35.2%,
92401,"$12,625","$16,649",$411,$765,1768,2104,41.4%,41.2%,
92389,"$12,344","$12,000",$275,$505,99,115,88.9%,100.0%,
95113,"$12,083","$61,500",$421,"$1,666",543,1163,42.7%,40.9%,
95202,"$11,456","$15,023",$385,$567,7070,5409,40.0%,43.7%,
90013,"$8,855","$21,120",$286,$686,9727,10575,27.9%,32.0%,
90014,"$8,633","$17,134",$215,$615,3518,6659,24.7%,49.5%,
95655,"$8,292","$87,738",$280,"$1,448",914,4592,44.0%,54.1%,
